Image Name,PSNR (dB),SSIM
Gurutto_0-0_Gurutto_0-0-Webcam-R-000,17.9366,0.2690
Gurutto_0-0_Gurutto_0-0-Webcam-R-001,17.9546,0.2722
Gurutto_0-0_Gurutto_0-0-Webcam-R-002,17.9688,0.2745
Gurutto_0-0_Gurutto_0-0-Webcam-R-003,17.9381,0.2762
Gurutto_0-0_Gurutto_0-0-Webcam-R-004,17.9362,0.2752
Gurutto_0-0_Gurutto_0-0-Webcam-R-005,17.9613,0.2776
Gurutto_0-0_Gurutto_0-0-Webcam-R-006,17.9630,0.2778
Gurutto_0-0_Gurutto_0-0-Webcam-R-007,17.9193,0.2778
Gurutto_0-0_Gurutto_0-0-Webcam-R-008,17.9250,0.2766
Gurutto_0-0_Gurutto_0-0-Webcam-R-009,17.8824,0.2746
Gurutto_0-0_Gurutto_0-0-Webcam-R-010,17.9588,0.2776
Gurutto_0-0_Gurutto_0-0-Webcam-R-011,17.9639,0.2814
Gurutto_0-0_Gurutto_0-0-Webcam-R-012,17.9647,0.2815
Gurutto_0-0_Gurutto_0-0-Webcam-R-013,17.9166,0.2775
Gurutto_0-0_Gurutto_0-0-Webcam-R-014,17.9364,0.2811
Gurutto_0-0_Gurutto_0-0-Webcam-R-015,17.9454,0.2821
Gurutto_0-0_Gurutto_0-0-Webcam-R-016,17.9312,0.2786
Gurutto_0-0_Gurutto_0-0-Webcam-R-017,17.9463,0.2817
Gurutto_0-0_Gurutto_0-0-Webcam-R-018,17.9470,0.2818
Gurutto_0-0_Gurutto_0-0-Webcam-R-019,17.9447,0.2804
Gurutto_0-0_Gurutto_0-0-Webcam-R-020,17.9392,0.2804
Gurutto_0-0_Gurutto_0-0-Webcam-R-021,17.9415,0.2789
Gurutto_0-0_Gurutto_0-0-Webcam-R-022,17.9301,0.2780
Gurutto_0-0_Gurutto_0-0-Webcam-R-023,17.9390,0.2786
Gurutto_0-0_Gurutto_0-0-Webcam-R-024,17.9390,0.2786
Gurutto_0-0_Gurutto_0-0-Webcam-R-025,17.9085,0.2760
Gurutto_0-0_Gurutto_0-0-Webcam-R-026,17.9446,0.2799
Gurutto_0-0_Gurutto_0-0-Webcam-R-027,17.9802,0.2812
Gurutto_0-0_Gurutto_0-0-Webcam-R-028,17.9567,0.2799
Gurutto_0-0_Gurutto_0-0-Webcam-R-029,17.9429,0.2787
Gurutto_0-0_Gurutto_0-0-Webcam-R-030,17.9428,0.2788
Gurutto_0-0_Gurutto_0-0-Webcam-R-031,17.9951,0.2830
Gurutto_0-0_Gurutto_0-0-Webcam-R-032,17.9713,0.2791
Gurutto_0-0_Gurutto_0-0-Webcam-R-033,17.9995,0.2791
Gurutto_0-0_Gurutto_0-0-Webcam-R-034,18.0513,0.2881
Gurutto_0-0_Gurutto_0-0-Webcam-R-035,18.0798,0.2888
Gurutto_0-0_Gurutto_0-0-Webcam-R-036,18.0791,0.2887
Gurutto_0-0_Gurutto_0-0-Webcam-R-037,18.0221,0.2834
Gurutto_0-0_Gurutto_0-0-Webcam-R-038,18.0726,0.2898
Gurutto_0-0_Gurutto_0-0-Webcam-R-039,18.0440,0.2859
Gurutto_0-0_Gurutto_0-0-Webcam-R-040,18.0195,0.2863
Gurutto_0-0_Gurutto_0-0-Webcam-R-041,18.0254,0.2876
Gurutto_0-0_Gurutto_0-0-Webcam-R-042,18.0269,0.2880
Gurutto_0-0_Gurutto_0-0-Webcam-R-043,18.0055,0.2837
Gurutto_0-0_Gurutto_0-0-Webcam-R-044,18.0447,0.2879
Gurutto_0-0_Gurutto_0-0-Webcam-R-045,18.0725,0.2882
Gurutto_0-0_Gurutto_0-0-Webcam-R-046,18.0555,0.2879
Gurutto_0-0_Gurutto_0-0-Webcam-R-047,18.0712,0.2912
Gurutto_0-0_Gurutto_0-0-Webcam-R-048,18.0681,0.2912
Gurutto_0-0_Gurutto_0-0-Webcam-R-049,18.0566,0.2881
Gurutto_0-0_Gurutto_0-0-Webcam-R-050,18.0027,0.2848
Gurutto_0-0_Gurutto_0-0-Webcam-R-051,18.0413,0.2848
Gurutto_0-0_Gurutto_0-0-Webcam-R-052,18.0333,0.2860
Gurutto_0-0_Gurutto_0-0-Webcam-R-053,17.9907,0.2824
Gurutto_0-0_Gurutto_0-0-Webcam-R-054,17.9907,0.2824
Gurutto_0-0_Gurutto_0-0-Webcam-R-055,18.0427,0.2838
Gurutto_0-0_Gurutto_0-0-Webcam-R-056,18.0665,0.2854
Gurutto_0-0_Gurutto_0-0-Webcam-R-057,18.0129,0.2823
Gurutto_0-0_Gurutto_0-0-Webcam-R-058,18.0432,0.2849
Gurutto_0-0_Gurutto_0-0-Webcam-R-059,18.0133,0.2838
Gurutto_0-0_Gurutto_0-0-Webcam-R-060,18.0144,0.2840
Gurutto_0-0_Gurutto_0-0-Webcam-R-061,18.0266,0.2827
Gurutto_0-0_Gurutto_0-0-Webcam-R-062,18.0021,0.2825
Gurutto_0-0_Gurutto_0-0-Webcam-R-063,17.9474,0.2809
Gurutto_0-0_Gurutto_0-0-Webcam-R-064,17.9829,0.2816
Gurutto_0-0_Gurutto_0-0-Webcam-R-065,18.0140,0.2866
Gurutto_0-0_Gurutto_0-0-Webcam-R-066,18.0140,0.2866
Gurutto_0-0_Gurutto_0-0-Webcam-R-067,18.0066,0.2851
Gurutto_0-0_Gurutto_0-0-Webcam-R-068,18.0324,0.2887
Gurutto_0-0_Gurutto_0-0-Webcam-R-069,18.0319,0.2907
Gurutto_0-0_Gurutto_0-0-Webcam-R-070,18.0435,0.2902
Gurutto_0-0_Gurutto_0-0-Webcam-R-071,18.0406,0.2892
Gurutto_0-0_Gurutto_0-0-Webcam-R-072,18.0409,0.2893
Gurutto_0-0_Gurutto_0-0-Webcam-R-073,18.0173,0.2887
Gurutto_0-0_Gurutto_0-0-Webcam-R-074,18.0415,0.2926
Gurutto_0-0_Gurutto_0-0-Webcam-R-075,18.0123,0.2858
Gurutto_0-0_Gurutto_0-0-Webcam-R-076,18.0448,0.2884
Gurutto_0-0_Gurutto_0-0-Webcam-R-077,18.0478,0.2895
Gurutto_0-0_Gurutto_0-0-Webcam-R-078,18.0477,0.2897
Gurutto_0-0_Gurutto_0-0-Webcam-R-079,18.0244,0.2893
Gurutto_0-0_Gurutto_0-0-Webcam-R-080,18.0261,0.2871
Gurutto_0-0_Gurutto_0-0-Webcam-R-081,18.0286,0.2880
Gurutto_0-0_Gurutto_0-0-Webcam-R-082,18.0074,0.2868
Gurutto_0-0_Gurutto_0-0-Webcam-R-083,18.0083,0.2860
Gurutto_0-0_Gurutto_0-0-Webcam-R-084,18.0082,0.2859
Gurutto_0-0_Gurutto_0-0-Webcam-R-085,18.0120,0.2873
Gurutto_0-0_Gurutto_0-0-Webcam-R-086,17.9678,0.2843
Gurutto_0-0_Gurutto_0-0-Webcam-R-087,17.9576,0.2839
Gurutto_0-0_Gurutto_0-0-Webcam-R-088,17.9786,0.2848
Gurutto_0-0_Gurutto_0-0-Webcam-R-089,17.9969,0.2870
Gurutto_0-0_Gurutto_0-0-Webcam-R-090,17.9969,0.2870
Gurutto_0-0_Gurutto_0-0-Webcam-R-091,17.9724,0.2842
Gurutto_0-0_Gurutto_0-0-Webcam-R-092,17.9733,0.2878
Gurutto_0-0_Gurutto_0-0-Webcam-R-093,17.9773,0.2867
Gurutto_0-0_Gurutto_0-0-Webcam-R-094,18.0157,0.2900
Gurutto_0-0_Gurutto_0-0-Webcam-R-095,18.0006,0.2853
Gurutto_0-0_Gurutto_0-0-Webcam-R-096,18.0006,0.2853
Gurutto_0-0_Gurutto_0-0-Webcam-R-097,17.9939,0.2865
Gurutto_0-0_Gurutto_0-0-Webcam-R-098,18.0189,0.2870
Gurutto_0-0_Gurutto_0-0-Webcam-R-099,18.0129,0.2910
Gurutto_0-0_Gurutto_0-0-Webcam-R-100,18.0346,0.2900
Gurutto_0-0_Gurutto_0-0-Webcam-R-101,18.0538,0.2892
Gurutto_0-0_Gurutto_0-0-Webcam-R-102,18.0524,0.2889
Gurutto_0-0_Gurutto_0-0-Webcam-R-103,18.0470,0.2916
Gurutto_0-0_Gurutto_0-0-Webcam-R-104,18.0315,0.2874
Gurutto_0-0_Gurutto_0-0-Webcam-R-105,18.0346,0.2889
Gurutto_0-0_Gurutto_0-0-Webcam-R-106,18.0484,0.2908
Gurutto_0-0_Gurutto_0-0-Webcam-R-107,18.0428,0.2905
Gurutto_0-0_Gurutto_0-0-Webcam-R-108,18.0417,0.2903
Gurutto_0-0_Gurutto_0-0-Webcam-R-109,18.0154,0.2883
Gurutto_0-0_Gurutto_0-0-Webcam-R-110,17.9802,0.2893
Gurutto_0-0_Gurutto_0-0-Webcam-R-111,17.9916,0.2870
Gurutto_0-0_Gurutto_0-0-Webcam-R-112,17.9929,0.2868
Gurutto_0-0_Gurutto_0-0-Webcam-R-113,18.0150,0.2863
Gurutto_0-0_Gurutto_0-0-Webcam-R-114,18.0145,0.2863
Gurutto_0-0_Gurutto_0-0-Webcam-R-115,17.9923,0.2826
Gurutto_0-0_Gurutto_0-0-Webcam-R-116,17.9926,0.2822
Gurutto_0-0_Gurutto_0-0-Webcam-R-117,17.9980,0.2810
Gurutto_0-0_Gurutto_0-0-Webcam-R-118,17.9726,0.2802
Gurutto_0-0_Gurutto_0-0-Webcam-R-119,17.9932,0.2806
Gurutto_0-0_Gurutto_0-0-Webcam-R-120,17.9948,0.2807
Gurutto_0-0_Gurutto_0-0-Webcam-R-121,18.0251,0.2815
Gurutto_0-0_Gurutto_0-0-Webcam-R-122,18.0035,0.2780
Gurutto_0-0_Gurutto_0-0-Webcam-R-123,17.9944,0.2801
Gurutto_0-0_Gurutto_0-0-Webcam-R-124,18.0031,0.2841
Gurutto_0-0_Gurutto_0-0-Webcam-R-125,17.9667,0.2838
Gurutto_0-0_Gurutto_0-0-Webcam-R-126,17.9667,0.2838
Gurutto_0-0_Gurutto_0-0-Webcam-R-127,17.9425,0.2817
Gurutto_0-0_Gurutto_0-0-Webcam-R-128,17.9818,0.2851
Gurutto_0-0_Gurutto_0-0-Webcam-R-129,18.0016,0.2850
Gurutto_0-0_Gurutto_0-0-Webcam-R-130,17.9902,0.2843
Gurutto_0-0_Gurutto_0-0-Webcam-R-131,18.0063,0.2854
Gurutto_0-0_Gurutto_0-0-Webcam-R-132,18.0063,0.2854
Gurutto_0-0_Gurutto_0-0-Webcam-R-133,18.0071,0.2861
Gurutto_0-0_Gurutto_0-0-Webcam-R-134,18.0307,0.2847
Gurutto_0-0_Gurutto_0-0-Webcam-R-135,18.0333,0.2853
Gurutto_0-0_Gurutto_0-0-Webcam-R-136,18.0291,0.2855
Gurutto_0-0_Gurutto_0-0-Webcam-R-137,18.0090,0.2872
Gurutto_0-0_Gurutto_0-0-Webcam-R-138,18.0090,0.2872
Gurutto_0-0_Gurutto_0-0-Webcam-R-139,18.0241,0.2880
Gurutto_0-0_Gurutto_0-0-Webcam-R-140,17.9939,0.2858
Gurutto_0-0_Gurutto_0-0-Webcam-R-141,18.0119,0.2899
Gurutto_0-0_Gurutto_0-0-Webcam-R-142,18.0167,0.2893
Gurutto_0-0_Gurutto_0-0-Webcam-R-143,18.0083,0.2902
Gurutto_0-0_Gurutto_0-0-Webcam-R-144,18.0083,0.2902
Gurutto_0-0_Gurutto_0-0-Webcam-R-145,18.0407,0.2914
Gurutto_0-0_Gurutto_0-0-Webcam-R-146,18.0142,0.2899
Gurutto_0-0_Gurutto_0-0-Webcam-R-147,18.0321,0.2928
Gurutto_0-0_Gurutto_0-0-Webcam-R-148,18.0113,0.2906
Gurutto_0-0_Gurutto_0-0-Webcam-R-149,18.0168,0.2886
Gurutto_0-0_Gurutto_0-0-Webcam-R-150,18.0615,0.2764
Gurutto_0-0_Gurutto_0-0-Webcam-R-151,18.1191,0.2846
Gurutto_0-0_Gurutto_0-0-Webcam-R-152,18.1146,0.2848
Gurutto_0-0_Gurutto_0-0-Webcam-R-153,18.1243,0.2877
Gurutto_0-0_Gurutto_0-0-Webcam-R-154,18.1160,0.2871
Gurutto_0-0_Gurutto_0-0-Webcam-R-155,18.1270,0.2890
Gurutto_0-0_Gurutto_0-0-Webcam-R-156,18.1267,0.2890
Gurutto_0-0_Gurutto_0-0-Webcam-R-157,18.0971,0.2869
Gurutto_0-0_Gurutto_0-0-Webcam-R-158,18.0883,0.2886
Gurutto_0-0_Gurutto_0-0-Webcam-R-159,18.0375,0.2880
Gurutto_0-0_Gurutto_0-0-Webcam-R-160,18.0869,0.2880
Gurutto_0-0_Gurutto_0-0-Webcam-R-161,18.0651,0.2868
Gurutto_0-0_Gurutto_0-0-Webcam-R-162,18.0651,0.2868
Gurutto_0-0_Gurutto_0-0-Webcam-R-163,18.0985,0.2878
Gurutto_0-0_Gurutto_0-0-Webcam-R-164,18.0810,0.2863
Gurutto_0-0_Gurutto_0-0-Webcam-R-165,18.1081,0.2866
Gurutto_0-0_Gurutto_0-0-Webcam-R-166,18.1003,0.2882
Gurutto_0-0_Gurutto_0-0-Webcam-R-167,18.0586,0.2876
Gurutto_0-0_Gurutto_0-0-Webcam-R-168,18.0583,0.2877
Gurutto_0-0_Gurutto_0-0-Webcam-R-169,18.0851,0.2891
Gurutto_0-0_Gurutto_0-0-Webcam-R-170,18.0871,0.2925
Gurutto_0-0_Gurutto_0-0-Webcam-R-171,18.1018,0.2912
Gurutto_0-0_Gurutto_0-0-Webcam-R-172,18.1001,0.2901
Gurutto_0-0_Gurutto_0-0-Webcam-R-173,18.0946,0.2880
Gurutto_0-0_Gurutto_0-0-Webcam-R-174,18.0959,0.2881
Gurutto_0-0_Gurutto_0-0-Webcam-R-175,18.0466,0.2860
Gurutto_0-0_Gurutto_0-0-Webcam-R-176,18.0692,0.2842
Gurutto_0-0_Gurutto_0-0-Webcam-R-177,18.0796,0.2829
Gurutto_0-0_Gurutto_0-0-Webcam-R-178,18.0781,0.2827
Gurutto_0-0_Gurutto_0-0-Webcam-R-179,18.0795,0.2836
Gurutto_0-0_Gurutto_0-0-Webcam-R-180,18.0797,0.2836
Gurutto_0-0_Gurutto_0-0-Webcam-R-181,18.0709,0.2843
Gurutto_0-0_Gurutto_0-0-Webcam-R-182,18.0802,0.2824
Gurutto_0-0_Gurutto_0-0-Webcam-R-183,18.0784,0.2840
Gurutto_0-0_Gurutto_0-0-Webcam-R-184,18.0961,0.2868
Gurutto_0-0_Gurutto_0-0-Webcam-R-185,18.1147,0.2873
Gurutto_0-0_Gurutto_0-0-Webcam-R-186,18.1153,0.2874
Gurutto_0-0_Gurutto_0-0-Webcam-R-187,18.0915,0.2852
Gurutto_0-0_Gurutto_0-0-Webcam-R-188,18.1129,0.2851
Gurutto_0-0_Gurutto_0-0-Webcam-R-189,18.1484,0.2897
Gurutto_0-0_Gurutto_0-0-Webcam-R-190,18.1517,0.2887
Gurutto_0-0_Gurutto_0-0-Webcam-R-191,18.1073,0.2887
Gurutto_0-0_Gurutto_0-0-Webcam-R-192,18.1072,0.2887
Gurutto_0-0_Gurutto_0-0-Webcam-R-193,18.1593,0.2894
Gurutto_0-0_Gurutto_0-0-Webcam-R-194,18.1704,0.2917
Gurutto_0-0_Gurutto_0-0-Webcam-R-195,18.1696,0.2922
Gurutto_0-0_Gurutto_0-0-Webcam-R-196,18.1482,0.2950
Gurutto_0-0_Gurutto_0-0-Webcam-R-197,18.1503,0.2942
Gurutto_0-0_Gurutto_0-0-Webcam-R-198,18.1503,0.2942
Gurutto_0-0_Gurutto_0-0-Webcam-R-199,18.1207,0.2916
Gurutto_0-0_Gurutto_0-0-Webcam-R-200,18.1503,0.2929
Gurutto_0-0_Gurutto_0-0-Webcam-R-201,18.1800,0.2948
Gurutto_0-0_Gurutto_0-0-Webcam-R-202,18.1362,0.2927
Gurutto_0-0_Gurutto_0-0-Webcam-R-203,18.1229,0.2908
Gurutto_0-0_Gurutto_0-0-Webcam-R-204,18.1228,0.2907
Gurutto_0-0_Gurutto_0-0-Webcam-R-205,18.1342,0.2922
Gurutto_0-0_Gurutto_0-0-Webcam-R-206,18.1303,0.2917
Gurutto_0-0_Gurutto_0-0-Webcam-R-207,18.1068,0.2879
Gurutto_0-0_Gurutto_0-0-Webcam-R-208,18.1173,0.2896
Gurutto_0-0_Gurutto_0-0-Webcam-R-209,18.1184,0.2872
Gurutto_0-0_Gurutto_0-0-Webcam-R-210,18.1184,0.2872
Gurutto_0-0_Gurutto_0-0-Webcam-R-211,18.0949,0.2868
Gurutto_0-0_Gurutto_0-0-Webcam-R-212,18.1085,0.2873
Gurutto_0-0_Gurutto_0-0-Webcam-R-213,18.1095,0.2902
Gurutto_0-0_Gurutto_0-0-Webcam-R-214,18.1173,0.2895
Gurutto_0-0_Gurutto_0-0-Webcam-R-215,18.1403,0.2935
Gurutto_0-0_Gurutto_0-0-Webcam-R-216,18.1403,0.2935
Gurutto_0-0_Gurutto_0-0-Webcam-R-217,18.1185,0.2893
Gurutto_0-0_Gurutto_0-0-Webcam-R-218,18.1439,0.2943
Gurutto_0-0_Gurutto_0-0-Webcam-R-219,18.1892,0.2942
Gurutto_0-0_Gurutto_0-0-Webcam-R-220,18.1834,0.2960
Gurutto_0-0_Gurutto_0-0-Webcam-R-221,18.1489,0.2948
Gurutto_0-0_Gurutto_0-0-Webcam-R-222,18.1492,0.2948
Gurutto_0-0_Gurutto_0-0-Webcam-R-223,18.1915,0.2965
Gurutto_0-0_Gurutto_0-0-Webcam-R-224,18.2009,0.3021
Gurutto_0-0_Gurutto_0-0-Webcam-R-225,18.2118,0.2986
Gurutto_0-0_Gurutto_0-0-Webcam-R-226,18.1917,0.2974
Gurutto_0-0_Gurutto_0-0-Webcam-R-227,18.1590,0.2979
Gurutto_0-0_Gurutto_0-0-Webcam-R-228,18.1596,0.2978
Gurutto_0-0_Gurutto_0-0-Webcam-R-229,18.2022,0.3005
Gurutto_0-0_Gurutto_0-0-Webcam-R-230,18.1314,0.2938
Gurutto_0-0_Gurutto_0-0-Webcam-R-231,18.2030,0.2961
Gurutto_0-0_Gurutto_0-0-Webcam-R-232,18.1657,0.2932
Gurutto_0-0_Gurutto_0-0-Webcam-R-233,18.1107,0.2893
Gurutto_0-0_Gurutto_0-0-Webcam-R-234,18.1120,0.2895
Gurutto_0-0_Gurutto_0-0-Webcam-R-235,18.1522,0.2920
Gurutto_0-0_Gurutto_0-0-Webcam-R-236,18.1483,0.2949
Gurutto_0-0_Gurutto_0-0-Webcam-R-237,18.1557,0.2936
Gurutto_0-0_Gurutto_0-0-Webcam-R-238,18.1769,0.2938
Gurutto_0-0_Gurutto_0-0-Webcam-R-239,18.2218,0.2954
Gurutto_0-0_Gurutto_0-0-Webcam-R-240,18.2216,0.2954
Gurutto_0-0_Gurutto_0-0-Webcam-R-241,18.1829,0.2940
Gurutto_0-0_Gurutto_0-0-Webcam-R-242,18.1338,0.2918
Gurutto_0-0_Gurutto_0-0-Webcam-R-243,18.1395,0.2912
Gurutto_0-0_Gurutto_0-0-Webcam-R-244,18.1047,0.2899
Gurutto_0-0_Gurutto_0-0-Webcam-R-245,18.1068,0.2896
Gurutto_0-0_Gurutto_0-0-Webcam-R-246,18.1068,0.2896
Gurutto_0-0_Gurutto_0-0-Webcam-R-247,18.0956,0.2880
Gurutto_0-0_Gurutto_0-0-Webcam-R-248,18.1386,0.2907
Gurutto_0-0_Gurutto_0-0-Webcam-R-249,18.1304,0.2923
Gurutto_0-0_Gurutto_0-0-Webcam-R-250,18.1344,0.2900
Gurutto_0-0_Gurutto_0-0-Webcam-R-251,18.1306,0.2939
Gurutto_0-0_Gurutto_0-0-Webcam-R-252,18.1306,0.2939
Gurutto_0-0_Gurutto_0-0-Webcam-R-253,18.1253,0.2918
Gurutto_0-0_Gurutto_0-0-Webcam-R-254,18.1261,0.2907
Gurutto_0-0_Gurutto_0-0-Webcam-R-255,18.1954,0.2899
Gurutto_0-0_Gurutto_0-0-Webcam-R-256,18.1927,0.2884
Gurutto_0-0_Gurutto_0-0-Webcam-R-257,18.1471,0.2837
Gurutto_0-0_Gurutto_0-0-Webcam-R-258,18.1463,0.2837
Gurutto_0-0_Gurutto_0-0-Webcam-R-259,18.1560,0.2871
Gurutto_0-0_Gurutto_0-0-Webcam-R-260,18.1670,0.2877
Gurutto_0-0_Gurutto_0-0-Webcam-R-261,18.1412,0.2842
Gurutto_0-0_Gurutto_0-0-Webcam-R-262,18.1753,0.2890
Gurutto_0-0_Gurutto_0-0-Webcam-R-263,18.0985,0.2852
Gurutto_0-0_Gurutto_0-0-Webcam-R-264,18.0985,0.2852
Gurutto_0-0_Gurutto_0-0-Webcam-R-265,18.1360,0.2830
Gurutto_0-0_Gurutto_0-0-Webcam-R-266,18.1524,0.2862
Gurutto_0-0_Gurutto_0-0-Webcam-R-267,18.1209,0.2850
Gurutto_0-0_Gurutto_0-0-Webcam-R-268,18.1342,0.2855
Gurutto_0-0_Gurutto_0-0-Webcam-R-269,18.1454,0.2878
Gurutto_0-0_Gurutto_0-0-Webcam-R-270,18.1457,0.2877
Gurutto_0-0_Gurutto_0-0-Webcam-R-271,18.1037,0.2850
Gurutto_0-0_Gurutto_0-0-Webcam-R-272,18.1692,0.2895
Gurutto_0-0_Gurutto_0-0-Webcam-R-273,18.1723,0.2898
Gurutto_0-0_Gurutto_0-0-Webcam-R-274,18.1639,0.2926
Gurutto_0-0_Gurutto_0-0-Webcam-R-275,18.1766,0.2913
Gurutto_0-0_Gurutto_0-0-Webcam-R-276,18.1770,0.2913
Gurutto_0-0_Gurutto_0-0-Webcam-R-277,18.1426,0.2903
Gurutto_0-0_Gurutto_0-0-Webcam-R-278,18.1678,0.2913
Gurutto_0-0_Gurutto_0-0-Webcam-R-279,18.1834,0.2907
Gurutto_0-0_Gurutto_0-0-Webcam-R-280,18.1606,0.2903
Gurutto_0-0_Gurutto_0-0-Webcam-R-281,18.2089,0.2927
Gurutto_0-0_Gurutto_0-0-Webcam-R-282,18.2095,0.2927
Gurutto_0-0_Gurutto_0-0-Webcam-R-283,18.2392,0.2917
Gurutto_0-0_Gurutto_0-0-Webcam-R-284,18.1851,0.2907
Gurutto_0-0_Gurutto_0-0-Webcam-R-285,18.1899,0.2899
Gurutto_0-0_Gurutto_0-0-Webcam-R-286,18.1653,0.2872
Gurutto_0-0_Gurutto_0-0-Webcam-R-287,18.1354,0.2873
Gurutto_0-0_Gurutto_0-0-Webcam-R-288,18.1354,0.2873
Gurutto_0-0_Gurutto_0-0-Webcam-R-289,18.1753,0.2877
Gurutto_0-0_Gurutto_0-0-Webcam-R-290,18.1578,0.2913
Gurutto_0-0_Gurutto_0-0-Webcam-R-291,18.1846,0.2928
Gurutto_0-0_Gurutto_0-0-Webcam-R-292,18.1794,0.2926
Gurutto_0-0_Gurutto_0-0-Webcam-R-293,18.1690,0.2930
Gurutto_0-0_Gurutto_0-0-Webcam-R-294,18.1675,0.2929
Gurutto_0-0_Gurutto_0-0-Webcam-R-295,18.1767,0.2918
Gurutto_0-0_Gurutto_0-0-Webcam-R-296,18.1262,0.2896
Gurutto_0-0_Gurutto_0-0-Webcam-R-297,18.1608,0.2960
Gurutto_0-0_Gurutto_0-0-Webcam-R-298,18.1312,0.2938
Gurutto_0-0_Gurutto_0-0-Webcam-R-299,18.1351,0.2934
M1135_0-0_M1135_0-0-Webcam-R-000,21.2619,0.4614
M1135_0-0_M1135_0-0-Webcam-R-001,21.2564,0.4606
M1135_0-0_M1135_0-0-Webcam-R-002,21.2510,0.4599
M1135_0-0_M1135_0-0-Webcam-R-003,21.2510,0.4599
M1135_0-0_M1135_0-0-Webcam-R-004,21.2688,0.4604
M1135_0-0_M1135_0-0-Webcam-R-005,21.2465,0.4605
M1135_0-0_M1135_0-0-Webcam-R-006,21.2470,0.4599
M1135_0-0_M1135_0-0-Webcam-R-007,21.2425,0.4596
M1135_0-0_M1135_0-0-Webcam-R-008,21.2027,0.4569
M1135_0-0_M1135_0-0-Webcam-R-009,21.2027,0.4569
M1135_0-0_M1135_0-0-Webcam-R-010,21.2293,0.4582
M1135_0-0_M1135_0-0-Webcam-R-011,21.2261,0.4584
M1135_0-0_M1135_0-0-Webcam-R-012,21.2345,0.4571
M1135_0-0_M1135_0-0-Webcam-R-013,21.1925,0.4558
M1135_0-0_M1135_0-0-Webcam-R-014,21.1994,0.4557
M1135_0-0_M1135_0-0-Webcam-R-015,21.1994,0.4557
M1135_0-0_M1135_0-0-Webcam-R-016,21.2073,0.4546
M1135_0-0_M1135_0-0-Webcam-R-017,21.2221,0.4553
M1135_0-0_M1135_0-0-Webcam-R-018,21.2205,0.4730
M1135_0-0_M1135_0-0-Webcam-R-019,21.2067,0.4729
M1135_0-0_M1135_0-0-Webcam-R-020,21.1979,0.4722
M1135_0-0_M1135_0-0-Webcam-R-021,21.1979,0.4722
M1135_0-0_M1135_0-0-Webcam-R-022,21.2096,0.4736
M1135_0-0_M1135_0-0-Webcam-R-023,21.2146,0.4732
M1135_0-0_M1135_0-0-Webcam-R-024,21.2009,0.4706
M1135_0-0_M1135_0-0-Webcam-R-025,21.2715,0.4715
M1135_0-0_M1135_0-0-Webcam-R-026,21.2672,0.4703
M1135_0-0_M1135_0-0-Webcam-R-027,21.2672,0.4703
M1135_0-0_M1135_0-0-Webcam-R-028,21.2626,0.4697
M1135_0-0_M1135_0-0-Webcam-R-029,21.2399,0.4686
M1135_0-0_M1135_0-0-Webcam-R-030,21.0967,0.4720
M1135_0-0_M1135_0-0-Webcam-R-031,21.0972,0.4710
M1135_0-0_M1135_0-0-Webcam-R-032,21.0967,0.4710
M1135_0-0_M1135_0-0-Webcam-R-033,21.0967,0.4710
M1135_0-0_M1135_0-0-Webcam-R-034,21.0784,0.4711
M1135_0-0_M1135_0-0-Webcam-R-035,21.0784,0.4711
M1135_0-0_M1135_0-0-Webcam-R-036,21.0766,0.4708
M1135_0-0_M1135_0-0-Webcam-R-037,21.0627,0.4704
M1135_0-0_M1135_0-0-Webcam-R-038,21.0850,0.4708
M1135_0-0_M1135_0-0-Webcam-R-039,21.0850,0.4708
M1135_0-0_M1135_0-0-Webcam-R-040,21.0891,0.4714
M1135_0-0_M1135_0-0-Webcam-R-041,21.0095,0.4681
M1135_0-0_M1135_0-0-Webcam-R-042,21.3057,0.4904
M1135_0-0_M1135_0-0-Webcam-R-043,21.3061,0.4871
M1135_0-0_M1135_0-0-Webcam-R-044,21.2871,0.4845
M1135_0-0_M1135_0-0-Webcam-R-045,21.2830,0.4844
M1135_0-0_M1135_0-0-Webcam-R-046,21.2648,0.4861
M1135_0-0_M1135_0-0-Webcam-R-047,21.2570,0.4859
M1135_0-0_M1135_0-0-Webcam-R-048,21.2426,0.4851
M1135_0-0_M1135_0-0-Webcam-R-049,21.2437,0.4852
M1135_0-0_M1135_0-0-Webcam-R-050,21.2446,0.4853
M1135_0-0_M1135_0-0-Webcam-R-051,21.2446,0.4853
M1135_0-0_M1135_0-0-Webcam-R-052,21.2378,0.4847
M1135_0-0_M1135_0-0-Webcam-R-053,21.2367,0.4848
M1135_0-0_M1135_0-0-Webcam-R-054,21.2325,0.4846
M1135_0-0_M1135_0-0-Webcam-R-055,21.2262,0.4837
M1135_0-0_M1135_0-0-Webcam-R-056,21.2301,0.4837
M1135_0-0_M1135_0-0-Webcam-R-057,21.2301,0.4837
M1135_0-0_M1135_0-0-Webcam-R-058,21.2382,0.4841
M1135_0-0_M1135_0-0-Webcam-R-059,21.2233,0.4839
M1135_0-0_M1135_0-0-Webcam-R-060,21.1997,0.4804
M1135_0-0_M1135_0-0-Webcam-R-061,21.1971,0.4797
M1135_0-0_M1135_0-0-Webcam-R-062,21.1905,0.4785
M1135_0-0_M1135_0-0-Webcam-R-063,21.1905,0.4785
M1135_0-0_M1135_0-0-Webcam-R-064,21.1837,0.4777
M1135_0-0_M1135_0-0-Webcam-R-065,21.1901,0.4758
M1135_0-0_M1135_0-0-Webcam-R-066,21.1697,0.4677
M1135_0-0_M1135_0-0-Webcam-R-067,21.1663,0.4693
M1135_0-0_M1135_0-0-Webcam-R-068,21.1545,0.4684
M1135_0-0_M1135_0-0-Webcam-R-069,21.1541,0.4684
M1135_0-0_M1135_0-0-Webcam-R-070,21.1486,0.4684
M1135_0-0_M1135_0-0-Webcam-R-071,21.1475,0.4691
M1135_0-0_M1135_0-0-Webcam-R-072,21.1596,0.4680
M1135_0-0_M1135_0-0-Webcam-R-073,21.1662,0.4686
M1135_0-0_M1135_0-0-Webcam-R-074,21.1889,0.4691
M1135_0-0_M1135_0-0-Webcam-R-075,21.1889,0.4691
M1135_0-0_M1135_0-0-Webcam-R-076,21.1880,0.4694
M1135_0-0_M1135_0-0-Webcam-R-077,21.1714,0.4682
M1135_0-0_M1135_0-0-Webcam-R-078,21.2028,0.4709
M1135_0-0_M1135_0-0-Webcam-R-079,21.2036,0.4711
M1135_0-0_M1135_0-0-Webcam-R-080,21.1973,0.4709
M1135_0-0_M1135_0-0-Webcam-R-081,21.1973,0.4709
M1135_0-0_M1135_0-0-Webcam-R-082,21.1950,0.4707
M1135_0-0_M1135_0-0-Webcam-R-083,21.1970,0.4707
M1135_0-0_M1135_0-0-Webcam-R-084,21.1663,0.4677
M1135_0-0_M1135_0-0-Webcam-R-085,21.1663,0.4677
M1135_0-0_M1135_0-0-Webcam-R-086,21.1651,0.4679
M1135_0-0_M1135_0-0-Webcam-R-087,21.1651,0.4679
M1135_0-0_M1135_0-0-Webcam-R-088,21.1636,0.4676
M1135_0-0_M1135_0-0-Webcam-R-089,21.1805,0.4681
M1135_0-0_M1135_0-0-Webcam-R-090,21.3377,0.4793
M1135_0-0_M1135_0-0-Webcam-R-091,21.3377,0.4793
M1135_0-0_M1135_0-0-Webcam-R-092,21.3360,0.4792
M1135_0-0_M1135_0-0-Webcam-R-093,21.3360,0.4792
M1135_0-0_M1135_0-0-Webcam-R-094,21.3362,0.4792
M1135_0-0_M1135_0-0-Webcam-R-095,21.3362,0.4792
M1135_0-0_M1135_0-0-Webcam-R-096,21.3362,0.4792
M1135_0-0_M1135_0-0-Webcam-R-097,21.3362,0.4792
M1135_0-0_M1135_0-0-Webcam-R-098,21.3313,0.4780
M1135_0-0_M1135_0-0-Webcam-R-099,21.3313,0.4780
M1135_0-0_M1135_0-0-Webcam-R-100,21.3318,0.4782
M1135_0-0_M1135_0-0-Webcam-R-101,21.3347,0.4782
M1135_0-0_M1135_0-0-Webcam-R-102,21.3347,0.4782
M1135_0-0_M1135_0-0-Webcam-R-103,21.3329,0.4780
M1135_0-0_M1135_0-0-Webcam-R-104,21.3373,0.4774
M1135_0-0_M1135_0-0-Webcam-R-105,21.3373,0.4774
M1135_0-0_M1135_0-0-Webcam-R-106,21.3564,0.4785
M1135_0-0_M1135_0-0-Webcam-R-107,21.3563,0.4785
M1135_0-0_M1135_0-0-Webcam-R-108,21.3579,0.4786
M1135_0-0_M1135_0-0-Webcam-R-109,21.3553,0.4776
M1135_0-0_M1135_0-0-Webcam-R-110,21.3624,0.4787
M1135_0-0_M1135_0-0-Webcam-R-111,21.3624,0.4787
M1135_0-0_M1135_0-0-Webcam-R-112,21.3569,0.4786
M1135_0-0_M1135_0-0-Webcam-R-113,21.3512,0.4786
M1135_0-0_M1135_0-0-Webcam-R-114,21.5014,0.4954
M1135_0-0_M1135_0-0-Webcam-R-115,21.4362,0.4883
M1135_0-0_M1135_0-0-Webcam-R-116,21.4362,0.4883
M1135_0-0_M1135_0-0-Webcam-R-117,21.4362,0.4883
M1135_0-0_M1135_0-0-Webcam-R-118,21.4351,0.4883
M1135_0-0_M1135_0-0-Webcam-R-119,21.4368,0.4884
M1135_0-0_M1135_0-0-Webcam-R-120,21.3746,0.4824
M1135_0-0_M1135_0-0-Webcam-R-121,21.3176,0.4797
M1135_0-0_M1135_0-0-Webcam-R-122,21.3132,0.4800
M1135_0-0_M1135_0-0-Webcam-R-123,21.3132,0.4800
M1135_0-0_M1135_0-0-Webcam-R-124,21.3165,0.4802
M1135_0-0_M1135_0-0-Webcam-R-125,21.2954,0.4790
M1135_0-0_M1135_0-0-Webcam-R-126,21.3143,0.4801
M1135_0-0_M1135_0-0-Webcam-R-127,21.3164,0.4797
M1135_0-0_M1135_0-0-Webcam-R-128,21.3164,0.4797
M1135_0-0_M1135_0-0-Webcam-R-129,21.3164,0.4797
M1135_0-0_M1135_0-0-Webcam-R-130,21.2829,0.4782
M1135_0-0_M1135_0-0-Webcam-R-131,21.3011,0.4758
M1135_0-0_M1135_0-0-Webcam-R-132,21.3011,0.4758
M1135_0-0_M1135_0-0-Webcam-R-133,21.3019,0.4752
M1135_0-0_M1135_0-0-Webcam-R-134,21.2797,0.4734
M1135_0-0_M1135_0-0-Webcam-R-135,21.2797,0.4734
M1135_0-0_M1135_0-0-Webcam-R-136,21.2760,0.4731
M1135_0-0_M1135_0-0-Webcam-R-137,21.2850,0.4735
M1135_0-0_M1135_0-0-Webcam-R-138,21.3995,0.4869
M1135_0-0_M1135_0-0-Webcam-R-139,21.3516,0.4837
M1135_0-0_M1135_0-0-Webcam-R-140,21.3509,0.4830
M1135_0-0_M1135_0-0-Webcam-R-141,21.3509,0.4830
M1135_0-0_M1135_0-0-Webcam-R-142,21.3488,0.4827
M1135_0-0_M1135_0-0-Webcam-R-143,21.3574,0.4830
M1135_0-0_M1135_0-0-Webcam-R-144,21.3531,0.4833
M1135_0-0_M1135_0-0-Webcam-R-145,21.3555,0.4824
M1135_0-0_M1135_0-0-Webcam-R-146,21.3677,0.4819
M1135_0-0_M1135_0-0-Webcam-R-147,21.3677,0.4819
M1135_0-0_M1135_0-0-Webcam-R-148,21.3780,0.4830
M1135_0-0_M1135_0-0-Webcam-R-149,21.3836,0.4826
M1135_0-0_M1135_0-0-Webcam-R-150,21.3938,0.4841
M1135_0-0_M1135_0-0-Webcam-R-151,21.3883,0.4837
M1135_0-0_M1135_0-0-Webcam-R-152,21.3805,0.4841
M1135_0-0_M1135_0-0-Webcam-R-153,21.3805,0.4841
M1135_0-0_M1135_0-0-Webcam-R-154,21.3727,0.4837
M1135_0-0_M1135_0-0-Webcam-R-155,21.4099,0.4852
M1135_0-0_M1135_0-0-Webcam-R-156,21.4099,0.4852
M1135_0-0_M1135_0-0-Webcam-R-157,21.4147,0.4853
M1135_0-0_M1135_0-0-Webcam-R-158,21.4161,0.4856
M1135_0-0_M1135_0-0-Webcam-R-159,21.4161,0.4856
M1135_0-0_M1135_0-0-Webcam-R-160,21.3454,0.4854
M1135_0-0_M1135_0-0-Webcam-R-161,21.4206,0.4856
M1135_0-0_M1135_0-0-Webcam-R-162,21.5937,0.5029
M1135_0-0_M1135_0-0-Webcam-R-163,21.5667,0.4945
M1135_0-0_M1135_0-0-Webcam-R-164,21.5596,0.4914
M1135_0-0_M1135_0-0-Webcam-R-165,21.5584,0.4914
M1135_0-0_M1135_0-0-Webcam-R-166,21.5537,0.4922
M1135_0-0_M1135_0-0-Webcam-R-167,21.5599,0.4926
M1135_0-0_M1135_0-0-Webcam-R-168,21.4905,0.4896
M1135_0-0_M1135_0-0-Webcam-R-169,21.5493,0.4923
M1135_0-0_M1135_0-0-Webcam-R-170,21.5493,0.4923
M1135_0-0_M1135_0-0-Webcam-R-171,21.5493,0.4923
M1135_0-0_M1135_0-0-Webcam-R-172,21.5493,0.4923
M1135_0-0_M1135_0-0-Webcam-R-173,21.5493,0.4923
M1135_0-0_M1135_0-0-Webcam-R-174,21.5493,0.4923
M1135_0-0_M1135_0-0-Webcam-R-175,21.5507,0.4921
M1135_0-0_M1135_0-0-Webcam-R-176,21.5507,0.4921
M1135_0-0_M1135_0-0-Webcam-R-177,21.5507,0.4921
M1135_0-0_M1135_0-0-Webcam-R-178,21.5507,0.4921
M1135_0-0_M1135_0-0-Webcam-R-179,21.5507,0.4921
M1135_0-0_M1135_0-0-Webcam-R-180,21.5048,0.4882
M1135_0-0_M1135_0-0-Webcam-R-181,21.5048,0.4882
M1135_0-0_M1135_0-0-Webcam-R-182,21.5118,0.4887
M1135_0-0_M1135_0-0-Webcam-R-183,21.5118,0.4887
M1135_0-0_M1135_0-0-Webcam-R-184,21.5118,0.4887
M1135_0-0_M1135_0-0-Webcam-R-185,21.5118,0.4887
M1135_0-0_M1135_0-0-Webcam-R-186,21.9721,0.5168
M1135_0-0_M1135_0-0-Webcam-R-187,21.8993,0.5135
M1135_0-0_M1135_0-0-Webcam-R-188,21.8993,0.5135
M1135_0-0_M1135_0-0-Webcam-R-189,21.8993,0.5135
M1135_0-0_M1135_0-0-Webcam-R-190,21.8993,0.5135
M1135_0-0_M1135_0-0-Webcam-R-191,21.8993,0.5135
M1135_0-0_M1135_0-0-Webcam-R-192,21.8993,0.5135
M1135_0-0_M1135_0-0-Webcam-R-193,21.8993,0.5135
M1135_0-0_M1135_0-0-Webcam-R-194,21.8993,0.5135
M1135_0-0_M1135_0-0-Webcam-R-195,21.8993,0.5135
M1135_0-0_M1135_0-0-Webcam-R-196,21.8993,0.5135
M1135_0-0_M1135_0-0-Webcam-R-197,21.8993,0.5135
M1135_0-0_M1135_0-0-Webcam-R-198,21.9102,0.5144
M1135_0-0_M1135_0-0-Webcam-R-199,21.9102,0.5144
M1135_0-0_M1135_0-0-Webcam-R-200,21.9086,0.5144
M1135_0-0_M1135_0-0-Webcam-R-201,21.9086,0.5144
M1135_0-0_M1135_0-0-Webcam-R-202,21.9086,0.5144
M1135_0-0_M1135_0-0-Webcam-R-203,21.9086,0.5144
M1135_0-0_M1135_0-0-Webcam-R-204,21.9086,0.5144
M1135_0-0_M1135_0-0-Webcam-R-205,21.9086,0.5144
M1135_0-0_M1135_0-0-Webcam-R-206,21.9086,0.5144
M1135_0-0_M1135_0-0-Webcam-R-207,21.9086,0.5144
M1135_0-0_M1135_0-0-Webcam-R-208,21.9086,0.5144
M1135_0-0_M1135_0-0-Webcam-R-209,21.9086,0.5144
M1135_0-0_M1135_0-0-Webcam-R-210,21.6077,0.5012
M1135_0-0_M1135_0-0-Webcam-R-211,21.6170,0.5020
M1135_0-0_M1135_0-0-Webcam-R-212,21.6170,0.5020
M1135_0-0_M1135_0-0-Webcam-R-213,21.6170,0.5020
M1135_0-0_M1135_0-0-Webcam-R-214,21.6135,0.5009
M1135_0-0_M1135_0-0-Webcam-R-215,21.6435,0.5028
M1135_0-0_M1135_0-0-Webcam-R-216,21.6449,0.5026
M1135_0-0_M1135_0-0-Webcam-R-217,21.6449,0.5026
M1135_0-0_M1135_0-0-Webcam-R-218,21.6449,0.5026
M1135_0-0_M1135_0-0-Webcam-R-219,21.6449,0.5026
M1135_0-0_M1135_0-0-Webcam-R-220,21.6449,0.5026
M1135_0-0_M1135_0-0-Webcam-R-221,21.6449,0.5026
M1135_0-0_M1135_0-0-Webcam-R-222,21.6449,0.5026
M1135_0-0_M1135_0-0-Webcam-R-223,21.6449,0.5026
M1135_0-0_M1135_0-0-Webcam-R-224,21.6449,0.5026
M1135_0-0_M1135_0-0-Webcam-R-225,21.6449,0.5026
M1135_0-0_M1135_0-0-Webcam-R-226,21.6449,0.5026
M1135_0-0_M1135_0-0-Webcam-R-227,21.6449,0.5026
M1135_0-0_M1135_0-0-Webcam-R-228,21.6449,0.5026
M1135_0-0_M1135_0-0-Webcam-R-229,21.6449,0.5026
M1135_0-0_M1135_0-0-Webcam-R-230,21.6431,0.5025
M1135_0-0_M1135_0-0-Webcam-R-231,21.6431,0.5025
M1135_0-0_M1135_0-0-Webcam-R-232,21.6431,0.5025
M1135_0-0_M1135_0-0-Webcam-R-233,21.6431,0.5025
M1135_0-0_M1135_0-0-Webcam-R-234,21.6700,0.5056
M1135_0-0_M1135_0-0-Webcam-R-235,21.6132,0.5012
M1135_0-0_M1135_0-0-Webcam-R-236,21.6132,0.5012
M1135_0-0_M1135_0-0-Webcam-R-237,21.6132,0.5012
M1135_0-0_M1135_0-0-Webcam-R-238,21.6132,0.5012
M1135_0-0_M1135_0-0-Webcam-R-239,21.6132,0.5012
M1135_0-0_M1135_0-0-Webcam-R-240,21.5644,0.4994
M1135_0-0_M1135_0-0-Webcam-R-241,21.5644,0.4994
M1135_0-0_M1135_0-0-Webcam-R-242,21.5644,0.4994
M1135_0-0_M1135_0-0-Webcam-R-243,21.5644,0.4994
M1135_0-0_M1135_0-0-Webcam-R-244,21.5644,0.4994
M1135_0-0_M1135_0-0-Webcam-R-245,21.5644,0.4994
M1135_0-0_M1135_0-0-Webcam-R-246,21.5554,0.4979
M1135_0-0_M1135_0-0-Webcam-R-247,21.5514,0.4990
M1135_0-0_M1135_0-0-Webcam-R-248,21.5471,0.4979
M1135_0-0_M1135_0-0-Webcam-R-249,21.5477,0.4981
M1135_0-0_M1135_0-0-Webcam-R-250,21.5616,0.4990
M1135_0-0_M1135_0-0-Webcam-R-251,21.5616,0.4990
M1135_0-0_M1135_0-0-Webcam-R-252,21.5616,0.4990
M1135_0-0_M1135_0-0-Webcam-R-253,21.5675,0.4993
M1135_0-0_M1135_0-0-Webcam-R-254,21.5675,0.4993
M1135_0-0_M1135_0-0-Webcam-R-255,21.5675,0.4993
M1135_0-0_M1135_0-0-Webcam-R-256,21.5675,0.4993
M1135_0-0_M1135_0-0-Webcam-R-257,21.5675,0.4993
M1135_0-0_M1135_0-0-Webcam-R-258,21.6311,0.5063
M1135_0-0_M1135_0-0-Webcam-R-259,21.5777,0.5000
M1135_0-0_M1135_0-0-Webcam-R-260,21.5791,0.4994
M1135_0-0_M1135_0-0-Webcam-R-261,21.5791,0.4994
M1135_0-0_M1135_0-0-Webcam-R-262,21.5797,0.4993
M1135_0-0_M1135_0-0-Webcam-R-263,21.5797,0.4993
M1135_0-0_M1135_0-0-Webcam-R-264,21.5594,0.4972
M1135_0-0_M1135_0-0-Webcam-R-265,21.5677,0.4987
M1135_0-0_M1135_0-0-Webcam-R-266,21.5424,0.4979
M1135_0-0_M1135_0-0-Webcam-R-267,21.5424,0.4979
M1135_0-0_M1135_0-0-Webcam-R-268,21.5766,0.4961
M1135_0-0_M1135_0-0-Webcam-R-269,21.5742,0.4961
M1135_0-0_M1135_0-0-Webcam-R-270,21.5004,0.4876
M1135_0-0_M1135_0-0-Webcam-R-271,21.5148,0.4862
M1135_0-0_M1135_0-0-Webcam-R-272,21.5001,0.4852
M1135_0-0_M1135_0-0-Webcam-R-273,21.5001,0.4852
M1135_0-0_M1135_0-0-Webcam-R-274,21.5224,0.4859
M1135_0-0_M1135_0-0-Webcam-R-275,21.5246,0.4860
M1135_0-0_M1135_0-0-Webcam-R-276,21.5246,0.4860
M1135_0-0_M1135_0-0-Webcam-R-277,21.5299,0.4857
M1135_0-0_M1135_0-0-Webcam-R-278,21.5209,0.4846
M1135_0-0_M1135_0-0-Webcam-R-279,21.5209,0.4846
M1135_0-0_M1135_0-0-Webcam-R-280,21.5171,0.4840
M1135_0-0_M1135_0-0-Webcam-R-281,21.5184,0.4833
M1135_0-0_M1135_0-0-Webcam-R-282,21.4368,0.4840
M1135_0-0_M1135_0-0-Webcam-R-283,21.4280,0.4805
M1135_0-0_M1135_0-0-Webcam-R-284,21.4409,0.4818
M1135_0-0_M1135_0-0-Webcam-R-285,21.4426,0.4822
M1135_0-0_M1135_0-0-Webcam-R-286,21.4391,0.4813
M1135_0-0_M1135_0-0-Webcam-R-287,21.4376,0.4804
M1135_0-0_M1135_0-0-Webcam-R-288,21.4349,0.4794
M1135_0-0_M1135_0-0-Webcam-R-289,21.4244,0.4781
M1135_0-0_M1135_0-0-Webcam-R-290,21.4509,0.4802
M1135_0-0_M1135_0-0-Webcam-R-291,21.4509,0.4802
M1135_0-0_M1135_0-0-Webcam-R-292,21.4409,0.4796
M1135_0-0_M1135_0-0-Webcam-R-293,21.4203,0.4791
M1135_0-0_M1135_0-0-Webcam-R-294,21.4268,0.4763
M1135_0-0_M1135_0-0-Webcam-R-295,21.4280,0.4787
M1135_0-0_M1135_0-0-Webcam-R-296,21.4198,0.4782
M1135_0-0_M1135_0-0-Webcam-R-297,21.4198,0.4782
M1135_0-0_M1135_0-0-Webcam-R-298,21.4323,0.4788
M1135_0-0_M1135_0-0-Webcam-R-299,21.4418,0.4808
Oinari_0-0_Oinari_0-0-Webcam-R-000,16.6521,0.4171
Oinari_0-0_Oinari_0-0-Webcam-R-001,16.6521,0.4171
Oinari_0-0_Oinari_0-0-Webcam-R-002,16.7890,0.4727
Oinari_0-0_Oinari_0-0-Webcam-R-003,16.7890,0.4727
Oinari_0-0_Oinari_0-0-Webcam-R-004,16.7890,0.4727
Oinari_0-0_Oinari_0-0-Webcam-R-005,16.7895,0.4741
Oinari_0-0_Oinari_0-0-Webcam-R-006,16.7881,0.4741
Oinari_0-0_Oinari_0-0-Webcam-R-007,16.7881,0.4741
Oinari_0-0_Oinari_0-0-Webcam-R-008,16.7165,0.4134
Oinari_0-0_Oinari_0-0-Webcam-R-009,16.6989,0.3974
Oinari_0-0_Oinari_0-0-Webcam-R-010,16.6989,0.3974
Oinari_0-0_Oinari_0-0-Webcam-R-011,16.8573,0.4644
Oinari_0-0_Oinari_0-0-Webcam-R-012,16.8573,0.4644
Oinari_0-0_Oinari_0-0-Webcam-R-013,16.8573,0.4644
Oinari_0-0_Oinari_0-0-Webcam-R-014,16.7826,0.4623
Oinari_0-0_Oinari_0-0-Webcam-R-015,16.7826,0.4623
Oinari_0-0_Oinari_0-0-Webcam-R-016,16.7826,0.4623
Oinari_0-0_Oinari_0-0-Webcam-R-017,16.8447,0.4783
Oinari_0-0_Oinari_0-0-Webcam-R-018,16.8447,0.4783
Oinari_0-0_Oinari_0-0-Webcam-R-019,16.8447,0.4783
Oinari_0-0_Oinari_0-0-Webcam-R-020,16.8509,0.4761
Oinari_0-0_Oinari_0-0-Webcam-R-021,16.8509,0.4761
Oinari_0-0_Oinari_0-0-Webcam-R-022,16.8509,0.4761
Oinari_0-0_Oinari_0-0-Webcam-R-023,16.8541,0.4734
Oinari_0-0_Oinari_0-0-Webcam-R-024,16.8541,0.4734
Oinari_0-0_Oinari_0-0-Webcam-R-025,16.8541,0.4734
Oinari_0-0_Oinari_0-0-Webcam-R-026,16.8916,0.4746
Oinari_0-0_Oinari_0-0-Webcam-R-027,16.8916,0.4746
Oinari_0-0_Oinari_0-0-Webcam-R-028,16.8916,0.4746
Oinari_0-0_Oinari_0-0-Webcam-R-029,16.9506,0.4913
Oinari_0-0_Oinari_0-0-Webcam-R-030,16.9506,0.4913
Oinari_0-0_Oinari_0-0-Webcam-R-031,16.9506,0.4913
Oinari_0-0_Oinari_0-0-Webcam-R-032,16.9413,0.4909
Oinari_0-0_Oinari_0-0-Webcam-R-033,16.9553,0.4930
Oinari_0-0_Oinari_0-0-Webcam-R-034,16.9553,0.4930
Oinari_0-0_Oinari_0-0-Webcam-R-035,16.9775,0.4922
Oinari_0-0_Oinari_0-0-Webcam-R-036,16.9775,0.4922
Oinari_0-0_Oinari_0-0-Webcam-R-037,16.9775,0.4922
Oinari_0-0_Oinari_0-0-Webcam-R-038,17.0375,0.4964
Oinari_0-0_Oinari_0-0-Webcam-R-039,17.0005,0.4902
Oinari_0-0_Oinari_0-0-Webcam-R-040,17.0005,0.4902
Oinari_0-0_Oinari_0-0-Webcam-R-041,17.0308,0.4999
Oinari_0-0_Oinari_0-0-Webcam-R-042,17.0308,0.4999
Oinari_0-0_Oinari_0-0-Webcam-R-043,17.0308,0.4999
Oinari_0-0_Oinari_0-0-Webcam-R-044,17.0211,0.5025
Oinari_0-0_Oinari_0-0-Webcam-R-045,17.0211,0.5025
Oinari_0-0_Oinari_0-0-Webcam-R-046,17.0211,0.5025
Oinari_0-0_Oinari_0-0-Webcam-R-047,16.9686,0.4920
Oinari_0-0_Oinari_0-0-Webcam-R-048,16.9743,0.4924
Oinari_0-0_Oinari_0-0-Webcam-R-049,16.9743,0.4924
Oinari_0-0_Oinari_0-0-Webcam-R-050,16.8726,0.4584
Oinari_0-0_Oinari_0-0-Webcam-R-051,16.8726,0.4584
Oinari_0-0_Oinari_0-0-Webcam-R-052,16.8726,0.4584
Oinari_0-0_Oinari_0-0-Webcam-R-053,16.8889,0.4506
Oinari_0-0_Oinari_0-0-Webcam-R-054,16.8889,0.4506
Oinari_0-0_Oinari_0-0-Webcam-R-055,16.8889,0.4506
Oinari_0-0_Oinari_0-0-Webcam-R-056,16.8868,0.4610
Oinari_0-0_Oinari_0-0-Webcam-R-057,16.8876,0.4613
Oinari_0-0_Oinari_0-0-Webcam-R-058,16.8876,0.4613
Oinari_0-0_Oinari_0-0-Webcam-R-059,16.9511,0.4840
Oinari_0-0_Oinari_0-0-Webcam-R-060,16.9511,0.4840
Oinari_0-0_Oinari_0-0-Webcam-R-061,16.9511,0.4840
Oinari_0-0_Oinari_0-0-Webcam-R-062,16.8316,0.4524
Oinari_0-0_Oinari_0-0-Webcam-R-063,16.8316,0.4524
Oinari_0-0_Oinari_0-0-Webcam-R-064,16.8316,0.4524
Oinari_0-0_Oinari_0-0-Webcam-R-065,16.8773,0.4610
Oinari_0-0_Oinari_0-0-Webcam-R-066,16.8773,0.4610
Oinari_0-0_Oinari_0-0-Webcam-R-067,16.8773,0.4610
Oinari_0-0_Oinari_0-0-Webcam-R-068,16.5822,0.3779
Oinari_0-0_Oinari_0-0-Webcam-R-069,16.5554,0.3647
Oinari_0-0_Oinari_0-0-Webcam-R-070,16.5554,0.3647
Oinari_0-0_Oinari_0-0-Webcam-R-071,16.6403,0.3882
Oinari_0-0_Oinari_0-0-Webcam-R-072,16.6403,0.3882
Oinari_0-0_Oinari_0-0-Webcam-R-073,16.6403,0.3882
Oinari_0-0_Oinari_0-0-Webcam-R-074,16.8086,0.4487
Oinari_0-0_Oinari_0-0-Webcam-R-075,16.8086,0.4487
Oinari_0-0_Oinari_0-0-Webcam-R-076,16.8086,0.4487
Oinari_0-0_Oinari_0-0-Webcam-R-077,16.8628,0.4626
Oinari_0-0_Oinari_0-0-Webcam-R-078,16.8628,0.4626
Oinari_0-0_Oinari_0-0-Webcam-R-079,16.8628,0.4626
Oinari_0-0_Oinari_0-0-Webcam-R-080,16.9157,0.4830
Oinari_0-0_Oinari_0-0-Webcam-R-081,16.9157,0.4830
Oinari_0-0_Oinari_0-0-Webcam-R-082,16.9157,0.4830
Oinari_0-0_Oinari_0-0-Webcam-R-083,16.9108,0.4745
Oinari_0-0_Oinari_0-0-Webcam-R-084,16.9129,0.4744
Oinari_0-0_Oinari_0-0-Webcam-R-085,16.9129,0.4744
Oinari_0-0_Oinari_0-0-Webcam-R-086,16.8657,0.4602
Oinari_0-0_Oinari_0-0-Webcam-R-087,16.8657,0.4602
Oinari_0-0_Oinari_0-0-Webcam-R-088,16.8657,0.4602
Oinari_0-0_Oinari_0-0-Webcam-R-089,16.8430,0.4783
Oinari_0-0_Oinari_0-0-Webcam-R-090,16.8443,0.4796
Oinari_0-0_Oinari_0-0-Webcam-R-091,16.8443,0.4796
Oinari_0-0_Oinari_0-0-Webcam-R-092,16.7729,0.4638
Oinari_0-0_Oinari_0-0-Webcam-R-093,16.7704,0.4630
Oinari_0-0_Oinari_0-0-Webcam-R-094,16.7704,0.4630
Oinari_0-0_Oinari_0-0-Webcam-R-095,16.7633,0.4647
Oinari_0-0_Oinari_0-0-Webcam-R-096,16.7613,0.4632
Oinari_0-0_Oinari_0-0-Webcam-R-097,16.7613,0.4632
Oinari_0-0_Oinari_0-0-Webcam-R-098,16.7031,0.4444
Oinari_0-0_Oinari_0-0-Webcam-R-099,16.7157,0.4325
Oinari_0-0_Oinari_0-0-Webcam-R-100,16.7157,0.4325
Oinari_0-0_Oinari_0-0-Webcam-R-101,16.8498,0.4793
Oinari_0-0_Oinari_0-0-Webcam-R-102,16.8498,0.4793
Oinari_0-0_Oinari_0-0-Webcam-R-103,16.8498,0.4793
Oinari_0-0_Oinari_0-0-Webcam-R-104,16.7170,0.4411
Oinari_0-0_Oinari_0-0-Webcam-R-105,16.7166,0.4412
Oinari_0-0_Oinari_0-0-Webcam-R-106,16.7166,0.4412
Oinari_0-0_Oinari_0-0-Webcam-R-107,16.8148,0.4653
Oinari_0-0_Oinari_0-0-Webcam-R-108,16.8086,0.4652
Oinari_0-0_Oinari_0-0-Webcam-R-109,16.8086,0.4652
Oinari_0-0_Oinari_0-0-Webcam-R-110,16.7414,0.4595
Oinari_0-0_Oinari_0-0-Webcam-R-111,16.7414,0.4595
Oinari_0-0_Oinari_0-0-Webcam-R-112,16.7414,0.4595
Oinari_0-0_Oinari_0-0-Webcam-R-113,16.7361,0.4477
Oinari_0-0_Oinari_0-0-Webcam-R-114,16.7361,0.4477
Oinari_0-0_Oinari_0-0-Webcam-R-115,16.7361,0.4477
Oinari_0-0_Oinari_0-0-Webcam-R-116,16.7253,0.4401
Oinari_0-0_Oinari_0-0-Webcam-R-117,16.7253,0.4401
Oinari_0-0_Oinari_0-0-Webcam-R-118,16.7253,0.4401
Oinari_0-0_Oinari_0-0-Webcam-R-119,16.7496,0.4576
Oinari_0-0_Oinari_0-0-Webcam-R-120,16.7398,0.4577
Oinari_0-0_Oinari_0-0-Webcam-R-121,16.7398,0.4577
Oinari_0-0_Oinari_0-0-Webcam-R-122,16.7554,0.4495
Oinari_0-0_Oinari_0-0-Webcam-R-123,16.7554,0.4495
Oinari_0-0_Oinari_0-0-Webcam-R-124,16.7554,0.4495
Oinari_0-0_Oinari_0-0-Webcam-R-125,16.7937,0.4472
Oinari_0-0_Oinari_0-0-Webcam-R-126,16.7937,0.4472
Oinari_0-0_Oinari_0-0-Webcam-R-127,16.7937,0.4472
Oinari_0-0_Oinari_0-0-Webcam-R-128,16.7666,0.4167
Oinari_0-0_Oinari_0-0-Webcam-R-129,16.6805,0.4022
Oinari_0-0_Oinari_0-0-Webcam-R-130,16.6805,0.4022
Oinari_0-0_Oinari_0-0-Webcam-R-131,16.5943,0.4110
Oinari_0-0_Oinari_0-0-Webcam-R-132,16.5947,0.4110
Oinari_0-0_Oinari_0-0-Webcam-R-133,16.5947,0.4110
Oinari_0-0_Oinari_0-0-Webcam-R-134,16.8354,0.4410
Oinari_0-0_Oinari_0-0-Webcam-R-135,16.8354,0.4410
Oinari_0-0_Oinari_0-0-Webcam-R-136,16.8354,0.4410
Oinari_0-0_Oinari_0-0-Webcam-R-137,16.8209,0.4451
Oinari_0-0_Oinari_0-0-Webcam-R-138,16.8209,0.4451
Oinari_0-0_Oinari_0-0-Webcam-R-139,16.8209,0.4451
Oinari_0-0_Oinari_0-0-Webcam-R-140,16.8411,0.4421
Oinari_0-0_Oinari_0-0-Webcam-R-141,16.8411,0.4421
Oinari_0-0_Oinari_0-0-Webcam-R-142,16.8411,0.4421
Oinari_0-0_Oinari_0-0-Webcam-R-143,16.9120,0.4792
Oinari_0-0_Oinari_0-0-Webcam-R-144,16.9120,0.4792
Oinari_0-0_Oinari_0-0-Webcam-R-145,16.9120,0.4792
Oinari_0-0_Oinari_0-0-Webcam-R-146,16.8971,0.4779
Oinari_0-0_Oinari_0-0-Webcam-R-147,16.8971,0.4779
Oinari_0-0_Oinari_0-0-Webcam-R-148,16.8971,0.4779
Oinari_0-0_Oinari_0-0-Webcam-R-149,16.7842,0.4684
Oinari_0-0_Oinari_0-0-Webcam-R-150,16.6982,0.4474
Oinari_0-0_Oinari_0-0-Webcam-R-151,16.6982,0.4474
Oinari_0-0_Oinari_0-0-Webcam-R-152,16.6953,0.4410
Oinari_0-0_Oinari_0-0-Webcam-R-153,16.6953,0.4410
Oinari_0-0_Oinari_0-0-Webcam-R-154,16.6953,0.4410
Oinari_0-0_Oinari_0-0-Webcam-R-155,16.7214,0.4428
Oinari_0-0_Oinari_0-0-Webcam-R-156,16.7214,0.4428
Oinari_0-0_Oinari_0-0-Webcam-R-157,16.7214,0.4428
Oinari_0-0_Oinari_0-0-Webcam-R-158,16.6565,0.3760
Oinari_0-0_Oinari_0-0-Webcam-R-159,16.6258,0.3752
Oinari_0-0_Oinari_0-0-Webcam-R-160,16.6258,0.3752
Oinari_0-0_Oinari_0-0-Webcam-R-161,16.7255,0.4472
Oinari_0-0_Oinari_0-0-Webcam-R-162,16.7255,0.4472
Oinari_0-0_Oinari_0-0-Webcam-R-163,16.7255,0.4472
Oinari_0-0_Oinari_0-0-Webcam-R-164,16.7246,0.4245
Oinari_0-0_Oinari_0-0-Webcam-R-165,16.7246,0.4245
Oinari_0-0_Oinari_0-0-Webcam-R-166,16.7246,0.4245
Oinari_0-0_Oinari_0-0-Webcam-R-167,16.6479,0.4078
Oinari_0-0_Oinari_0-0-Webcam-R-168,16.6479,0.4078
Oinari_0-0_Oinari_0-0-Webcam-R-169,16.6479,0.4078
Oinari_0-0_Oinari_0-0-Webcam-R-170,16.4452,0.3832
Oinari_0-0_Oinari_0-0-Webcam-R-171,16.4452,0.3832
Oinari_0-0_Oinari_0-0-Webcam-R-172,16.4452,0.3832
Oinari_0-0_Oinari_0-0-Webcam-R-173,16.4339,0.3403
Oinari_0-0_Oinari_0-0-Webcam-R-174,16.4339,0.3403
Oinari_0-0_Oinari_0-0-Webcam-R-175,16.4339,0.3403
Oinari_0-0_Oinari_0-0-Webcam-R-176,16.5681,0.3894
Oinari_0-0_Oinari_0-0-Webcam-R-177,16.5681,0.3894
Oinari_0-0_Oinari_0-0-Webcam-R-178,16.5681,0.3894
Oinari_0-0_Oinari_0-0-Webcam-R-179,16.5392,0.4011
Oinari_0-0_Oinari_0-0-Webcam-R-180,16.5451,0.4011
Oinari_0-0_Oinari_0-0-Webcam-R-181,16.5451,0.4011
Oinari_0-0_Oinari_0-0-Webcam-R-182,16.6212,0.4260
Oinari_0-0_Oinari_0-0-Webcam-R-183,16.6212,0.4260
Oinari_0-0_Oinari_0-0-Webcam-R-184,16.6212,0.4260
Oinari_0-0_Oinari_0-0-Webcam-R-185,16.5408,0.4107
Oinari_0-0_Oinari_0-0-Webcam-R-186,16.5408,0.4107
Oinari_0-0_Oinari_0-0-Webcam-R-187,16.5408,0.4107
Oinari_0-0_Oinari_0-0-Webcam-R-188,16.3198,0.2687
Oinari_0-0_Oinari_0-0-Webcam-R-189,16.2729,0.2521
Oinari_0-0_Oinari_0-0-Webcam-R-190,16.2729,0.2521
Oinari_0-0_Oinari_0-0-Webcam-R-191,16.2533,0.3580
Oinari_0-0_Oinari_0-0-Webcam-R-192,16.2533,0.3580
Oinari_0-0_Oinari_0-0-Webcam-R-193,16.2533,0.3580
Oinari_0-0_Oinari_0-0-Webcam-R-194,16.4451,0.4105
Oinari_0-0_Oinari_0-0-Webcam-R-195,16.4451,0.4105
Oinari_0-0_Oinari_0-0-Webcam-R-196,16.4451,0.4105
Oinari_0-0_Oinari_0-0-Webcam-R-197,16.3335,0.4007
Oinari_0-0_Oinari_0-0-Webcam-R-198,16.3335,0.4007
Oinari_0-0_Oinari_0-0-Webcam-R-199,16.3335,0.4007
Oinari_0-0_Oinari_0-0-Webcam-R-200,16.3014,0.3880
Oinari_0-0_Oinari_0-0-Webcam-R-201,16.3032,0.3890
Oinari_0-0_Oinari_0-0-Webcam-R-202,16.3032,0.3890
Oinari_0-0_Oinari_0-0-Webcam-R-203,16.3290,0.4014
Oinari_0-0_Oinari_0-0-Webcam-R-204,16.3290,0.4014
Oinari_0-0_Oinari_0-0-Webcam-R-205,16.3290,0.4014
Oinari_0-0_Oinari_0-0-Webcam-R-206,16.4105,0.4220
Oinari_0-0_Oinari_0-0-Webcam-R-207,16.4126,0.4210
Oinari_0-0_Oinari_0-0-Webcam-R-208,16.4126,0.4210
Oinari_0-0_Oinari_0-0-Webcam-R-209,16.3571,0.4051
Oinari_0-0_Oinari_0-0-Webcam-R-210,16.3571,0.4051
Oinari_0-0_Oinari_0-0-Webcam-R-211,16.3571,0.4051
Oinari_0-0_Oinari_0-0-Webcam-R-212,16.3573,0.4205
Oinari_0-0_Oinari_0-0-Webcam-R-213,16.3651,0.4218
Oinari_0-0_Oinari_0-0-Webcam-R-214,16.3651,0.4218
Oinari_0-0_Oinari_0-0-Webcam-R-215,16.3722,0.4149
Oinari_0-0_Oinari_0-0-Webcam-R-216,16.3722,0.4149
Oinari_0-0_Oinari_0-0-Webcam-R-217,16.3722,0.4149
Oinari_0-0_Oinari_0-0-Webcam-R-218,16.2445,0.3686
Oinari_0-0_Oinari_0-0-Webcam-R-219,16.2106,0.3492
Oinari_0-0_Oinari_0-0-Webcam-R-220,16.2106,0.3492
Oinari_0-0_Oinari_0-0-Webcam-R-221,16.4257,0.4319
Oinari_0-0_Oinari_0-0-Webcam-R-222,16.4265,0.4319
Oinari_0-0_Oinari_0-0-Webcam-R-223,16.4265,0.4319
Oinari_0-0_Oinari_0-0-Webcam-R-224,16.4368,0.4359
Oinari_0-0_Oinari_0-0-Webcam-R-225,16.4368,0.4359
Oinari_0-0_Oinari_0-0-Webcam-R-226,16.4368,0.4359
Oinari_0-0_Oinari_0-0-Webcam-R-227,16.4810,0.4407
Oinari_0-0_Oinari_0-0-Webcam-R-228,16.4810,0.4407
Oinari_0-0_Oinari_0-0-Webcam-R-229,16.4810,0.4407
Oinari_0-0_Oinari_0-0-Webcam-R-230,16.5300,0.4449
Oinari_0-0_Oinari_0-0-Webcam-R-231,16.5315,0.4448
Oinari_0-0_Oinari_0-0-Webcam-R-232,16.5315,0.4448
Oinari_0-0_Oinari_0-0-Webcam-R-233,16.5326,0.4428
Oinari_0-0_Oinari_0-0-Webcam-R-234,16.5326,0.4428
Oinari_0-0_Oinari_0-0-Webcam-R-235,16.5326,0.4428
Oinari_0-0_Oinari_0-0-Webcam-R-236,16.5907,0.4341
Oinari_0-0_Oinari_0-0-Webcam-R-237,16.5907,0.4341
Oinari_0-0_Oinari_0-0-Webcam-R-238,16.5907,0.4341
Oinari_0-0_Oinari_0-0-Webcam-R-239,16.6267,0.4562
Oinari_0-0_Oinari_0-0-Webcam-R-240,16.6258,0.4574
Oinari_0-0_Oinari_0-0-Webcam-R-241,16.6258,0.4574
Oinari_0-0_Oinari_0-0-Webcam-R-242,16.6636,0.4699
Oinari_0-0_Oinari_0-0-Webcam-R-243,16.6635,0.4699
Oinari_0-0_Oinari_0-0-Webcam-R-244,16.6635,0.4699
Oinari_0-0_Oinari_0-0-Webcam-R-245,16.6587,0.4716
Oinari_0-0_Oinari_0-0-Webcam-R-246,16.6587,0.4716
Oinari_0-0_Oinari_0-0-Webcam-R-247,16.6587,0.4716
Oinari_0-0_Oinari_0-0-Webcam-R-248,16.6496,0.4113
Oinari_0-0_Oinari_0-0-Webcam-R-249,16.6168,0.4006
Oinari_0-0_Oinari_0-0-Webcam-R-250,16.6168,0.4006
Oinari_0-0_Oinari_0-0-Webcam-R-251,16.7177,0.4443
Oinari_0-0_Oinari_0-0-Webcam-R-252,16.7177,0.4443
Oinari_0-0_Oinari_0-0-Webcam-R-253,16.7177,0.4443
Oinari_0-0_Oinari_0-0-Webcam-R-254,16.6618,0.4404
Oinari_0-0_Oinari_0-0-Webcam-R-255,16.6618,0.4404
Oinari_0-0_Oinari_0-0-Webcam-R-256,16.6618,0.4404
Oinari_0-0_Oinari_0-0-Webcam-R-257,16.4964,0.4103
Oinari_0-0_Oinari_0-0-Webcam-R-258,16.4964,0.4103
Oinari_0-0_Oinari_0-0-Webcam-R-259,16.4964,0.4103
Oinari_0-0_Oinari_0-0-Webcam-R-260,16.5859,0.4156
Oinari_0-0_Oinari_0-0-Webcam-R-261,16.5847,0.4156
Oinari_0-0_Oinari_0-0-Webcam-R-262,16.5847,0.4156
Oinari_0-0_Oinari_0-0-Webcam-R-263,16.6100,0.4157
Oinari_0-0_Oinari_0-0-Webcam-R-264,16.6100,0.4157
Oinari_0-0_Oinari_0-0-Webcam-R-265,16.6100,0.4157
Oinari_0-0_Oinari_0-0-Webcam-R-266,16.6095,0.4529
Oinari_0-0_Oinari_0-0-Webcam-R-267,16.6095,0.4529
Oinari_0-0_Oinari_0-0-Webcam-R-268,16.6095,0.4529
Oinari_0-0_Oinari_0-0-Webcam-R-269,16.5868,0.4488
Oinari_0-0_Oinari_0-0-Webcam-R-270,16.5868,0.4488
Oinari_0-0_Oinari_0-0-Webcam-R-271,16.5868,0.4488
Oinari_0-0_Oinari_0-0-Webcam-R-272,16.4678,0.4249
Oinari_0-0_Oinari_0-0-Webcam-R-273,16.4678,0.4249
Oinari_0-0_Oinari_0-0-Webcam-R-274,16.4678,0.4249
Oinari_0-0_Oinari_0-0-Webcam-R-275,16.4362,0.4335
Oinari_0-0_Oinari_0-0-Webcam-R-276,16.4379,0.4335
Oinari_0-0_Oinari_0-0-Webcam-R-277,16.4379,0.4335
Oinari_0-0_Oinari_0-0-Webcam-R-278,16.2703,0.3549
Oinari_0-0_Oinari_0-0-Webcam-R-279,16.2692,0.3440
Oinari_0-0_Oinari_0-0-Webcam-R-280,16.2692,0.3440
Oinari_0-0_Oinari_0-0-Webcam-R-281,16.4405,0.4033
Oinari_0-0_Oinari_0-0-Webcam-R-282,16.4405,0.4033
Oinari_0-0_Oinari_0-0-Webcam-R-283,16.4405,0.4033
Oinari_0-0_Oinari_0-0-Webcam-R-284,16.4797,0.4139
Oinari_0-0_Oinari_0-0-Webcam-R-285,16.4797,0.4139
Oinari_0-0_Oinari_0-0-Webcam-R-286,16.4797,0.4139
Oinari_0-0_Oinari_0-0-Webcam-R-287,16.5363,0.4338
Oinari_0-0_Oinari_0-0-Webcam-R-288,16.5363,0.4341
Oinari_0-0_Oinari_0-0-Webcam-R-289,16.5363,0.4341
Oinari_0-0_Oinari_0-0-Webcam-R-290,16.3603,0.3761
Oinari_0-0_Oinari_0-0-Webcam-R-291,16.3603,0.3761
Oinari_0-0_Oinari_0-0-Webcam-R-292,16.3603,0.3761
Oinari_0-0_Oinari_0-0-Webcam-R-293,16.6066,0.4504
Oinari_0-0_Oinari_0-0-Webcam-R-294,16.6066,0.4504
Oinari_0-0_Oinari_0-0-Webcam-R-295,16.6066,0.4504
Oinari_0-0_Oinari_0-0-Webcam-R-296,16.1898,0.3851
Oinari_0-0_Oinari_0-0-Webcam-R-297,16.1898,0.3851
Oinari_0-0_Oinari_0-0-Webcam-R-298,16.1898,0.3851
Oinari_0-0_Oinari_0-0-Webcam-R-299,16.5367,0.4339
Oinari_1-1_Oinari_1-1-Webcam-R-000,18.8911,0.5755
Oinari_1-1_Oinari_1-1-Webcam-R-001,18.9350,0.5840
Oinari_1-1_Oinari_1-1-Webcam-R-002,18.9464,0.5852
Oinari_1-1_Oinari_1-1-Webcam-R-003,18.9442,0.5852
Oinari_1-1_Oinari_1-1-Webcam-R-004,18.9353,0.5834
Oinari_1-1_Oinari_1-1-Webcam-R-005,18.9399,0.5840
Oinari_1-1_Oinari_1-1-Webcam-R-006,18.9400,0.5841
Oinari_1-1_Oinari_1-1-Webcam-R-007,18.8970,0.5830
Oinari_1-1_Oinari_1-1-Webcam-R-008,18.8982,0.5836
Oinari_1-1_Oinari_1-1-Webcam-R-009,18.8949,0.5833
Oinari_1-1_Oinari_1-1-Webcam-R-010,19.0895,0.5924
Oinari_1-1_Oinari_1-1-Webcam-R-011,19.0988,0.5936
Oinari_1-1_Oinari_1-1-Webcam-R-012,19.0988,0.5936
Oinari_1-1_Oinari_1-1-Webcam-R-013,19.0946,0.6011
Oinari_1-1_Oinari_1-1-Webcam-R-014,19.0988,0.6015
Oinari_1-1_Oinari_1-1-Webcam-R-015,19.1000,0.6016
Oinari_1-1_Oinari_1-1-Webcam-R-016,18.9227,0.5937
Oinari_1-1_Oinari_1-1-Webcam-R-017,18.9228,0.5936
Oinari_1-1_Oinari_1-1-Webcam-R-018,18.9228,0.5936
Oinari_1-1_Oinari_1-1-Webcam-R-019,19.0480,0.6029
Oinari_1-1_Oinari_1-1-Webcam-R-020,19.0392,0.6027
Oinari_1-1_Oinari_1-1-Webcam-R-021,19.0392,0.6027
Oinari_1-1_Oinari_1-1-Webcam-R-022,19.1783,0.6057
Oinari_1-1_Oinari_1-1-Webcam-R-023,19.1773,0.6058
Oinari_1-1_Oinari_1-1-Webcam-R-024,19.1773,0.6058
Oinari_1-1_Oinari_1-1-Webcam-R-025,18.6856,0.5417
Oinari_1-1_Oinari_1-1-Webcam-R-026,18.6689,0.5405
Oinari_1-1_Oinari_1-1-Webcam-R-027,18.6603,0.5407
Oinari_1-1_Oinari_1-1-Webcam-R-028,18.8399,0.5654
Oinari_1-1_Oinari_1-1-Webcam-R-029,18.8534,0.5661
Oinari_1-1_Oinari_1-1-Webcam-R-030,18.8548,0.5662
Oinari_1-1_Oinari_1-1-Webcam-R-031,18.8292,0.5732
Oinari_1-1_Oinari_1-1-Webcam-R-032,18.8342,0.5738
Oinari_1-1_Oinari_1-1-Webcam-R-033,18.8333,0.5737
Oinari_1-1_Oinari_1-1-Webcam-R-034,18.9274,0.5885
Oinari_1-1_Oinari_1-1-Webcam-R-035,18.9388,0.5900
Oinari_1-1_Oinari_1-1-Webcam-R-036,18.9389,0.5899
Oinari_1-1_Oinari_1-1-Webcam-R-037,18.7404,0.5782
Oinari_1-1_Oinari_1-1-Webcam-R-038,18.7497,0.5787
Oinari_1-1_Oinari_1-1-Webcam-R-039,18.7501,0.5788
Oinari_1-1_Oinari_1-1-Webcam-R-040,18.5684,0.5621
Oinari_1-1_Oinari_1-1-Webcam-R-041,18.5751,0.5630
Oinari_1-1_Oinari_1-1-Webcam-R-042,18.5731,0.5629
Oinari_1-1_Oinari_1-1-Webcam-R-043,18.6847,0.5702
Oinari_1-1_Oinari_1-1-Webcam-R-044,18.6813,0.5702
Oinari_1-1_Oinari_1-1-Webcam-R-045,18.6804,0.5701
Oinari_1-1_Oinari_1-1-Webcam-R-046,18.7789,0.5728
Oinari_1-1_Oinari_1-1-Webcam-R-047,18.7824,0.5730
Oinari_1-1_Oinari_1-1-Webcam-R-048,18.7824,0.5730
Oinari_1-1_Oinari_1-1-Webcam-R-049,18.5800,0.5589
Oinari_1-1_Oinari_1-1-Webcam-R-050,18.5775,0.5591
Oinari_1-1_Oinari_1-1-Webcam-R-051,18.5775,0.5591
Oinari_1-1_Oinari_1-1-Webcam-R-052,18.4272,0.5505
Oinari_1-1_Oinari_1-1-Webcam-R-053,18.4273,0.5507
Oinari_1-1_Oinari_1-1-Webcam-R-054,18.4273,0.5507
Oinari_1-1_Oinari_1-1-Webcam-R-055,18.3468,0.5222
Oinari_1-1_Oinari_1-1-Webcam-R-056,18.3415,0.5221
Oinari_1-1_Oinari_1-1-Webcam-R-057,18.3223,0.5238
Oinari_1-1_Oinari_1-1-Webcam-R-058,18.4338,0.5381
Oinari_1-1_Oinari_1-1-Webcam-R-059,18.4622,0.5400
Oinari_1-1_Oinari_1-1-Webcam-R-060,18.4622,0.5400
Oinari_1-1_Oinari_1-1-Webcam-R-061,18.7135,0.5519
Oinari_1-1_Oinari_1-1-Webcam-R-062,18.7346,0.5531
Oinari_1-1_Oinari_1-1-Webcam-R-063,18.7346,0.5531
Oinari_1-1_Oinari_1-1-Webcam-R-064,18.8713,0.5691
Oinari_1-1_Oinari_1-1-Webcam-R-065,18.8801,0.5707
Oinari_1-1_Oinari_1-1-Webcam-R-066,18.8801,0.5707
Oinari_1-1_Oinari_1-1-Webcam-R-067,18.9125,0.5776
Oinari_1-1_Oinari_1-1-Webcam-R-068,18.9118,0.5775
Oinari_1-1_Oinari_1-1-Webcam-R-069,18.9118,0.5775
Oinari_1-1_Oinari_1-1-Webcam-R-070,18.8176,0.5760
Oinari_1-1_Oinari_1-1-Webcam-R-071,18.8140,0.5763
Oinari_1-1_Oinari_1-1-Webcam-R-072,18.8140,0.5763
Oinari_1-1_Oinari_1-1-Webcam-R-073,18.6537,0.5675
Oinari_1-1_Oinari_1-1-Webcam-R-074,18.6490,0.5677
Oinari_1-1_Oinari_1-1-Webcam-R-075,18.6490,0.5677
Oinari_1-1_Oinari_1-1-Webcam-R-076,18.6845,0.5630
Oinari_1-1_Oinari_1-1-Webcam-R-077,18.6826,0.5632
Oinari_1-1_Oinari_1-1-Webcam-R-078,18.6826,0.5632
Oinari_1-1_Oinari_1-1-Webcam-R-079,18.7178,0.5672
Oinari_1-1_Oinari_1-1-Webcam-R-080,18.7205,0.5676
Oinari_1-1_Oinari_1-1-Webcam-R-081,18.7205,0.5676
Oinari_1-1_Oinari_1-1-Webcam-R-082,18.6258,0.5561
Oinari_1-1_Oinari_1-1-Webcam-R-083,18.6257,0.5562
Oinari_1-1_Oinari_1-1-Webcam-R-084,18.6257,0.5562
Oinari_1-1_Oinari_1-1-Webcam-R-085,18.1254,0.4864
Oinari_1-1_Oinari_1-1-Webcam-R-086,18.1239,0.4861
Oinari_1-1_Oinari_1-1-Webcam-R-087,18.1256,0.4869
Oinari_1-1_Oinari_1-1-Webcam-R-088,18.0526,0.4917
Oinari_1-1_Oinari_1-1-Webcam-R-089,18.0671,0.4927
Oinari_1-1_Oinari_1-1-Webcam-R-090,18.0671,0.4927
Oinari_1-1_Oinari_1-1-Webcam-R-091,18.1206,0.5092
Oinari_1-1_Oinari_1-1-Webcam-R-092,18.1389,0.5101
Oinari_1-1_Oinari_1-1-Webcam-R-093,18.1389,0.5101
Oinari_1-1_Oinari_1-1-Webcam-R-094,18.2992,0.5270
Oinari_1-1_Oinari_1-1-Webcam-R-095,18.2989,0.5273
Oinari_1-1_Oinari_1-1-Webcam-R-096,18.2984,0.5274
Oinari_1-1_Oinari_1-1-Webcam-R-097,18.2072,0.5205
Oinari_1-1_Oinari_1-1-Webcam-R-098,18.2008,0.5204
Oinari_1-1_Oinari_1-1-Webcam-R-099,18.1995,0.5205
Oinari_1-1_Oinari_1-1-Webcam-R-100,17.9636,0.5143
Oinari_1-1_Oinari_1-1-Webcam-R-101,17.9626,0.5145
Oinari_1-1_Oinari_1-1-Webcam-R-102,17.9626,0.5145
Oinari_1-1_Oinari_1-1-Webcam-R-103,18.0083,0.5110
Oinari_1-1_Oinari_1-1-Webcam-R-104,18.0057,0.5111
Oinari_1-1_Oinari_1-1-Webcam-R-105,18.0057,0.5111
Oinari_1-1_Oinari_1-1-Webcam-R-106,18.2258,0.5306
Oinari_1-1_Oinari_1-1-Webcam-R-107,18.2290,0.5314
Oinari_1-1_Oinari_1-1-Webcam-R-108,18.2267,0.5313
Oinari_1-1_Oinari_1-1-Webcam-R-109,18.1328,0.5197
Oinari_1-1_Oinari_1-1-Webcam-R-110,18.1299,0.5199
Oinari_1-1_Oinari_1-1-Webcam-R-111,18.1299,0.5199
Oinari_1-1_Oinari_1-1-Webcam-R-112,18.2243,0.5227
Oinari_1-1_Oinari_1-1-Webcam-R-113,18.2248,0.5229
Oinari_1-1_Oinari_1-1-Webcam-R-114,18.2248,0.5229
Oinari_1-1_Oinari_1-1-Webcam-R-115,17.9736,0.4691
Oinari_1-1_Oinari_1-1-Webcam-R-116,17.9625,0.4691
Oinari_1-1_Oinari_1-1-Webcam-R-117,17.9610,0.4693
Oinari_1-1_Oinari_1-1-Webcam-R-118,18.3040,0.4902
Oinari_1-1_Oinari_1-1-Webcam-R-119,18.3157,0.4914
Oinari_1-1_Oinari_1-1-Webcam-R-120,18.3157,0.4914
Oinari_1-1_Oinari_1-1-Webcam-R-121,18.7014,0.5186
Oinari_1-1_Oinari_1-1-Webcam-R-122,18.7269,0.5222
Oinari_1-1_Oinari_1-1-Webcam-R-123,18.7269,0.5222
Oinari_1-1_Oinari_1-1-Webcam-R-124,18.6665,0.5329
Oinari_1-1_Oinari_1-1-Webcam-R-125,18.6758,0.5348
Oinari_1-1_Oinari_1-1-Webcam-R-126,18.6758,0.5348
Oinari_1-1_Oinari_1-1-Webcam-R-127,18.7005,0.5419
Oinari_1-1_Oinari_1-1-Webcam-R-128,18.7038,0.5424
Oinari_1-1_Oinari_1-1-Webcam-R-129,18.7038,0.5424
Oinari_1-1_Oinari_1-1-Webcam-R-130,18.5378,0.5398
Oinari_1-1_Oinari_1-1-Webcam-R-131,18.5381,0.5399
Oinari_1-1_Oinari_1-1-Webcam-R-132,18.5381,0.5399
Oinari_1-1_Oinari_1-1-Webcam-R-133,18.7940,0.5482
Oinari_1-1_Oinari_1-1-Webcam-R-134,18.7992,0.5490
Oinari_1-1_Oinari_1-1-Webcam-R-135,18.7992,0.5490
Oinari_1-1_Oinari_1-1-Webcam-R-136,18.8520,0.5544
Oinari_1-1_Oinari_1-1-Webcam-R-137,18.8585,0.5548
Oinari_1-1_Oinari_1-1-Webcam-R-138,18.8585,0.5548
Oinari_1-1_Oinari_1-1-Webcam-R-139,18.7276,0.5535
Oinari_1-1_Oinari_1-1-Webcam-R-140,18.7310,0.5538
Oinari_1-1_Oinari_1-1-Webcam-R-141,18.7310,0.5538
Oinari_1-1_Oinari_1-1-Webcam-R-142,18.8856,0.5557
Oinari_1-1_Oinari_1-1-Webcam-R-143,18.8920,0.5559
Oinari_1-1_Oinari_1-1-Webcam-R-144,18.8920,0.5559
Oinari_1-1_Oinari_1-1-Webcam-R-145,18.2471,0.4773
Oinari_1-1_Oinari_1-1-Webcam-R-146,18.2402,0.4780
Oinari_1-1_Oinari_1-1-Webcam-R-147,18.2095,0.4794
Oinari_1-1_Oinari_1-1-Webcam-R-148,18.7670,0.5178
Oinari_1-1_Oinari_1-1-Webcam-R-149,18.7890,0.5205
Oinari_1-1_Oinari_1-1-Webcam-R-150,18.6942,0.5318
Oinari_1-1_Oinari_1-1-Webcam-R-151,19.0367,0.5582
Oinari_1-1_Oinari_1-1-Webcam-R-152,19.0498,0.5619
Oinari_1-1_Oinari_1-1-Webcam-R-153,19.0490,0.5640
Oinari_1-1_Oinari_1-1-Webcam-R-154,19.0445,0.5551
Oinari_1-1_Oinari_1-1-Webcam-R-155,19.0540,0.5557
Oinari_1-1_Oinari_1-1-Webcam-R-156,19.0580,0.5583
Oinari_1-1_Oinari_1-1-Webcam-R-157,19.1848,0.5684
Oinari_1-1_Oinari_1-1-Webcam-R-158,19.1821,0.5695
Oinari_1-1_Oinari_1-1-Webcam-R-159,19.1799,0.5708
Oinari_1-1_Oinari_1-1-Webcam-R-160,19.1102,0.5688
Oinari_1-1_Oinari_1-1-Webcam-R-161,19.1180,0.5694
Oinari_1-1_Oinari_1-1-Webcam-R-162,19.0946,0.5710
Oinari_1-1_Oinari_1-1-Webcam-R-163,18.8910,0.5692
Oinari_1-1_Oinari_1-1-Webcam-R-164,18.8857,0.5694
Oinari_1-1_Oinari_1-1-Webcam-R-165,18.8857,0.5694
Oinari_1-1_Oinari_1-1-Webcam-R-166,19.2024,0.5781
Oinari_1-1_Oinari_1-1-Webcam-R-167,19.2037,0.5781
Oinari_1-1_Oinari_1-1-Webcam-R-168,19.2037,0.5781
Oinari_1-1_Oinari_1-1-Webcam-R-169,18.9981,0.5708
Oinari_1-1_Oinari_1-1-Webcam-R-170,18.9976,0.5709
Oinari_1-1_Oinari_1-1-Webcam-R-171,18.9988,0.5710
Oinari_1-1_Oinari_1-1-Webcam-R-172,19.1781,0.5719
Oinari_1-1_Oinari_1-1-Webcam-R-173,19.1781,0.5719
Oinari_1-1_Oinari_1-1-Webcam-R-174,19.1781,0.5719
Oinari_1-1_Oinari_1-1-Webcam-R-175,18.4785,0.4988
Oinari_1-1_Oinari_1-1-Webcam-R-176,18.4719,0.4988
Oinari_1-1_Oinari_1-1-Webcam-R-177,18.4719,0.4988
Oinari_1-1_Oinari_1-1-Webcam-R-178,18.9555,0.5417
Oinari_1-1_Oinari_1-1-Webcam-R-179,18.9554,0.5417
Oinari_1-1_Oinari_1-1-Webcam-R-180,18.9554,0.5417
Oinari_1-1_Oinari_1-1-Webcam-R-181,19.0522,0.5536
Oinari_1-1_Oinari_1-1-Webcam-R-182,19.0522,0.5536
Oinari_1-1_Oinari_1-1-Webcam-R-183,19.0522,0.5536
Oinari_1-1_Oinari_1-1-Webcam-R-184,19.0691,0.5630
Oinari_1-1_Oinari_1-1-Webcam-R-185,19.0703,0.5629
Oinari_1-1_Oinari_1-1-Webcam-R-186,19.0703,0.5629
Oinari_1-1_Oinari_1-1-Webcam-R-187,19.1939,0.5756
Oinari_1-1_Oinari_1-1-Webcam-R-188,19.1966,0.5756
Oinari_1-1_Oinari_1-1-Webcam-R-189,19.1966,0.5756
Oinari_1-1_Oinari_1-1-Webcam-R-190,19.0890,0.5727
Oinari_1-1_Oinari_1-1-Webcam-R-191,19.0882,0.5727
Oinari_1-1_Oinari_1-1-Webcam-R-192,19.0882,0.5727
Oinari_1-1_Oinari_1-1-Webcam-R-193,19.0497,0.5721
Oinari_1-1_Oinari_1-1-Webcam-R-194,19.0497,0.5721
Oinari_1-1_Oinari_1-1-Webcam-R-195,19.0497,0.5721
Oinari_1-1_Oinari_1-1-Webcam-R-196,18.9254,0.5635
Oinari_1-1_Oinari_1-1-Webcam-R-197,18.9246,0.5636
Oinari_1-1_Oinari_1-1-Webcam-R-198,18.9246,0.5636
Oinari_1-1_Oinari_1-1-Webcam-R-199,19.0657,0.5748
Oinari_1-1_Oinari_1-1-Webcam-R-200,19.0654,0.5747
Oinari_1-1_Oinari_1-1-Webcam-R-201,19.0654,0.5747
Oinari_1-1_Oinari_1-1-Webcam-R-202,19.1347,0.5732
Oinari_1-1_Oinari_1-1-Webcam-R-203,19.1340,0.5734
Oinari_1-1_Oinari_1-1-Webcam-R-204,19.1340,0.5734
Oinari_1-1_Oinari_1-1-Webcam-R-205,18.7657,0.5246
Oinari_1-1_Oinari_1-1-Webcam-R-206,18.7514,0.5318
Oinari_1-1_Oinari_1-1-Webcam-R-207,18.7514,0.5318
Oinari_1-1_Oinari_1-1-Webcam-R-208,18.8728,0.5474
Oinari_1-1_Oinari_1-1-Webcam-R-209,18.8730,0.5474
Oinari_1-1_Oinari_1-1-Webcam-R-210,18.8730,0.5474
Oinari_1-1_Oinari_1-1-Webcam-R-211,18.9963,0.5632
Oinari_1-1_Oinari_1-1-Webcam-R-212,18.9977,0.5632
Oinari_1-1_Oinari_1-1-Webcam-R-213,18.9977,0.5632
Oinari_1-1_Oinari_1-1-Webcam-R-214,19.0860,0.5687
Oinari_1-1_Oinari_1-1-Webcam-R-215,19.0873,0.5687
Oinari_1-1_Oinari_1-1-Webcam-R-216,19.0873,0.5687
Oinari_1-1_Oinari_1-1-Webcam-R-217,19.1038,0.5750
Oinari_1-1_Oinari_1-1-Webcam-R-218,19.1038,0.5750
Oinari_1-1_Oinari_1-1-Webcam-R-219,19.1038,0.5750
Oinari_1-1_Oinari_1-1-Webcam-R-220,19.0709,0.5717
Oinari_1-1_Oinari_1-1-Webcam-R-221,19.0709,0.5717
Oinari_1-1_Oinari_1-1-Webcam-R-222,19.0709,0.5717
Oinari_1-1_Oinari_1-1-Webcam-R-223,19.1167,0.5741
Oinari_1-1_Oinari_1-1-Webcam-R-224,19.1158,0.5741
Oinari_1-1_Oinari_1-1-Webcam-R-225,19.1158,0.5741
Oinari_1-1_Oinari_1-1-Webcam-R-226,18.9704,0.5700
Oinari_1-1_Oinari_1-1-Webcam-R-227,18.9708,0.5700
Oinari_1-1_Oinari_1-1-Webcam-R-228,18.9708,0.5700
Oinari_1-1_Oinari_1-1-Webcam-R-229,19.1053,0.5771
Oinari_1-1_Oinari_1-1-Webcam-R-230,19.1057,0.5772
Oinari_1-1_Oinari_1-1-Webcam-R-231,19.1057,0.5772
Oinari_1-1_Oinari_1-1-Webcam-R-232,19.1619,0.5789
Oinari_1-1_Oinari_1-1-Webcam-R-233,19.1619,0.5789
Oinari_1-1_Oinari_1-1-Webcam-R-234,19.1619,0.5789
Oinari_1-1_Oinari_1-1-Webcam-R-235,18.0820,0.5030
Oinari_1-1_Oinari_1-1-Webcam-R-236,18.0472,0.5083
Oinari_1-1_Oinari_1-1-Webcam-R-237,18.0472,0.5083
Oinari_1-1_Oinari_1-1-Webcam-R-238,18.7634,0.5445
Oinari_1-1_Oinari_1-1-Webcam-R-239,18.7634,0.5445
Oinari_1-1_Oinari_1-1-Webcam-R-240,18.7634,0.5445
Oinari_1-1_Oinari_1-1-Webcam-R-241,18.9123,0.5627
Oinari_1-1_Oinari_1-1-Webcam-R-242,18.9127,0.5627
Oinari_1-1_Oinari_1-1-Webcam-R-243,18.9127,0.5627
Oinari_1-1_Oinari_1-1-Webcam-R-244,18.9370,0.5686
Oinari_1-1_Oinari_1-1-Webcam-R-245,18.9361,0.5686
Oinari_1-1_Oinari_1-1-Webcam-R-246,18.9361,0.5686
Oinari_1-1_Oinari_1-1-Webcam-R-247,18.7731,0.5548
Oinari_1-1_Oinari_1-1-Webcam-R-248,18.7731,0.5548
Oinari_1-1_Oinari_1-1-Webcam-R-249,18.7731,0.5548
Oinari_1-1_Oinari_1-1-Webcam-R-250,18.7514,0.5615
Oinari_1-1_Oinari_1-1-Webcam-R-251,18.7514,0.5615
Oinari_1-1_Oinari_1-1-Webcam-R-252,18.7514,0.5615
Oinari_1-1_Oinari_1-1-Webcam-R-253,18.6372,0.5603
Oinari_1-1_Oinari_1-1-Webcam-R-254,18.6354,0.5604
Oinari_1-1_Oinari_1-1-Webcam-R-255,18.6354,0.5604
Oinari_1-1_Oinari_1-1-Webcam-R-256,18.7227,0.5567
Oinari_1-1_Oinari_1-1-Webcam-R-257,18.7227,0.5567
Oinari_1-1_Oinari_1-1-Webcam-R-258,18.7227,0.5567
Oinari_1-1_Oinari_1-1-Webcam-R-259,18.8637,0.5583
Oinari_1-1_Oinari_1-1-Webcam-R-260,18.8654,0.5585
Oinari_1-1_Oinari_1-1-Webcam-R-261,18.8654,0.5585
Oinari_1-1_Oinari_1-1-Webcam-R-262,18.6290,0.5578
Oinari_1-1_Oinari_1-1-Webcam-R-263,18.6290,0.5578
Oinari_1-1_Oinari_1-1-Webcam-R-264,18.6290,0.5578
Oinari_1-1_Oinari_1-1-Webcam-R-265,18.3778,0.5152
Oinari_1-1_Oinari_1-1-Webcam-R-266,18.3597,0.5213
Oinari_1-1_Oinari_1-1-Webcam-R-267,18.3597,0.5213
Oinari_1-1_Oinari_1-1-Webcam-R-268,18.2680,0.5271
Oinari_1-1_Oinari_1-1-Webcam-R-269,18.2669,0.5270
Oinari_1-1_Oinari_1-1-Webcam-R-270,18.2669,0.5270
Oinari_1-1_Oinari_1-1-Webcam-R-271,18.7045,0.5423
Oinari_1-1_Oinari_1-1-Webcam-R-272,18.7042,0.5423
Oinari_1-1_Oinari_1-1-Webcam-R-273,18.7042,0.5423
Oinari_1-1_Oinari_1-1-Webcam-R-274,18.7898,0.5593
Oinari_1-1_Oinari_1-1-Webcam-R-275,18.7898,0.5594
Oinari_1-1_Oinari_1-1-Webcam-R-276,18.7898,0.5594
Oinari_1-1_Oinari_1-1-Webcam-R-277,18.8388,0.5667
Oinari_1-1_Oinari_1-1-Webcam-R-278,18.8388,0.5667
Oinari_1-1_Oinari_1-1-Webcam-R-279,18.8388,0.5667
Oinari_1-1_Oinari_1-1-Webcam-R-280,18.8514,0.5682
Oinari_1-1_Oinari_1-1-Webcam-R-281,18.8516,0.5681
Oinari_1-1_Oinari_1-1-Webcam-R-282,18.8516,0.5681
Oinari_1-1_Oinari_1-1-Webcam-R-283,18.9247,0.5713
Oinari_1-1_Oinari_1-1-Webcam-R-284,18.9247,0.5713
Oinari_1-1_Oinari_1-1-Webcam-R-285,18.9247,0.5713
Oinari_1-1_Oinari_1-1-Webcam-R-286,18.9531,0.5820
Oinari_1-1_Oinari_1-1-Webcam-R-287,18.9531,0.5820
Oinari_1-1_Oinari_1-1-Webcam-R-288,18.9531,0.5820
Oinari_1-1_Oinari_1-1-Webcam-R-289,19.2368,0.5921
Oinari_1-1_Oinari_1-1-Webcam-R-290,19.2368,0.5921
Oinari_1-1_Oinari_1-1-Webcam-R-291,19.2368,0.5921
Oinari_1-1_Oinari_1-1-Webcam-R-292,19.1474,0.5875
Oinari_1-1_Oinari_1-1-Webcam-R-293,19.1474,0.5875
Oinari_1-1_Oinari_1-1-Webcam-R-294,19.1474,0.5875
Oinari_1-1_Oinari_1-1-Webcam-R-295,18.7893,0.5284
Oinari_1-1_Oinari_1-1-Webcam-R-296,18.7646,0.5363
Oinari_1-1_Oinari_1-1-Webcam-R-297,18.7646,0.5363
Oinari_1-1_Oinari_1-1-Webcam-R-298,19.1019,0.5598
Oinari_1-1_Oinari_1-1-Webcam-R-299,19.1019,0.5598
Table_Rock_0-0_Table_Rock_0-0-Webcam-R-000,28.0856,0.8559
Table_Rock_0-0_Table_Rock_0-0-Webcam-R-001,28.0055,0.8540
Table_Rock_0-0_Table_Rock_0-0-Webcam-R-002,28.0254,0.8539
Table_Rock_0-0_Table_Rock_0-0-Webcam-R-003,27.9177,0.8516
Table_Rock_0-0_Table_Rock_0-0-Webcam-R-004,27.8989,0.8496
Table_Rock_0-0_Table_Rock_0-0-Webcam-R-005,28.0545,0.8543
Table_Rock_0-0_Table_Rock_0-0-Webcam-R-006,28.0555,0.8542
Table_Rock_0-0_Table_Rock_0-0-Webcam-R-007,27.8876,0.8501
Table_Rock_0-0_Table_Rock_0-0-Webcam-R-008,27.9966,0.8530
Table_Rock_0-0_Table_Rock_0-0-Webcam-R-009,28.0578,0.8535
Table_Rock_0-0_Table_Rock_0-0-Webcam-R-010,28.0664,0.8539
Table_Rock_0-0_Table_Rock_0-0-Webcam-R-011,28.0009,0.8530
Table_Rock_0-0_Table_Rock_0-0-Webcam-R-012,28.0009,0.8530
Table_Rock_0-0_Table_Rock_0-0-Webcam-R-013,27.7398,0.8479
Table_Rock_0-0_Table_Rock_0-0-Webcam-R-014,28.0264,0.8517
Table_Rock_0-0_Table_Rock_0-0-Webcam-R-015,27.8559,0.8459
Table_Rock_0-0_Table_Rock_0-0-Webcam-R-016,27.9928,0.8502
Table_Rock_0-0_Table_Rock_0-0-Webcam-R-017,28.0228,0.8505
Table_Rock_0-0_Table_Rock_0-0-Webcam-R-018,28.0204,0.8503
Table_Rock_0-0_Table_Rock_0-0-Webcam-R-019,27.9878,0.8504
Table_Rock_0-0_Table_Rock_0-0-Webcam-R-020,27.8613,0.8499
Table_Rock_0-0_Table_Rock_0-0-Webcam-R-021,28.4075,0.8571
Table_Rock_0-0_Table_Rock_0-0-Webcam-R-022,28.2107,0.8538
Table_Rock_0-0_Table_Rock_0-0-Webcam-R-023,28.2895,0.8550
Table_Rock_0-0_Table_Rock_0-0-Webcam-R-024,28.2902,0.8550
Table_Rock_0-0_Table_Rock_0-0-Webcam-R-025,28.2605,0.8568
Table_Rock_0-0_Table_Rock_0-0-Webcam-R-026,28.2209,0.8548
Table_Rock_0-0_Table_Rock_0-0-Webcam-R-027,28.2470,0.8556
Table_Rock_0-0_Table_Rock_0-0-Webcam-R-028,28.1868,0.8545
Table_Rock_0-0_Table_Rock_0-0-Webcam-R-029,27.9840,0.8532
Table_Rock_0-0_Table_Rock_0-0-Webcam-R-030,27.8969,0.8526
Table_Rock_0-0_Table_Rock_0-0-Webcam-R-031,27.9987,0.8522
Table_Rock_0-0_Table_Rock_0-0-Webcam-R-032,28.0140,0.8534
Table_Rock_0-0_Table_Rock_0-0-Webcam-R-033,28.0495,0.8549
Table_Rock_0-0_Table_Rock_0-0-Webcam-R-034,27.9928,0.8560
Table_Rock_0-0_Table_Rock_0-0-Webcam-R-035,27.9731,0.8533
Table_Rock_0-0_Table_Rock_0-0-Webcam-R-036,27.9731,0.8533
Table_Rock_0-0_Table_Rock_0-0-Webcam-R-037,28.0320,0.8540
Table_Rock_0-0_Table_Rock_0-0-Webcam-R-038,27.9891,0.8574
Table_Rock_0-0_Table_Rock_0-0-Webcam-R-039,28.0372,0.8580
Table_Rock_0-0_Table_Rock_0-0-Webcam-R-040,27.5495,0.8487
Table_Rock_0-0_Table_Rock_0-0-Webcam-R-041,27.9513,0.8520
Table_Rock_0-0_Table_Rock_0-0-Webcam-R-042,27.9510,0.8519
Table_Rock_0-0_Table_Rock_0-0-Webcam-R-043,27.9760,0.8525
Table_Rock_0-0_Table_Rock_0-0-Webcam-R-044,28.0083,0.8530
Table_Rock_0-0_Table_Rock_0-0-Webcam-R-045,28.0070,0.8534
Table_Rock_0-0_Table_Rock_0-0-Webcam-R-046,27.9530,0.8523
Table_Rock_0-0_Table_Rock_0-0-Webcam-R-047,27.8951,0.8473
Table_Rock_0-0_Table_Rock_0-0-Webcam-R-048,27.8951,0.8473
Table_Rock_0-0_Table_Rock_0-0-Webcam-R-049,28.0204,0.8532
Table_Rock_0-0_Table_Rock_0-0-Webcam-R-050,28.0752,0.8546
Table_Rock_0-0_Table_Rock_0-0-Webcam-R-051,28.0360,0.8535
Table_Rock_0-0_Table_Rock_0-0-Webcam-R-052,27.8937,0.8503
Table_Rock_0-0_Table_Rock_0-0-Webcam-R-053,27.9473,0.8511
Table_Rock_0-0_Table_Rock_0-0-Webcam-R-054,27.9458,0.8511
Table_Rock_0-0_Table_Rock_0-0-Webcam-R-055,27.9965,0.8501
Table_Rock_0-0_Table_Rock_0-0-Webcam-R-056,27.8734,0.8488
Table_Rock_0-0_Table_Rock_0-0-Webcam-R-057,27.7726,0.8454
Table_Rock_0-0_Table_Rock_0-0-Webcam-R-058,27.7660,0.8462
Table_Rock_0-0_Table_Rock_0-0-Webcam-R-059,27.7857,0.8453
Table_Rock_0-0_Table_Rock_0-0-Webcam-R-060,27.7935,0.8453
Table_Rock_0-0_Table_Rock_0-0-Webcam-R-061,28.0353,0.8499
Table_Rock_0-0_Table_Rock_0-0-Webcam-R-062,27.9807,0.8494
Table_Rock_0-0_Table_Rock_0-0-Webcam-R-063,27.9278,0.8481
Table_Rock_0-0_Table_Rock_0-0-Webcam-R-064,27.8668,0.8457
Table_Rock_0-0_Table_Rock_0-0-Webcam-R-065,27.9570,0.8465
Table_Rock_0-0_Table_Rock_0-0-Webcam-R-066,27.9572,0.8464
Table_Rock_0-0_Table_Rock_0-0-Webcam-R-067,27.9864,0.8492
Table_Rock_0-0_Table_Rock_0-0-Webcam-R-068,27.8823,0.8428
Table_Rock_0-0_Table_Rock_0-0-Webcam-R-069,27.7759,0.8450
Table_Rock_0-0_Table_Rock_0-0-Webcam-R-070,27.9528,0.8491
Table_Rock_0-0_Table_Rock_0-0-Webcam-R-071,27.9848,0.8491
Table_Rock_0-0_Table_Rock_0-0-Webcam-R-072,27.9848,0.8491
Table_Rock_0-0_Table_Rock_0-0-Webcam-R-073,27.6775,0.8451
Table_Rock_0-0_Table_Rock_0-0-Webcam-R-074,27.9196,0.8475
Table_Rock_0-0_Table_Rock_0-0-Webcam-R-075,27.9217,0.8505
Table_Rock_0-0_Table_Rock_0-0-Webcam-R-076,28.0654,0.8519
Table_Rock_0-0_Table_Rock_0-0-Webcam-R-077,28.0336,0.8522
Table_Rock_0-0_Table_Rock_0-0-Webcam-R-078,28.0321,0.8522
Table_Rock_0-0_Table_Rock_0-0-Webcam-R-079,28.0275,0.8519
Table_Rock_0-0_Table_Rock_0-0-Webcam-R-080,28.0628,0.8579
Table_Rock_0-0_Table_Rock_0-0-Webcam-R-081,28.2154,0.8601
Table_Rock_0-0_Table_Rock_0-0-Webcam-R-082,28.2307,0.8617
Table_Rock_0-0_Table_Rock_0-0-Webcam-R-083,28.1851,0.8604
Table_Rock_0-0_Table_Rock_0-0-Webcam-R-084,28.2048,0.8607
Table_Rock_0-0_Table_Rock_0-0-Webcam-R-085,28.1355,0.8580
Table_Rock_0-0_Table_Rock_0-0-Webcam-R-086,28.2838,0.8585
Table_Rock_0-0_Table_Rock_0-0-Webcam-R-087,28.3369,0.8599
Table_Rock_0-0_Table_Rock_0-0-Webcam-R-088,28.2682,0.8590
Table_Rock_0-0_Table_Rock_0-0-Webcam-R-089,28.3383,0.8595
Table_Rock_0-0_Table_Rock_0-0-Webcam-R-090,28.3513,0.8565
Table_Rock_0-0_Table_Rock_0-0-Webcam-R-091,28.1879,0.8537
Table_Rock_0-0_Table_Rock_0-0-Webcam-R-092,28.0283,0.8537
Table_Rock_0-0_Table_Rock_0-0-Webcam-R-093,28.1293,0.8509
Table_Rock_0-0_Table_Rock_0-0-Webcam-R-094,28.3452,0.8546
Table_Rock_0-0_Table_Rock_0-0-Webcam-R-095,28.1211,0.8494
Table_Rock_0-0_Table_Rock_0-0-Webcam-R-096,28.1211,0.8494
Table_Rock_0-0_Table_Rock_0-0-Webcam-R-097,28.2604,0.8520
Table_Rock_0-0_Table_Rock_0-0-Webcam-R-098,28.1331,0.8498
Table_Rock_0-0_Table_Rock_0-0-Webcam-R-099,28.1372,0.8509
Table_Rock_0-0_Table_Rock_0-0-Webcam-R-100,28.1637,0.8500
Table_Rock_0-0_Table_Rock_0-0-Webcam-R-101,28.0979,0.8487
Table_Rock_0-0_Table_Rock_0-0-Webcam-R-102,28.0979,0.8487
Table_Rock_0-0_Table_Rock_0-0-Webcam-R-103,27.9292,0.8462
Table_Rock_0-0_Table_Rock_0-0-Webcam-R-104,27.9443,0.8469
Table_Rock_0-0_Table_Rock_0-0-Webcam-R-105,28.1243,0.8495
Table_Rock_0-0_Table_Rock_0-0-Webcam-R-106,28.1247,0.8498
Table_Rock_0-0_Table_Rock_0-0-Webcam-R-107,27.9376,0.8454
Table_Rock_0-0_Table_Rock_0-0-Webcam-R-108,27.9376,0.8454
Table_Rock_0-0_Table_Rock_0-0-Webcam-R-109,28.0674,0.8484
Table_Rock_0-0_Table_Rock_0-0-Webcam-R-110,27.9724,0.8462
Table_Rock_0-0_Table_Rock_0-0-Webcam-R-111,27.9286,0.8466
Table_Rock_0-0_Table_Rock_0-0-Webcam-R-112,27.7032,0.8440
Table_Rock_0-0_Table_Rock_0-0-Webcam-R-113,27.9227,0.8471
Table_Rock_0-0_Table_Rock_0-0-Webcam-R-114,27.9182,0.8472
Table_Rock_0-0_Table_Rock_0-0-Webcam-R-115,27.7777,0.8431
Table_Rock_0-0_Table_Rock_0-0-Webcam-R-116,27.8088,0.8483
Table_Rock_0-0_Table_Rock_0-0-Webcam-R-117,27.8801,0.8528
Table_Rock_0-0_Table_Rock_0-0-Webcam-R-118,27.9247,0.8560
Table_Rock_0-0_Table_Rock_0-0-Webcam-R-119,28.0499,0.8557
Table_Rock_0-0_Table_Rock_0-0-Webcam-R-120,28.1036,0.8551
Table_Rock_0-0_Table_Rock_0-0-Webcam-R-121,28.0011,0.8548
Table_Rock_0-0_Table_Rock_0-0-Webcam-R-122,27.3274,0.8408
Table_Rock_0-0_Table_Rock_0-0-Webcam-R-123,27.3879,0.8465
Table_Rock_0-0_Table_Rock_0-0-Webcam-R-124,27.2337,0.8467
Table_Rock_0-0_Table_Rock_0-0-Webcam-R-125,27.1757,0.8460
Table_Rock_0-0_Table_Rock_0-0-Webcam-R-126,27.1041,0.8436
Table_Rock_0-0_Table_Rock_0-0-Webcam-R-127,27.1758,0.8462
Table_Rock_0-0_Table_Rock_0-0-Webcam-R-128,27.0352,0.8422
Table_Rock_0-0_Table_Rock_0-0-Webcam-R-129,27.0371,0.8435
Table_Rock_0-0_Table_Rock_0-0-Webcam-R-130,26.9982,0.8431
Table_Rock_0-0_Table_Rock_0-0-Webcam-R-131,26.9907,0.8431
Table_Rock_0-0_Table_Rock_0-0-Webcam-R-132,27.0093,0.8439
Table_Rock_0-0_Table_Rock_0-0-Webcam-R-133,27.0190,0.8439
Table_Rock_0-0_Table_Rock_0-0-Webcam-R-134,26.8533,0.8386
Table_Rock_0-0_Table_Rock_0-0-Webcam-R-135,26.7651,0.8369
Table_Rock_0-0_Table_Rock_0-0-Webcam-R-136,26.8664,0.8404
Table_Rock_0-0_Table_Rock_0-0-Webcam-R-137,26.8664,0.8404
Table_Rock_0-0_Table_Rock_0-0-Webcam-R-138,26.9146,0.8418
Table_Rock_0-0_Table_Rock_0-0-Webcam-R-139,26.7201,0.8397
Table_Rock_0-0_Table_Rock_0-0-Webcam-R-140,26.7975,0.8408
Table_Rock_0-0_Table_Rock_0-0-Webcam-R-141,26.8087,0.8426
Table_Rock_0-0_Table_Rock_0-0-Webcam-R-142,26.8021,0.8408
Table_Rock_0-0_Table_Rock_0-0-Webcam-R-143,26.8009,0.8408
Table_Rock_0-0_Table_Rock_0-0-Webcam-R-144,26.7638,0.8403
Table_Rock_0-0_Table_Rock_0-0-Webcam-R-145,26.7222,0.8409
Table_Rock_0-0_Table_Rock_0-0-Webcam-R-146,26.7337,0.8406
Table_Rock_0-0_Table_Rock_0-0-Webcam-R-147,26.6457,0.8382
Table_Rock_0-0_Table_Rock_0-0-Webcam-R-148,26.6696,0.8390
Table_Rock_0-0_Table_Rock_0-0-Webcam-R-149,26.6680,0.8390
Table_Rock_0-0_Table_Rock_0-0-Webcam-R-150,26.7103,0.8372
Table_Rock_0-0_Table_Rock_0-0-Webcam-R-151,26.7130,0.8376
Table_Rock_0-0_Table_Rock_0-0-Webcam-R-152,26.6287,0.8373
Table_Rock_0-0_Table_Rock_0-0-Webcam-R-153,26.6716,0.8371
Table_Rock_0-0_Table_Rock_0-0-Webcam-R-154,26.6581,0.8364
Table_Rock_0-0_Table_Rock_0-0-Webcam-R-155,26.6581,0.8364
Table_Rock_0-0_Table_Rock_0-0-Webcam-R-156,26.6415,0.8370
Table_Rock_0-0_Table_Rock_0-0-Webcam-R-157,26.4949,0.8323
Table_Rock_0-0_Table_Rock_0-0-Webcam-R-158,26.6000,0.8365
Table_Rock_0-0_Table_Rock_0-0-Webcam-R-159,26.5551,0.8354
Table_Rock_0-0_Table_Rock_0-0-Webcam-R-160,26.5916,0.8368
Table_Rock_0-0_Table_Rock_0-0-Webcam-R-161,26.5920,0.8367
Table_Rock_0-0_Table_Rock_0-0-Webcam-R-162,26.6814,0.8385
Table_Rock_0-0_Table_Rock_0-0-Webcam-R-163,26.6721,0.8384
Table_Rock_0-0_Table_Rock_0-0-Webcam-R-164,26.6576,0.8381
Table_Rock_0-0_Table_Rock_0-0-Webcam-R-165,26.6446,0.8376
Table_Rock_0-0_Table_Rock_0-0-Webcam-R-166,26.5953,0.8351
Table_Rock_0-0_Table_Rock_0-0-Webcam-R-167,26.5953,0.8351
Table_Rock_0-0_Table_Rock_0-0-Webcam-R-168,26.5545,0.8343
Table_Rock_0-0_Table_Rock_0-0-Webcam-R-169,26.6553,0.8383
Table_Rock_0-0_Table_Rock_0-0-Webcam-R-170,26.6124,0.8384
Table_Rock_0-0_Table_Rock_0-0-Webcam-R-171,26.5084,0.8363
Table_Rock_0-0_Table_Rock_0-0-Webcam-R-172,26.6166,0.8388
Table_Rock_0-0_Table_Rock_0-0-Webcam-R-173,26.6165,0.8387
Table_Rock_0-0_Table_Rock_0-0-Webcam-R-174,26.5534,0.8357
Table_Rock_0-0_Table_Rock_0-0-Webcam-R-175,26.5708,0.8374
Table_Rock_0-0_Table_Rock_0-0-Webcam-R-176,26.6125,0.8378
Table_Rock_0-0_Table_Rock_0-0-Webcam-R-177,26.5563,0.8370
Table_Rock_0-0_Table_Rock_0-0-Webcam-R-178,26.5994,0.8381
Table_Rock_0-0_Table_Rock_0-0-Webcam-R-179,26.5994,0.8381
Table_Rock_0-0_Table_Rock_0-0-Webcam-R-180,26.5832,0.8367
Table_Rock_0-0_Table_Rock_0-0-Webcam-R-181,26.6151,0.8385
Table_Rock_0-0_Table_Rock_0-0-Webcam-R-182,26.3608,0.8377
Table_Rock_0-0_Table_Rock_0-0-Webcam-R-183,26.8072,0.8461
Table_Rock_0-0_Table_Rock_0-0-Webcam-R-184,26.6909,0.8451
Table_Rock_0-0_Table_Rock_0-0-Webcam-R-185,26.6904,0.8451
Table_Rock_0-0_Table_Rock_0-0-Webcam-R-186,26.8272,0.8483
Table_Rock_0-0_Table_Rock_0-0-Webcam-R-187,26.8539,0.8505
Table_Rock_0-0_Table_Rock_0-0-Webcam-R-188,26.8360,0.8495
Table_Rock_0-0_Table_Rock_0-0-Webcam-R-189,26.8068,0.8497
Table_Rock_0-0_Table_Rock_0-0-Webcam-R-190,26.8576,0.8506
Table_Rock_0-0_Table_Rock_0-0-Webcam-R-191,26.8527,0.8506
Table_Rock_0-0_Table_Rock_0-0-Webcam-R-192,26.8382,0.8506
Table_Rock_0-0_Table_Rock_0-0-Webcam-R-193,26.8221,0.8505
Table_Rock_0-0_Table_Rock_0-0-Webcam-R-194,26.8162,0.8501
Table_Rock_0-0_Table_Rock_0-0-Webcam-R-195,26.8304,0.8523
Table_Rock_0-0_Table_Rock_0-0-Webcam-R-196,26.4958,0.8479
Table_Rock_0-0_Table_Rock_0-0-Webcam-R-197,26.4942,0.8479
Table_Rock_0-0_Table_Rock_0-0-Webcam-R-198,26.7965,0.8520
Table_Rock_0-0_Table_Rock_0-0-Webcam-R-199,26.7751,0.8504
Table_Rock_0-0_Table_Rock_0-0-Webcam-R-200,26.8611,0.8494
Table_Rock_0-0_Table_Rock_0-0-Webcam-R-201,26.8588,0.8495
Table_Rock_0-0_Table_Rock_0-0-Webcam-R-202,26.8084,0.8484
Table_Rock_0-0_Table_Rock_0-0-Webcam-R-203,26.8082,0.8484
Table_Rock_0-0_Table_Rock_0-0-Webcam-R-204,26.8307,0.8489
Table_Rock_0-0_Table_Rock_0-0-Webcam-R-205,26.7873,0.8479
Table_Rock_0-0_Table_Rock_0-0-Webcam-R-206,26.8201,0.8497
Table_Rock_0-0_Table_Rock_0-0-Webcam-R-207,26.8073,0.8498
Table_Rock_0-0_Table_Rock_0-0-Webcam-R-208,26.5826,0.8450
Table_Rock_0-0_Table_Rock_0-0-Webcam-R-209,26.5994,0.8456
Table_Rock_0-0_Table_Rock_0-0-Webcam-R-210,26.7517,0.8445
Table_Rock_0-0_Table_Rock_0-0-Webcam-R-211,26.6182,0.8404
Table_Rock_0-0_Table_Rock_0-0-Webcam-R-212,26.6432,0.8445
Table_Rock_0-0_Table_Rock_0-0-Webcam-R-213,26.6624,0.8449
Table_Rock_0-0_Table_Rock_0-0-Webcam-R-214,26.5885,0.8403
Table_Rock_0-0_Table_Rock_0-0-Webcam-R-215,26.5851,0.8412
Table_Rock_0-0_Table_Rock_0-0-Webcam-R-216,26.6025,0.8441
Table_Rock_0-0_Table_Rock_0-0-Webcam-R-217,26.4691,0.8405
Table_Rock_0-0_Table_Rock_0-0-Webcam-R-218,26.5048,0.8422
Table_Rock_0-0_Table_Rock_0-0-Webcam-R-219,26.5557,0.8403
Table_Rock_0-0_Table_Rock_0-0-Webcam-R-220,26.3835,0.8332
Table_Rock_0-0_Table_Rock_0-0-Webcam-R-221,26.3853,0.8331
Table_Rock_0-0_Table_Rock_0-0-Webcam-R-222,26.5215,0.8390
Table_Rock_0-0_Table_Rock_0-0-Webcam-R-223,26.5702,0.8432
Table_Rock_0-0_Table_Rock_0-0-Webcam-R-224,26.5942,0.8432
Table_Rock_0-0_Table_Rock_0-0-Webcam-R-225,26.4974,0.8378
Table_Rock_0-0_Table_Rock_0-0-Webcam-R-226,26.5929,0.8439
Table_Rock_0-0_Table_Rock_0-0-Webcam-R-227,26.5907,0.8439
Table_Rock_0-0_Table_Rock_0-0-Webcam-R-228,26.5436,0.8432
Table_Rock_0-0_Table_Rock_0-0-Webcam-R-229,26.5626,0.8447
Table_Rock_0-0_Table_Rock_0-0-Webcam-R-230,26.4853,0.8419
Table_Rock_0-0_Table_Rock_0-0-Webcam-R-231,26.5331,0.8438
Table_Rock_0-0_Table_Rock_0-0-Webcam-R-232,26.5210,0.8435
Table_Rock_0-0_Table_Rock_0-0-Webcam-R-233,26.5210,0.8435
Table_Rock_0-0_Table_Rock_0-0-Webcam-R-234,26.5491,0.8444
Table_Rock_0-0_Table_Rock_0-0-Webcam-R-235,26.5276,0.8424
Table_Rock_0-0_Table_Rock_0-0-Webcam-R-236,26.4596,0.8395
Table_Rock_0-0_Table_Rock_0-0-Webcam-R-237,26.5179,0.8421
Table_Rock_0-0_Table_Rock_0-0-Webcam-R-238,26.5534,0.8432
Table_Rock_0-0_Table_Rock_0-0-Webcam-R-239,26.5533,0.8433
Table_Rock_0-0_Table_Rock_0-0-Webcam-R-240,26.6518,0.8432
Table_Rock_0-0_Table_Rock_0-0-Webcam-R-241,26.6535,0.8436
Table_Rock_0-0_Table_Rock_0-0-Webcam-R-242,26.6362,0.8435
Table_Rock_0-0_Table_Rock_0-0-Webcam-R-243,26.5915,0.8428
Table_Rock_0-0_Table_Rock_0-0-Webcam-R-244,26.4728,0.8390
Table_Rock_0-0_Table_Rock_0-0-Webcam-R-245,26.4728,0.8390
Table_Rock_0-0_Table_Rock_0-0-Webcam-R-246,26.5532,0.8413
Table_Rock_0-0_Table_Rock_0-0-Webcam-R-247,26.5127,0.8380
Table_Rock_0-0_Table_Rock_0-0-Webcam-R-248,26.5131,0.8400
Table_Rock_0-0_Table_Rock_0-0-Webcam-R-249,26.5442,0.8406
Table_Rock_0-0_Table_Rock_0-0-Webcam-R-250,26.5324,0.8385
Table_Rock_0-0_Table_Rock_0-0-Webcam-R-251,26.5345,0.8385
Table_Rock_0-0_Table_Rock_0-0-Webcam-R-252,26.6015,0.8414
Table_Rock_0-0_Table_Rock_0-0-Webcam-R-253,26.6134,0.8427
Table_Rock_0-0_Table_Rock_0-0-Webcam-R-254,26.5815,0.8417
Table_Rock_0-0_Table_Rock_0-0-Webcam-R-255,26.5505,0.8392
Table_Rock_0-0_Table_Rock_0-0-Webcam-R-256,26.5910,0.8420
Table_Rock_0-0_Table_Rock_0-0-Webcam-R-257,26.5910,0.8420
Table_Rock_0-0_Table_Rock_0-0-Webcam-R-258,26.4597,0.8398
Table_Rock_0-0_Table_Rock_0-0-Webcam-R-259,26.5677,0.8425
Table_Rock_0-0_Table_Rock_0-0-Webcam-R-260,26.5876,0.8428
Table_Rock_0-0_Table_Rock_0-0-Webcam-R-261,26.6076,0.8432
Table_Rock_0-0_Table_Rock_0-0-Webcam-R-262,26.5374,0.8435
Table_Rock_0-0_Table_Rock_0-0-Webcam-R-263,26.5388,0.8435
Table_Rock_0-0_Table_Rock_0-0-Webcam-R-264,26.4989,0.8423
Table_Rock_0-0_Table_Rock_0-0-Webcam-R-265,26.2455,0.8393
Table_Rock_0-0_Table_Rock_0-0-Webcam-R-266,26.5121,0.8425
Table_Rock_0-0_Table_Rock_0-0-Webcam-R-267,26.4381,0.8411
Table_Rock_0-0_Table_Rock_0-0-Webcam-R-268,26.4128,0.8393
Table_Rock_0-0_Table_Rock_0-0-Webcam-R-269,26.4121,0.8392
Table_Rock_0-0_Table_Rock_0-0-Webcam-R-270,26.3436,0.8368
Table_Rock_0-0_Table_Rock_0-0-Webcam-R-271,26.4110,0.8407
Table_Rock_0-0_Table_Rock_0-0-Webcam-R-272,26.4204,0.8402
Table_Rock_0-0_Table_Rock_0-0-Webcam-R-273,26.4235,0.8406
Table_Rock_0-0_Table_Rock_0-0-Webcam-R-274,26.4519,0.8419
Table_Rock_0-0_Table_Rock_0-0-Webcam-R-275,26.4519,0.8419
Table_Rock_0-0_Table_Rock_0-0-Webcam-R-276,26.3645,0.8377
Table_Rock_0-0_Table_Rock_0-0-Webcam-R-277,26.2939,0.8352
Table_Rock_0-0_Table_Rock_0-0-Webcam-R-278,26.3295,0.8378
Table_Rock_0-0_Table_Rock_0-0-Webcam-R-279,26.2838,0.8372
Table_Rock_0-0_Table_Rock_0-0-Webcam-R-280,26.2610,0.8364
Table_Rock_0-0_Table_Rock_0-0-Webcam-R-281,26.2601,0.8362
Table_Rock_0-0_Table_Rock_0-0-Webcam-R-282,26.3506,0.8388
Table_Rock_0-0_Table_Rock_0-0-Webcam-R-283,26.2745,0.8370
Table_Rock_0-0_Table_Rock_0-0-Webcam-R-284,26.3465,0.8393
Table_Rock_0-0_Table_Rock_0-0-Webcam-R-285,26.3336,0.8374
Table_Rock_0-0_Table_Rock_0-0-Webcam-R-286,26.3195,0.8384
Table_Rock_0-0_Table_Rock_0-0-Webcam-R-287,26.3195,0.8384
Table_Rock_0-0_Table_Rock_0-0-Webcam-R-288,26.2829,0.8358
Table_Rock_0-0_Table_Rock_0-0-Webcam-R-289,26.3638,0.8400
Table_Rock_0-0_Table_Rock_0-0-Webcam-R-290,26.2319,0.8380
Table_Rock_0-0_Table_Rock_0-0-Webcam-R-291,26.3843,0.8416
Table_Rock_0-0_Table_Rock_0-0-Webcam-R-292,26.3525,0.8408
Table_Rock_0-0_Table_Rock_0-0-Webcam-R-293,26.3557,0.8408
Table_Rock_0-0_Table_Rock_0-0-Webcam-R-294,26.0034,0.8327
Table_Rock_0-0_Table_Rock_0-0-Webcam-R-295,26.3115,0.8372
Table_Rock_0-0_Table_Rock_0-0-Webcam-R-296,26.2729,0.8374
Table_Rock_0-0_Table_Rock_0-0-Webcam-R-297,26.2145,0.8377
Table_Rock_0-0_Table_Rock_0-0-Webcam-R-298,26.2609,0.8392
Table_Rock_0-0_Table_Rock_0-0-Webcam-R-299,26.2609,0.8392
Winter_Garden_0-1_Winter_Garden_0-1-Webcam-R-000,19.8484,0.5684
Winter_Garden_0-1_Winter_Garden_0-1-Webcam-R-001,19.8999,0.5722
Winter_Garden_0-1_Winter_Garden_0-1-Webcam-R-002,19.8895,0.5726
Winter_Garden_0-1_Winter_Garden_0-1-Webcam-R-003,19.9059,0.5703
Winter_Garden_0-1_Winter_Garden_0-1-Webcam-R-004,19.9708,0.5700
Winter_Garden_0-1_Winter_Garden_0-1-Webcam-R-005,19.9524,0.5701
Winter_Garden_0-1_Winter_Garden_0-1-Webcam-R-006,19.8880,0.5691
Winter_Garden_0-1_Winter_Garden_0-1-Webcam-R-007,19.9553,0.5685
Winter_Garden_0-1_Winter_Garden_0-1-Webcam-R-008,19.9172,0.5692
Winter_Garden_0-1_Winter_Garden_0-1-Webcam-R-009,19.9164,0.5701
Winter_Garden_0-1_Winter_Garden_0-1-Webcam-R-010,19.8843,0.5659
Winter_Garden_0-1_Winter_Garden_0-1-Webcam-R-011,19.9583,0.5714
Winter_Garden_0-1_Winter_Garden_0-1-Webcam-R-012,19.8492,0.5651
Winter_Garden_0-1_Winter_Garden_0-1-Webcam-R-013,19.8269,0.5648
Winter_Garden_0-1_Winter_Garden_0-1-Webcam-R-014,19.8801,0.5661
Winter_Garden_0-1_Winter_Garden_0-1-Webcam-R-015,19.8371,0.5654
Winter_Garden_0-1_Winter_Garden_0-1-Webcam-R-016,19.7216,0.5656
Winter_Garden_0-1_Winter_Garden_0-1-Webcam-R-017,19.8997,0.5681
Winter_Garden_0-1_Winter_Garden_0-1-Webcam-R-018,19.8921,0.5674
Winter_Garden_0-1_Winter_Garden_0-1-Webcam-R-019,19.8799,0.5671
Winter_Garden_0-1_Winter_Garden_0-1-Webcam-R-020,19.8891,0.5671
Winter_Garden_0-1_Winter_Garden_0-1-Webcam-R-021,19.8109,0.5670
Winter_Garden_0-1_Winter_Garden_0-1-Webcam-R-022,19.8433,0.5688
Winter_Garden_0-1_Winter_Garden_0-1-Webcam-R-023,19.7581,0.5674
Winter_Garden_0-1_Winter_Garden_0-1-Webcam-R-024,19.5993,0.5497
Winter_Garden_0-1_Winter_Garden_0-1-Webcam-R-025,19.7219,0.5541
Winter_Garden_0-1_Winter_Garden_0-1-Webcam-R-026,19.6328,0.5523
Winter_Garden_0-1_Winter_Garden_0-1-Webcam-R-027,19.7226,0.5578
Winter_Garden_0-1_Winter_Garden_0-1-Webcam-R-028,19.7442,0.5657
Winter_Garden_0-1_Winter_Garden_0-1-Webcam-R-029,19.6215,0.5583
Winter_Garden_0-1_Winter_Garden_0-1-Webcam-R-030,19.6655,0.5563
Winter_Garden_0-1_Winter_Garden_0-1-Webcam-R-031,19.5869,0.5577
Winter_Garden_0-1_Winter_Garden_0-1-Webcam-R-032,19.5490,0.5530
Winter_Garden_0-1_Winter_Garden_0-1-Webcam-R-033,19.6227,0.5551
Winter_Garden_0-1_Winter_Garden_0-1-Webcam-R-034,19.5868,0.5468
Winter_Garden_0-1_Winter_Garden_0-1-Webcam-R-035,19.5837,0.5481
Winter_Garden_0-1_Winter_Garden_0-1-Webcam-R-036,19.5508,0.5442
Winter_Garden_0-1_Winter_Garden_0-1-Webcam-R-037,19.5860,0.5515
Winter_Garden_0-1_Winter_Garden_0-1-Webcam-R-038,19.5777,0.5522
Winter_Garden_0-1_Winter_Garden_0-1-Webcam-R-039,19.5376,0.5517
Winter_Garden_0-1_Winter_Garden_0-1-Webcam-R-040,19.5316,0.5520
Winter_Garden_0-1_Winter_Garden_0-1-Webcam-R-041,19.5427,0.5499
Winter_Garden_0-1_Winter_Garden_0-1-Webcam-R-042,19.5703,0.5475
Winter_Garden_0-1_Winter_Garden_0-1-Webcam-R-043,19.5143,0.5496
Winter_Garden_0-1_Winter_Garden_0-1-Webcam-R-044,19.5077,0.5498
Winter_Garden_0-1_Winter_Garden_0-1-Webcam-R-045,19.5132,0.5506
Winter_Garden_0-1_Winter_Garden_0-1-Webcam-R-046,19.5508,0.5550
Winter_Garden_0-1_Winter_Garden_0-1-Webcam-R-047,19.5587,0.5601
Winter_Garden_0-1_Winter_Garden_0-1-Webcam-R-048,19.2978,0.5174
Winter_Garden_0-1_Winter_Garden_0-1-Webcam-R-049,19.2702,0.5175
Winter_Garden_0-1_Winter_Garden_0-1-Webcam-R-050,19.4914,0.5355
Winter_Garden_0-1_Winter_Garden_0-1-Webcam-R-051,19.4794,0.5365
Winter_Garden_0-1_Winter_Garden_0-1-Webcam-R-052,19.6534,0.5432
Winter_Garden_0-1_Winter_Garden_0-1-Webcam-R-053,19.7228,0.5486
Winter_Garden_0-1_Winter_Garden_0-1-Webcam-R-054,19.7349,0.5519
Winter_Garden_0-1_Winter_Garden_0-1-Webcam-R-055,19.7332,0.5579
Winter_Garden_0-1_Winter_Garden_0-1-Webcam-R-056,19.7136,0.5598
Winter_Garden_0-1_Winter_Garden_0-1-Webcam-R-057,19.7440,0.5596
Winter_Garden_0-1_Winter_Garden_0-1-Webcam-R-058,19.6955,0.5562
Winter_Garden_0-1_Winter_Garden_0-1-Webcam-R-059,19.6720,0.5521
Winter_Garden_0-1_Winter_Garden_0-1-Webcam-R-060,19.5904,0.5491
Winter_Garden_0-1_Winter_Garden_0-1-Webcam-R-061,19.6534,0.5466
Winter_Garden_0-1_Winter_Garden_0-1-Webcam-R-062,19.3448,0.5408
Winter_Garden_0-1_Winter_Garden_0-1-Webcam-R-063,19.4922,0.5458
Winter_Garden_0-1_Winter_Garden_0-1-Webcam-R-064,19.6155,0.5516
Winter_Garden_0-1_Winter_Garden_0-1-Webcam-R-065,19.7417,0.5555
Winter_Garden_0-1_Winter_Garden_0-1-Webcam-R-066,19.7449,0.5565
Winter_Garden_0-1_Winter_Garden_0-1-Webcam-R-067,19.8480,0.5621
Winter_Garden_0-1_Winter_Garden_0-1-Webcam-R-068,19.9629,0.5655
Winter_Garden_0-1_Winter_Garden_0-1-Webcam-R-069,20.0328,0.5707
Winter_Garden_0-1_Winter_Garden_0-1-Webcam-R-070,20.0382,0.5712
Winter_Garden_0-1_Winter_Garden_0-1-Webcam-R-071,20.0348,0.5721
Winter_Garden_0-1_Winter_Garden_0-1-Webcam-R-072,19.9083,0.5618
Winter_Garden_0-1_Winter_Garden_0-1-Webcam-R-073,19.9354,0.5639
Winter_Garden_0-1_Winter_Garden_0-1-Webcam-R-074,19.9040,0.5649
Winter_Garden_0-1_Winter_Garden_0-1-Webcam-R-075,19.8742,0.5651
Winter_Garden_0-1_Winter_Garden_0-1-Webcam-R-076,19.8853,0.5683
Winter_Garden_0-1_Winter_Garden_0-1-Webcam-R-077,19.9129,0.5675
Winter_Garden_0-1_Winter_Garden_0-1-Webcam-R-078,19.9022,0.5698
Winter_Garden_0-1_Winter_Garden_0-1-Webcam-R-079,19.9007,0.5702
Winter_Garden_0-1_Winter_Garden_0-1-Webcam-R-080,19.8961,0.5704
Winter_Garden_0-1_Winter_Garden_0-1-Webcam-R-081,19.7769,0.5625
Winter_Garden_0-1_Winter_Garden_0-1-Webcam-R-082,19.7742,0.5631
Winter_Garden_0-1_Winter_Garden_0-1-Webcam-R-083,19.8163,0.5684
Winter_Garden_0-1_Winter_Garden_0-1-Webcam-R-084,19.8079,0.5653
Winter_Garden_0-1_Winter_Garden_0-1-Webcam-R-085,19.5996,0.5545
Winter_Garden_0-1_Winter_Garden_0-1-Webcam-R-086,19.8051,0.5607
Winter_Garden_0-1_Winter_Garden_0-1-Webcam-R-087,19.8206,0.5644
Winter_Garden_0-1_Winter_Garden_0-1-Webcam-R-088,19.8206,0.5619
Winter_Garden_0-1_Winter_Garden_0-1-Webcam-R-089,19.7865,0.5661
Winter_Garden_0-1_Winter_Garden_0-1-Webcam-R-090,19.7369,0.5638
Winter_Garden_0-1_Winter_Garden_0-1-Webcam-R-091,19.7755,0.5641
Winter_Garden_0-1_Winter_Garden_0-1-Webcam-R-092,19.8346,0.5653
Winter_Garden_0-1_Winter_Garden_0-1-Webcam-R-093,19.8918,0.5662
Winter_Garden_0-1_Winter_Garden_0-1-Webcam-R-094,19.9378,0.5743
Winter_Garden_0-1_Winter_Garden_0-1-Webcam-R-095,19.8070,0.5624
Winter_Garden_0-1_Winter_Garden_0-1-Webcam-R-096,19.8128,0.5687
Winter_Garden_0-1_Winter_Garden_0-1-Webcam-R-097,19.8161,0.5695
Winter_Garden_0-1_Winter_Garden_0-1-Webcam-R-098,19.8696,0.5725
Winter_Garden_0-1_Winter_Garden_0-1-Webcam-R-099,19.9385,0.5757
Winter_Garden_0-1_Winter_Garden_0-1-Webcam-R-100,19.9931,0.5815
Winter_Garden_0-1_Winter_Garden_0-1-Webcam-R-101,19.9212,0.5782
Winter_Garden_0-1_Winter_Garden_0-1-Webcam-R-102,19.9214,0.5791
Winter_Garden_0-1_Winter_Garden_0-1-Webcam-R-103,19.9189,0.5799
Winter_Garden_0-1_Winter_Garden_0-1-Webcam-R-104,19.9765,0.5836
Winter_Garden_0-1_Winter_Garden_0-1-Webcam-R-105,19.9482,0.5855
Winter_Garden_0-1_Winter_Garden_0-1-Webcam-R-106,19.9371,0.5857
Winter_Garden_0-1_Winter_Garden_0-1-Webcam-R-107,19.9341,0.5798
Winter_Garden_0-1_Winter_Garden_0-1-Webcam-R-108,19.7498,0.5652
Winter_Garden_0-1_Winter_Garden_0-1-Webcam-R-109,19.8123,0.5739
Winter_Garden_0-1_Winter_Garden_0-1-Webcam-R-110,19.7328,0.5733
Winter_Garden_0-1_Winter_Garden_0-1-Webcam-R-111,19.7161,0.5738
Winter_Garden_0-1_Winter_Garden_0-1-Webcam-R-112,19.6369,0.5754
Winter_Garden_0-1_Winter_Garden_0-1-Webcam-R-113,19.5575,0.5676
Winter_Garden_0-1_Winter_Garden_0-1-Webcam-R-114,19.5578,0.5682
Winter_Garden_0-1_Winter_Garden_0-1-Webcam-R-115,19.4900,0.5645
Winter_Garden_0-1_Winter_Garden_0-1-Webcam-R-116,19.4532,0.5598
Winter_Garden_0-1_Winter_Garden_0-1-Webcam-R-117,19.4481,0.5579
Winter_Garden_0-1_Winter_Garden_0-1-Webcam-R-118,19.4531,0.5533
Winter_Garden_0-1_Winter_Garden_0-1-Webcam-R-119,19.4413,0.5537
Winter_Garden_0-1_Winter_Garden_0-1-Webcam-R-120,19.3347,0.5473
Winter_Garden_0-1_Winter_Garden_0-1-Webcam-R-121,19.3206,0.5402
Winter_Garden_0-1_Winter_Garden_0-1-Webcam-R-122,19.0715,0.5129
Winter_Garden_0-1_Winter_Garden_0-1-Webcam-R-123,19.0455,0.5124
Winter_Garden_0-1_Winter_Garden_0-1-Webcam-R-124,19.0912,0.5171
Winter_Garden_0-1_Winter_Garden_0-1-Webcam-R-125,19.0792,0.5181
Winter_Garden_0-1_Winter_Garden_0-1-Webcam-R-126,19.0447,0.5206
Winter_Garden_0-1_Winter_Garden_0-1-Webcam-R-127,18.9966,0.5197
Winter_Garden_0-1_Winter_Garden_0-1-Webcam-R-128,18.9820,0.5207
Winter_Garden_0-1_Winter_Garden_0-1-Webcam-R-129,19.0521,0.5187
Winter_Garden_0-1_Winter_Garden_0-1-Webcam-R-130,19.0512,0.5202
Winter_Garden_0-1_Winter_Garden_0-1-Webcam-R-131,18.9997,0.5211
Winter_Garden_0-1_Winter_Garden_0-1-Webcam-R-132,19.0621,0.5246
Winter_Garden_0-1_Winter_Garden_0-1-Webcam-R-133,19.0655,0.5252
Winter_Garden_0-1_Winter_Garden_0-1-Webcam-R-134,19.2142,0.5289
Winter_Garden_0-1_Winter_Garden_0-1-Webcam-R-135,19.2240,0.5298
Winter_Garden_0-1_Winter_Garden_0-1-Webcam-R-136,19.3183,0.5347
Winter_Garden_0-1_Winter_Garden_0-1-Webcam-R-137,19.3117,0.5353
Winter_Garden_0-1_Winter_Garden_0-1-Webcam-R-138,19.2611,0.5299
Winter_Garden_0-1_Winter_Garden_0-1-Webcam-R-139,19.2549,0.5305
Winter_Garden_0-1_Winter_Garden_0-1-Webcam-R-140,19.1127,0.5234
Winter_Garden_0-1_Winter_Garden_0-1-Webcam-R-141,19.2961,0.5281
Winter_Garden_0-1_Winter_Garden_0-1-Webcam-R-142,19.2919,0.5284
Winter_Garden_0-1_Winter_Garden_0-1-Webcam-R-143,19.3276,0.5296
Winter_Garden_0-1_Winter_Garden_0-1-Webcam-R-144,19.3232,0.5291
Winter_Garden_0-1_Winter_Garden_0-1-Webcam-R-145,19.3816,0.5360
Winter_Garden_0-1_Winter_Garden_0-1-Webcam-R-146,19.3663,0.5353
Winter_Garden_0-1_Winter_Garden_0-1-Webcam-R-147,19.4148,0.5327
Winter_Garden_0-1_Winter_Garden_0-1-Webcam-R-148,19.3679,0.5303
Winter_Garden_0-1_Winter_Garden_0-1-Webcam-R-149,19.4052,0.5356
Winter_Garden_0-1_Winter_Garden_0-1-Webcam-R-150,19.3919,0.5366
Winter_Garden_0-1_Winter_Garden_0-1-Webcam-R-151,19.3931,0.5400
Winter_Garden_0-1_Winter_Garden_0-1-Webcam-R-152,19.4187,0.5426
Winter_Garden_0-1_Winter_Garden_0-1-Webcam-R-153,19.5624,0.5513
Winter_Garden_0-1_Winter_Garden_0-1-Webcam-R-154,19.3591,0.5366
Winter_Garden_0-1_Winter_Garden_0-1-Webcam-R-155,19.5343,0.5422
Winter_Garden_0-1_Winter_Garden_0-1-Webcam-R-156,19.5366,0.5426
Winter_Garden_0-1_Winter_Garden_0-1-Webcam-R-157,19.4383,0.5345
Winter_Garden_0-1_Winter_Garden_0-1-Webcam-R-158,19.4377,0.5349
Winter_Garden_0-1_Winter_Garden_0-1-Webcam-R-159,19.4724,0.5403
Winter_Garden_0-1_Winter_Garden_0-1-Webcam-R-160,19.4676,0.5405
Winter_Garden_0-1_Winter_Garden_0-1-Webcam-R-161,19.3508,0.5354
Winter_Garden_0-1_Winter_Garden_0-1-Webcam-R-162,19.2884,0.5313
Winter_Garden_0-1_Winter_Garden_0-1-Webcam-R-163,19.2123,0.5314
Winter_Garden_0-1_Winter_Garden_0-1-Webcam-R-164,19.1208,0.5235
Winter_Garden_0-1_Winter_Garden_0-1-Webcam-R-165,19.1090,0.5242
Winter_Garden_0-1_Winter_Garden_0-1-Webcam-R-166,19.0925,0.5239
Winter_Garden_0-1_Winter_Garden_0-1-Webcam-R-167,19.0733,0.5251
Winter_Garden_0-1_Winter_Garden_0-1-Webcam-R-168,19.0693,0.5253
Winter_Garden_0-1_Winter_Garden_0-1-Webcam-R-169,18.8849,0.5039
Winter_Garden_0-1_Winter_Garden_0-1-Webcam-R-170,18.8855,0.5047
Winter_Garden_0-1_Winter_Garden_0-1-Webcam-R-171,19.0548,0.5174
Winter_Garden_0-1_Winter_Garden_0-1-Webcam-R-172,19.0408,0.5153
Winter_Garden_0-1_Winter_Garden_0-1-Webcam-R-173,19.0307,0.5155
Winter_Garden_0-1_Winter_Garden_0-1-Webcam-R-174,19.0443,0.5175
Winter_Garden_0-1_Winter_Garden_0-1-Webcam-R-175,19.0270,0.5166
Winter_Garden_0-1_Winter_Garden_0-1-Webcam-R-176,18.9649,0.5126
Winter_Garden_0-1_Winter_Garden_0-1-Webcam-R-177,18.8124,0.5087
Winter_Garden_0-1_Winter_Garden_0-1-Webcam-R-178,18.8082,0.5086
Winter_Garden_0-1_Winter_Garden_0-1-Webcam-R-179,18.8210,0.5044
Winter_Garden_0-1_Winter_Garden_0-1-Webcam-R-180,18.8687,0.5078
Winter_Garden_0-1_Winter_Garden_0-1-Webcam-R-181,18.8512,0.5076
Winter_Garden_0-1_Winter_Garden_0-1-Webcam-R-182,18.9686,0.5096
Winter_Garden_0-1_Winter_Garden_0-1-Webcam-R-183,19.0288,0.5185
Winter_Garden_0-1_Winter_Garden_0-1-Webcam-R-184,19.0079,0.5147
Winter_Garden_0-1_Winter_Garden_0-1-Webcam-R-185,19.0099,0.5223
Winter_Garden_0-1_Winter_Garden_0-1-Webcam-R-186,19.0245,0.5205
Winter_Garden_0-1_Winter_Garden_0-1-Webcam-R-187,19.0134,0.5211
Winter_Garden_0-1_Winter_Garden_0-1-Webcam-R-188,19.0249,0.5195
Winter_Garden_0-1_Winter_Garden_0-1-Webcam-R-189,19.0159,0.5196
Winter_Garden_0-1_Winter_Garden_0-1-Webcam-R-190,19.1838,0.5253
Winter_Garden_0-1_Winter_Garden_0-1-Webcam-R-191,19.1699,0.5254
Winter_Garden_0-1_Winter_Garden_0-1-Webcam-R-192,19.1771,0.5229
Winter_Garden_0-1_Winter_Garden_0-1-Webcam-R-193,19.1090,0.5260
Winter_Garden_0-1_Winter_Garden_0-1-Webcam-R-194,19.1572,0.5315
Winter_Garden_0-1_Winter_Garden_0-1-Webcam-R-195,19.0950,0.5310
Winter_Garden_0-1_Winter_Garden_0-1-Webcam-R-196,19.0865,0.5314
Winter_Garden_0-1_Winter_Garden_0-1-Webcam-R-197,19.2242,0.5321
Winter_Garden_0-1_Winter_Garden_0-1-Webcam-R-198,19.1676,0.5252
Winter_Garden_0-1_Winter_Garden_0-1-Webcam-R-199,19.1692,0.5257
Winter_Garden_0-1_Winter_Garden_0-1-Webcam-R-200,19.2981,0.5325
Winter_Garden_0-1_Winter_Garden_0-1-Webcam-R-201,19.1890,0.5313
Winter_Garden_0-1_Winter_Garden_0-1-Webcam-R-202,19.2440,0.5376
Winter_Garden_0-1_Winter_Garden_0-1-Webcam-R-203,19.2900,0.5359
Winter_Garden_0-1_Winter_Garden_0-1-Webcam-R-204,19.2711,0.5360
Winter_Garden_0-1_Winter_Garden_0-1-Webcam-R-205,19.2916,0.5366
Winter_Garden_0-1_Winter_Garden_0-1-Webcam-R-206,19.2843,0.5367
Winter_Garden_0-1_Winter_Garden_0-1-Webcam-R-207,19.3713,0.5408
Winter_Garden_0-1_Winter_Garden_0-1-Webcam-R-208,19.3571,0.5408
Winter_Garden_0-1_Winter_Garden_0-1-Webcam-R-209,19.3452,0.5407
Winter_Garden_0-1_Winter_Garden_0-1-Webcam-R-210,19.3065,0.5410
Winter_Garden_0-1_Winter_Garden_0-1-Webcam-R-211,19.3976,0.5472
Winter_Garden_0-1_Winter_Garden_0-1-Webcam-R-212,19.1213,0.5374
Winter_Garden_0-1_Winter_Garden_0-1-Webcam-R-213,19.2347,0.5048
Winter_Garden_0-1_Winter_Garden_0-1-Webcam-R-214,19.3899,0.5246
Winter_Garden_0-1_Winter_Garden_0-1-Webcam-R-215,19.3851,0.5285
Winter_Garden_0-1_Winter_Garden_0-1-Webcam-R-216,19.3192,0.5333
Winter_Garden_0-1_Winter_Garden_0-1-Webcam-R-217,19.2338,0.5312
Winter_Garden_0-1_Winter_Garden_0-1-Webcam-R-218,19.2375,0.5327
Winter_Garden_0-1_Winter_Garden_0-1-Webcam-R-219,19.1397,0.5233
Winter_Garden_0-1_Winter_Garden_0-1-Webcam-R-220,19.1295,0.5244
Winter_Garden_0-1_Winter_Garden_0-1-Webcam-R-221,19.1665,0.5259
Winter_Garden_0-1_Winter_Garden_0-1-Webcam-R-222,19.1477,0.5259
Winter_Garden_0-1_Winter_Garden_0-1-Webcam-R-223,19.2084,0.5239
Winter_Garden_0-1_Winter_Garden_0-1-Webcam-R-224,19.2039,0.5244
Winter_Garden_0-1_Winter_Garden_0-1-Webcam-R-225,19.1900,0.5275
Winter_Garden_0-1_Winter_Garden_0-1-Webcam-R-226,19.2004,0.5261
Winter_Garden_0-1_Winter_Garden_0-1-Webcam-R-227,19.1024,0.5253
Winter_Garden_0-1_Winter_Garden_0-1-Webcam-R-228,19.0783,0.5254
Winter_Garden_0-1_Winter_Garden_0-1-Webcam-R-229,19.1208,0.5192
Winter_Garden_0-1_Winter_Garden_0-1-Webcam-R-230,19.1089,0.5188
Winter_Garden_0-1_Winter_Garden_0-1-Webcam-R-231,19.2220,0.5251
Winter_Garden_0-1_Winter_Garden_0-1-Webcam-R-232,19.2202,0.5314
Winter_Garden_0-1_Winter_Garden_0-1-Webcam-R-233,19.3549,0.5343
Winter_Garden_0-1_Winter_Garden_0-1-Webcam-R-234,19.3259,0.5325
Winter_Garden_0-1_Winter_Garden_0-1-Webcam-R-235,19.3260,0.5337
Winter_Garden_0-1_Winter_Garden_0-1-Webcam-R-236,19.4251,0.5355
Winter_Garden_0-1_Winter_Garden_0-1-Webcam-R-237,19.4038,0.5355
Winter_Garden_0-1_Winter_Garden_0-1-Webcam-R-238,19.4512,0.5374
Winter_Garden_0-1_Winter_Garden_0-1-Webcam-R-239,19.4422,0.5368
Winter_Garden_0-1_Winter_Garden_0-1-Webcam-R-240,19.4253,0.5368
Winter_Garden_0-1_Winter_Garden_0-1-Webcam-R-241,19.5699,0.5407
Winter_Garden_0-1_Winter_Garden_0-1-Webcam-R-242,19.3699,0.5344
Winter_Garden_0-1_Winter_Garden_0-1-Webcam-R-243,19.3537,0.5346
Winter_Garden_0-1_Winter_Garden_0-1-Webcam-R-244,19.3966,0.5354
Winter_Garden_0-1_Winter_Garden_0-1-Webcam-R-245,19.5876,0.5437
Winter_Garden_0-1_Winter_Garden_0-1-Webcam-R-246,19.5527,0.5432
Winter_Garden_0-1_Winter_Garden_0-1-Webcam-R-247,19.5596,0.5431
Winter_Garden_0-1_Winter_Garden_0-1-Webcam-R-248,19.5315,0.5424
Winter_Garden_0-1_Winter_Garden_0-1-Webcam-R-249,19.5431,0.5410
Winter_Garden_0-1_Winter_Garden_0-1-Webcam-R-250,19.5458,0.5417
Winter_Garden_0-1_Winter_Garden_0-1-Webcam-R-251,19.5453,0.5422
Winter_Garden_0-1_Winter_Garden_0-1-Webcam-R-252,19.5542,0.5397
Winter_Garden_0-1_Winter_Garden_0-1-Webcam-R-253,19.5393,0.5397
Winter_Garden_0-1_Winter_Garden_0-1-Webcam-R-254,19.4942,0.5354
Winter_Garden_0-1_Winter_Garden_0-1-Webcam-R-255,19.3242,0.5292
Winter_Garden_0-1_Winter_Garden_0-1-Webcam-R-256,19.3102,0.5294
Winter_Garden_0-1_Winter_Garden_0-1-Webcam-R-257,19.4745,0.5351
Winter_Garden_0-1_Winter_Garden_0-1-Webcam-R-258,19.3485,0.5371
Winter_Garden_0-1_Winter_Garden_0-1-Webcam-R-259,19.4075,0.5325
Winter_Garden_0-1_Winter_Garden_0-1-Webcam-R-260,19.3473,0.5259
Winter_Garden_0-1_Winter_Garden_0-1-Webcam-R-261,19.3416,0.5266
Winter_Garden_0-1_Winter_Garden_0-1-Webcam-R-262,19.3279,0.5225
Winter_Garden_0-1_Winter_Garden_0-1-Webcam-R-263,19.4002,0.5298
Winter_Garden_0-1_Winter_Garden_0-1-Webcam-R-264,19.3920,0.5290
Winter_Garden_0-1_Winter_Garden_0-1-Webcam-R-265,19.4032,0.5275
Winter_Garden_0-1_Winter_Garden_0-1-Webcam-R-266,19.4218,0.5300
Winter_Garden_0-1_Winter_Garden_0-1-Webcam-R-267,19.3575,0.5257
Winter_Garden_0-1_Winter_Garden_0-1-Webcam-R-268,19.3610,0.5268
Winter_Garden_0-1_Winter_Garden_0-1-Webcam-R-269,19.2771,0.5300
Winter_Garden_0-1_Winter_Garden_0-1-Webcam-R-270,19.3116,0.5321
Winter_Garden_0-1_Winter_Garden_0-1-Webcam-R-271,19.3104,0.5322
Winter_Garden_0-1_Winter_Garden_0-1-Webcam-R-272,19.4077,0.5353
Winter_Garden_0-1_Winter_Garden_0-1-Webcam-R-273,19.3388,0.5353
Winter_Garden_0-1_Winter_Garden_0-1-Webcam-R-274,19.4527,0.5399
Winter_Garden_0-1_Winter_Garden_0-1-Webcam-R-275,19.3282,0.5373
Winter_Garden_0-1_Winter_Garden_0-1-Webcam-R-276,19.5485,0.5447
Winter_Garden_0-1_Winter_Garden_0-1-Webcam-R-277,19.5171,0.5410
Winter_Garden_0-1_Winter_Garden_0-1-Webcam-R-278,19.5364,0.5435
Winter_Garden_0-1_Winter_Garden_0-1-Webcam-R-279,19.5911,0.5420
Winter_Garden_0-1_Winter_Garden_0-1-Webcam-R-280,19.5499,0.5397
Winter_Garden_0-1_Winter_Garden_0-1-Webcam-R-281,19.6078,0.5415
Winter_Garden_0-1_Winter_Garden_0-1-Webcam-R-282,19.6079,0.5433
Winter_Garden_0-1_Winter_Garden_0-1-Webcam-R-283,19.6232,0.5460
Winter_Garden_0-1_Winter_Garden_0-1-Webcam-R-284,19.6264,0.5478
Winter_Garden_0-1_Winter_Garden_0-1-Webcam-R-285,19.5812,0.5401
Winter_Garden_0-1_Winter_Garden_0-1-Webcam-R-286,19.6020,0.5433
Winter_Garden_0-1_Winter_Garden_0-1-Webcam-R-287,19.4888,0.5382
Winter_Garden_0-1_Winter_Garden_0-1-Webcam-R-288,19.4894,0.5387
Winter_Garden_0-1_Winter_Garden_0-1-Webcam-R-289,19.5529,0.5404
Winter_Garden_0-1_Winter_Garden_0-1-Webcam-R-290,19.6333,0.5487
Winter_Garden_0-1_Winter_Garden_0-1-Webcam-R-291,19.6734,0.5464
Winter_Garden_0-1_Winter_Garden_0-1-Webcam-R-292,19.6577,0.5460
Winter_Garden_0-1_Winter_Garden_0-1-Webcam-R-293,19.6207,0.5468
Winter_Garden_0-1_Winter_Garden_0-1-Webcam-R-294,19.4294,0.5270
Winter_Garden_0-1_Winter_Garden_0-1-Webcam-R-295,19.4469,0.5342
Winter_Garden_0-1_Winter_Garden_0-1-Webcam-R-296,19.4967,0.5419
Winter_Garden_0-1_Winter_Garden_0-1-Webcam-R-297,19.4604,0.5435
Winter_Garden_0-1_Winter_Garden_0-1-Webcam-R-298,19.5397,0.5489
Winter_Garden_0-1_Winter_Garden_0-1-Webcam-R-299,19.4966,0.5419
Winter_Garden_0-4_Winter_Garden_0-4-Webcam-R-000,18.8547,0.4273
Winter_Garden_0-4_Winter_Garden_0-4-Webcam-R-001,18.8155,0.4356
Winter_Garden_0-4_Winter_Garden_0-4-Webcam-R-002,18.5933,0.4274
Winter_Garden_0-4_Winter_Garden_0-4-Webcam-R-003,18.7362,0.4377
Winter_Garden_0-4_Winter_Garden_0-4-Webcam-R-004,18.6977,0.4339
Winter_Garden_0-4_Winter_Garden_0-4-Webcam-R-005,18.5458,0.4181
Winter_Garden_0-4_Winter_Garden_0-4-Webcam-R-006,18.5432,0.4180
Winter_Garden_0-4_Winter_Garden_0-4-Webcam-R-007,18.4575,0.4232
Winter_Garden_0-4_Winter_Garden_0-4-Webcam-R-008,18.4578,0.4232
Winter_Garden_0-4_Winter_Garden_0-4-Webcam-R-009,18.5442,0.4233
Winter_Garden_0-4_Winter_Garden_0-4-Webcam-R-010,18.8421,0.4344
Winter_Garden_0-4_Winter_Garden_0-4-Webcam-R-011,18.8118,0.4336
Winter_Garden_0-4_Winter_Garden_0-4-Webcam-R-012,18.7825,0.4291
Winter_Garden_0-4_Winter_Garden_0-4-Webcam-R-013,18.8893,0.4411
Winter_Garden_0-4_Winter_Garden_0-4-Webcam-R-014,18.8658,0.4401
Winter_Garden_0-4_Winter_Garden_0-4-Webcam-R-015,18.8610,0.4362
Winter_Garden_0-4_Winter_Garden_0-4-Webcam-R-016,18.8362,0.4386
Winter_Garden_0-4_Winter_Garden_0-4-Webcam-R-017,18.6242,0.4295
Winter_Garden_0-4_Winter_Garden_0-4-Webcam-R-018,18.5794,0.4347
Winter_Garden_0-4_Winter_Garden_0-4-Webcam-R-019,18.8377,0.4357
Winter_Garden_0-4_Winter_Garden_0-4-Webcam-R-020,18.9315,0.4387
Winter_Garden_0-4_Winter_Garden_0-4-Webcam-R-021,18.9130,0.4376
Winter_Garden_0-4_Winter_Garden_0-4-Webcam-R-022,18.8433,0.4206
Winter_Garden_0-4_Winter_Garden_0-4-Webcam-R-023,18.8770,0.4286
Winter_Garden_0-4_Winter_Garden_0-4-Webcam-R-024,19.0518,0.4250
Winter_Garden_0-4_Winter_Garden_0-4-Webcam-R-025,18.8961,0.4295
Winter_Garden_0-4_Winter_Garden_0-4-Webcam-R-026,18.9198,0.4244
Winter_Garden_0-4_Winter_Garden_0-4-Webcam-R-027,18.9368,0.4215
Winter_Garden_0-4_Winter_Garden_0-4-Webcam-R-028,18.9623,0.4223
Winter_Garden_0-4_Winter_Garden_0-4-Webcam-R-029,18.9428,0.4243
Winter_Garden_0-4_Winter_Garden_0-4-Webcam-R-030,19.1144,0.4266
Winter_Garden_0-4_Winter_Garden_0-4-Webcam-R-031,19.1732,0.4259
Winter_Garden_0-4_Winter_Garden_0-4-Webcam-R-032,18.8897,0.4113
Winter_Garden_0-4_Winter_Garden_0-4-Webcam-R-033,18.9143,0.4140
Winter_Garden_0-4_Winter_Garden_0-4-Webcam-R-034,18.9733,0.4169
Winter_Garden_0-4_Winter_Garden_0-4-Webcam-R-035,18.9798,0.4171
Winter_Garden_0-4_Winter_Garden_0-4-Webcam-R-036,19.0466,0.4207
Winter_Garden_0-4_Winter_Garden_0-4-Webcam-R-037,18.7879,0.3990
Winter_Garden_0-4_Winter_Garden_0-4-Webcam-R-038,18.8127,0.4006
Winter_Garden_0-4_Winter_Garden_0-4-Webcam-R-039,18.9781,0.4177
Winter_Garden_0-4_Winter_Garden_0-4-Webcam-R-040,18.9849,0.4189
Winter_Garden_0-4_Winter_Garden_0-4-Webcam-R-041,19.1222,0.4217
Winter_Garden_0-4_Winter_Garden_0-4-Webcam-R-042,19.0656,0.4248
Winter_Garden_0-4_Winter_Garden_0-4-Webcam-R-043,18.7775,0.4142
Winter_Garden_0-4_Winter_Garden_0-4-Webcam-R-044,18.8588,0.4056
Winter_Garden_0-4_Winter_Garden_0-4-Webcam-R-045,18.7988,0.4160
Winter_Garden_0-4_Winter_Garden_0-4-Webcam-R-046,18.6909,0.4091
Winter_Garden_0-4_Winter_Garden_0-4-Webcam-R-047,18.7844,0.4070
Winter_Garden_0-4_Winter_Garden_0-4-Webcam-R-048,18.8228,0.4073
Winter_Garden_0-4_Winter_Garden_0-4-Webcam-R-049,18.8558,0.4133
Winter_Garden_0-4_Winter_Garden_0-4-Webcam-R-050,18.9581,0.4202
Winter_Garden_0-4_Winter_Garden_0-4-Webcam-R-051,18.9519,0.4227
Winter_Garden_0-4_Winter_Garden_0-4-Webcam-R-052,18.9141,0.4150
Winter_Garden_0-4_Winter_Garden_0-4-Webcam-R-053,18.9123,0.4185
Winter_Garden_0-4_Winter_Garden_0-4-Webcam-R-054,18.9914,0.4162
Winter_Garden_0-4_Winter_Garden_0-4-Webcam-R-055,18.9083,0.4025
Winter_Garden_0-4_Winter_Garden_0-4-Webcam-R-056,18.7948,0.3936
Winter_Garden_0-4_Winter_Garden_0-4-Webcam-R-057,19.0542,0.4055
Winter_Garden_0-4_Winter_Garden_0-4-Webcam-R-058,19.0470,0.4050
Winter_Garden_0-4_Winter_Garden_0-4-Webcam-R-059,19.0271,0.3896
Winter_Garden_0-4_Winter_Garden_0-4-Webcam-R-060,18.9181,0.4008
Winter_Garden_0-4_Winter_Garden_0-4-Webcam-R-061,18.7985,0.3949
Winter_Garden_0-4_Winter_Garden_0-4-Webcam-R-062,19.0940,0.3933
Winter_Garden_0-4_Winter_Garden_0-4-Webcam-R-063,19.1432,0.3986
Winter_Garden_0-4_Winter_Garden_0-4-Webcam-R-064,19.3481,0.4122
Winter_Garden_0-4_Winter_Garden_0-4-Webcam-R-065,19.1951,0.4117
Winter_Garden_0-4_Winter_Garden_0-4-Webcam-R-066,19.0509,0.4187
Winter_Garden_0-4_Winter_Garden_0-4-Webcam-R-067,19.1263,0.4221
Winter_Garden_0-4_Winter_Garden_0-4-Webcam-R-068,19.2740,0.4123
Winter_Garden_0-4_Winter_Garden_0-4-Webcam-R-069,19.1823,0.4072
Winter_Garden_0-4_Winter_Garden_0-4-Webcam-R-070,19.1945,0.4102
Winter_Garden_0-4_Winter_Garden_0-4-Webcam-R-071,18.8479,0.3979
Winter_Garden_0-4_Winter_Garden_0-4-Webcam-R-072,18.8180,0.3969
Winter_Garden_0-4_Winter_Garden_0-4-Webcam-R-073,18.7485,0.3873
Winter_Garden_0-4_Winter_Garden_0-4-Webcam-R-074,19.1110,0.4047
Winter_Garden_0-4_Winter_Garden_0-4-Webcam-R-075,19.1323,0.4045
Winter_Garden_0-4_Winter_Garden_0-4-Webcam-R-076,19.1310,0.4031
Winter_Garden_0-4_Winter_Garden_0-4-Webcam-R-077,19.1377,0.3994
Winter_Garden_0-4_Winter_Garden_0-4-Webcam-R-078,19.1279,0.3915
Winter_Garden_0-4_Winter_Garden_0-4-Webcam-R-079,19.1636,0.3981
Winter_Garden_0-4_Winter_Garden_0-4-Webcam-R-080,19.0387,0.4006
Winter_Garden_0-4_Winter_Garden_0-4-Webcam-R-081,19.1841,0.4009
Winter_Garden_0-4_Winter_Garden_0-4-Webcam-R-082,19.2740,0.4009
Winter_Garden_0-4_Winter_Garden_0-4-Webcam-R-083,19.2474,0.4048
Winter_Garden_0-4_Winter_Garden_0-4-Webcam-R-084,18.9010,0.3895
Winter_Garden_0-4_Winter_Garden_0-4-Webcam-R-085,18.8107,0.3914
Winter_Garden_0-4_Winter_Garden_0-4-Webcam-R-086,18.8409,0.3791
Winter_Garden_0-4_Winter_Garden_0-4-Webcam-R-087,18.8510,0.3792
Winter_Garden_0-4_Winter_Garden_0-4-Webcam-R-088,18.5998,0.3904
Winter_Garden_0-4_Winter_Garden_0-4-Webcam-R-089,18.6592,0.3898
Winter_Garden_0-4_Winter_Garden_0-4-Webcam-R-090,18.6790,0.3899
Winter_Garden_0-4_Winter_Garden_0-4-Webcam-R-091,18.9003,0.3998
Winter_Garden_0-4_Winter_Garden_0-4-Webcam-R-092,18.7467,0.3874
Winter_Garden_0-4_Winter_Garden_0-4-Webcam-R-093,18.9171,0.4024
Winter_Garden_0-4_Winter_Garden_0-4-Webcam-R-094,19.0064,0.4099
Winter_Garden_0-4_Winter_Garden_0-4-Webcam-R-095,18.7801,0.3836
Winter_Garden_0-4_Winter_Garden_0-4-Webcam-R-096,18.9380,0.3893
Winter_Garden_0-4_Winter_Garden_0-4-Webcam-R-097,19.1118,0.4030
Winter_Garden_0-4_Winter_Garden_0-4-Webcam-R-098,18.6472,0.3942
Winter_Garden_0-4_Winter_Garden_0-4-Webcam-R-099,18.9117,0.4063
Winter_Garden_0-4_Winter_Garden_0-4-Webcam-R-100,19.0097,0.3969
Winter_Garden_0-4_Winter_Garden_0-4-Webcam-R-101,19.0917,0.4052
Winter_Garden_0-4_Winter_Garden_0-4-Webcam-R-102,19.0265,0.3928
Winter_Garden_0-4_Winter_Garden_0-4-Webcam-R-103,18.9682,0.3993
Winter_Garden_0-4_Winter_Garden_0-4-Webcam-R-104,18.8665,0.3986
Winter_Garden_0-4_Winter_Garden_0-4-Webcam-R-105,18.8082,0.3922
Winter_Garden_0-4_Winter_Garden_0-4-Webcam-R-106,19.1389,0.4155
Winter_Garden_0-4_Winter_Garden_0-4-Webcam-R-107,18.9886,0.4116
Winter_Garden_0-4_Winter_Garden_0-4-Webcam-R-108,19.1308,0.4190
Winter_Garden_0-4_Winter_Garden_0-4-Webcam-R-109,19.1512,0.4182
Winter_Garden_0-4_Winter_Garden_0-4-Webcam-R-110,19.1148,0.4220
Winter_Garden_0-4_Winter_Garden_0-4-Webcam-R-111,19.0394,0.4221
Winter_Garden_0-4_Winter_Garden_0-4-Webcam-R-112,18.9392,0.4255
Winter_Garden_0-4_Winter_Garden_0-4-Webcam-R-113,18.7910,0.4098
Winter_Garden_0-4_Winter_Garden_0-4-Webcam-R-114,18.8178,0.4096
Winter_Garden_0-4_Winter_Garden_0-4-Webcam-R-115,18.8153,0.4045
Winter_Garden_0-4_Winter_Garden_0-4-Webcam-R-116,18.7372,0.4152
Winter_Garden_0-4_Winter_Garden_0-4-Webcam-R-117,19.0076,0.4224
Winter_Garden_0-4_Winter_Garden_0-4-Webcam-R-118,18.9669,0.4225
Winter_Garden_0-4_Winter_Garden_0-4-Webcam-R-119,18.8358,0.4237
Winter_Garden_0-4_Winter_Garden_0-4-Webcam-R-120,18.9699,0.4144
Winter_Garden_0-4_Winter_Garden_0-4-Webcam-R-121,18.8824,0.4186
Winter_Garden_0-4_Winter_Garden_0-4-Webcam-R-122,19.0177,0.4311
Winter_Garden_0-4_Winter_Garden_0-4-Webcam-R-123,19.0037,0.4248
Winter_Garden_0-4_Winter_Garden_0-4-Webcam-R-124,19.0474,0.4261
Winter_Garden_0-4_Winter_Garden_0-4-Webcam-R-125,19.0895,0.4176
Winter_Garden_0-4_Winter_Garden_0-4-Webcam-R-126,19.1051,0.4207
Winter_Garden_0-4_Winter_Garden_0-4-Webcam-R-127,19.0322,0.4218
Winter_Garden_0-4_Winter_Garden_0-4-Webcam-R-128,18.7181,0.4226
Winter_Garden_0-4_Winter_Garden_0-4-Webcam-R-129,18.6732,0.4221
Winter_Garden_0-4_Winter_Garden_0-4-Webcam-R-130,18.7467,0.4145
Winter_Garden_0-4_Winter_Garden_0-4-Webcam-R-131,19.2381,0.4314
Winter_Garden_0-4_Winter_Garden_0-4-Webcam-R-132,19.1727,0.4303
Winter_Garden_0-4_Winter_Garden_0-4-Webcam-R-133,18.9699,0.4231
Winter_Garden_0-4_Winter_Garden_0-4-Webcam-R-134,19.0201,0.4239
Winter_Garden_0-4_Winter_Garden_0-4-Webcam-R-135,19.0952,0.4256
Winter_Garden_0-4_Winter_Garden_0-4-Webcam-R-136,19.1065,0.4297
Winter_Garden_0-4_Winter_Garden_0-4-Webcam-R-137,19.2380,0.4410
Winter_Garden_0-4_Winter_Garden_0-4-Webcam-R-138,19.2989,0.4455
Winter_Garden_0-4_Winter_Garden_0-4-Webcam-R-139,19.1019,0.4350
Winter_Garden_0-4_Winter_Garden_0-4-Webcam-R-140,19.0532,0.4301
Winter_Garden_0-4_Winter_Garden_0-4-Webcam-R-141,18.8991,0.4277
Winter_Garden_0-4_Winter_Garden_0-4-Webcam-R-142,18.8155,0.4292
Winter_Garden_0-4_Winter_Garden_0-4-Webcam-R-143,18.7518,0.4238
Winter_Garden_0-4_Winter_Garden_0-4-Webcam-R-144,18.8340,0.4300
Winter_Garden_0-4_Winter_Garden_0-4-Webcam-R-145,18.7335,0.4134
Winter_Garden_0-4_Winter_Garden_0-4-Webcam-R-146,18.5939,0.4130
Winter_Garden_0-4_Winter_Garden_0-4-Webcam-R-147,18.6677,0.4188
Winter_Garden_0-4_Winter_Garden_0-4-Webcam-R-148,18.7045,0.4230
Winter_Garden_0-4_Winter_Garden_0-4-Webcam-R-149,18.6735,0.4152
Winter_Garden_0-4_Winter_Garden_0-4-Webcam-R-150,18.6978,0.4219
Winter_Garden_0-4_Winter_Garden_0-4-Webcam-R-151,18.7880,0.4181
Winter_Garden_0-4_Winter_Garden_0-4-Webcam-R-152,18.6746,0.4182
Winter_Garden_0-4_Winter_Garden_0-4-Webcam-R-153,18.7218,0.4187
Winter_Garden_0-4_Winter_Garden_0-4-Webcam-R-154,18.5131,0.4305
Winter_Garden_0-4_Winter_Garden_0-4-Webcam-R-155,18.4084,0.4220
Winter_Garden_0-4_Winter_Garden_0-4-Webcam-R-156,18.6118,0.4308
Winter_Garden_0-4_Winter_Garden_0-4-Webcam-R-157,18.5503,0.4349
Winter_Garden_0-4_Winter_Garden_0-4-Webcam-R-158,18.7867,0.4434
Winter_Garden_0-4_Winter_Garden_0-4-Webcam-R-159,18.8074,0.4426
Winter_Garden_0-4_Winter_Garden_0-4-Webcam-R-160,18.6320,0.4307
Winter_Garden_0-4_Winter_Garden_0-4-Webcam-R-161,18.5928,0.4354
Winter_Garden_0-4_Winter_Garden_0-4-Webcam-R-162,18.4547,0.4316
Winter_Garden_0-4_Winter_Garden_0-4-Webcam-R-163,18.5390,0.4298
Winter_Garden_0-4_Winter_Garden_0-4-Webcam-R-164,18.5620,0.4256
Winter_Garden_0-4_Winter_Garden_0-4-Webcam-R-165,18.6013,0.4257
Winter_Garden_0-4_Winter_Garden_0-4-Webcam-R-166,18.6867,0.4248
Winter_Garden_0-4_Winter_Garden_0-4-Webcam-R-167,18.6410,0.4272
Winter_Garden_0-4_Winter_Garden_0-4-Webcam-R-168,18.8749,0.4400
Winter_Garden_0-4_Winter_Garden_0-4-Webcam-R-169,18.7288,0.4306
Winter_Garden_0-4_Winter_Garden_0-4-Webcam-R-170,18.6553,0.4315
Winter_Garden_0-4_Winter_Garden_0-4-Webcam-R-171,18.6175,0.4275
Winter_Garden_0-4_Winter_Garden_0-4-Webcam-R-172,18.7377,0.4348
Winter_Garden_0-4_Winter_Garden_0-4-Webcam-R-173,18.5843,0.4282
Winter_Garden_0-4_Winter_Garden_0-4-Webcam-R-174,18.6404,0.4300
Winter_Garden_0-4_Winter_Garden_0-4-Webcam-R-175,18.5336,0.4223
Winter_Garden_0-4_Winter_Garden_0-4-Webcam-R-176,18.5846,0.4246
Winter_Garden_0-4_Winter_Garden_0-4-Webcam-R-177,18.6276,0.4255
Winter_Garden_0-4_Winter_Garden_0-4-Webcam-R-178,18.6425,0.4274
Winter_Garden_0-4_Winter_Garden_0-4-Webcam-R-179,18.7549,0.4359
Winter_Garden_0-4_Winter_Garden_0-4-Webcam-R-180,18.4548,0.4395
Winter_Garden_0-4_Winter_Garden_0-4-Webcam-R-181,18.6830,0.4454
Winter_Garden_0-4_Winter_Garden_0-4-Webcam-R-182,18.9253,0.4471
Winter_Garden_0-4_Winter_Garden_0-4-Webcam-R-183,18.8363,0.4394
Winter_Garden_0-4_Winter_Garden_0-4-Webcam-R-184,18.7936,0.4437
Winter_Garden_0-4_Winter_Garden_0-4-Webcam-R-185,18.6963,0.4407
Winter_Garden_0-4_Winter_Garden_0-4-Webcam-R-186,18.8267,0.4351
Winter_Garden_0-4_Winter_Garden_0-4-Webcam-R-187,18.7836,0.4367
Winter_Garden_0-4_Winter_Garden_0-4-Webcam-R-188,18.8051,0.4414
Winter_Garden_0-4_Winter_Garden_0-4-Webcam-R-189,18.7494,0.4414
Winter_Garden_0-4_Winter_Garden_0-4-Webcam-R-190,18.6660,0.4339
Winter_Garden_0-4_Winter_Garden_0-4-Webcam-R-191,18.7126,0.4340
Winter_Garden_0-4_Winter_Garden_0-4-Webcam-R-192,18.6901,0.4329
Winter_Garden_0-4_Winter_Garden_0-4-Webcam-R-193,18.5977,0.4240
Winter_Garden_0-4_Winter_Garden_0-4-Webcam-R-194,18.7925,0.4331
Winter_Garden_0-4_Winter_Garden_0-4-Webcam-R-195,18.5760,0.4228
Winter_Garden_0-4_Winter_Garden_0-4-Webcam-R-196,18.5363,0.4124
Winter_Garden_0-4_Winter_Garden_0-4-Webcam-R-197,18.6478,0.4262
Winter_Garden_0-4_Winter_Garden_0-4-Webcam-R-198,18.5605,0.4308
Winter_Garden_0-4_Winter_Garden_0-4-Webcam-R-199,18.3755,0.4311
Winter_Garden_0-4_Winter_Garden_0-4-Webcam-R-200,18.4023,0.4280
Winter_Garden_0-4_Winter_Garden_0-4-Webcam-R-201,18.4705,0.4346
Winter_Garden_0-4_Winter_Garden_0-4-Webcam-R-202,18.7200,0.4399
Winter_Garden_0-4_Winter_Garden_0-4-Webcam-R-203,18.7174,0.4341
Winter_Garden_0-4_Winter_Garden_0-4-Webcam-R-204,18.6501,0.4294
Winter_Garden_0-4_Winter_Garden_0-4-Webcam-R-205,18.3490,0.3970
Winter_Garden_0-4_Winter_Garden_0-4-Webcam-R-206,18.4599,0.4018
Winter_Garden_0-4_Winter_Garden_0-4-Webcam-R-207,18.4063,0.4113
Winter_Garden_0-4_Winter_Garden_0-4-Webcam-R-208,18.6050,0.4192
Winter_Garden_0-4_Winter_Garden_0-4-Webcam-R-209,18.5983,0.4299
Winter_Garden_0-4_Winter_Garden_0-4-Webcam-R-210,18.6510,0.4333
Winter_Garden_0-4_Winter_Garden_0-4-Webcam-R-211,18.7532,0.4355
Winter_Garden_0-4_Winter_Garden_0-4-Webcam-R-212,18.7276,0.4403
Winter_Garden_0-4_Winter_Garden_0-4-Webcam-R-213,18.8256,0.4351
Winter_Garden_0-4_Winter_Garden_0-4-Webcam-R-214,18.6784,0.4220
Winter_Garden_0-4_Winter_Garden_0-4-Webcam-R-215,18.7528,0.4201
Winter_Garden_0-4_Winter_Garden_0-4-Webcam-R-216,18.9019,0.4305
Winter_Garden_0-4_Winter_Garden_0-4-Webcam-R-217,18.7219,0.4233
Winter_Garden_0-4_Winter_Garden_0-4-Webcam-R-218,18.7926,0.4234
Winter_Garden_0-4_Winter_Garden_0-4-Webcam-R-219,18.7023,0.4137
Winter_Garden_0-4_Winter_Garden_0-4-Webcam-R-220,18.6895,0.4290
Winter_Garden_0-4_Winter_Garden_0-4-Webcam-R-221,18.7594,0.4248
Winter_Garden_0-4_Winter_Garden_0-4-Webcam-R-222,18.7030,0.4221
Winter_Garden_0-4_Winter_Garden_0-4-Webcam-R-223,18.5601,0.4237
Winter_Garden_0-4_Winter_Garden_0-4-Webcam-R-224,18.2735,0.4075
Winter_Garden_0-4_Winter_Garden_0-4-Webcam-R-225,18.1677,0.4189
Winter_Garden_0-4_Winter_Garden_0-4-Webcam-R-226,18.5153,0.4156
Winter_Garden_0-4_Winter_Garden_0-4-Webcam-R-227,18.7288,0.4310
Winter_Garden_0-4_Winter_Garden_0-4-Webcam-R-228,18.7148,0.4272
Winter_Garden_0-4_Winter_Garden_0-4-Webcam-R-229,18.6347,0.4285
Winter_Garden_0-4_Winter_Garden_0-4-Webcam-R-230,18.5941,0.4217
Winter_Garden_0-4_Winter_Garden_0-4-Webcam-R-231,18.4883,0.4215
Winter_Garden_0-4_Winter_Garden_0-4-Webcam-R-232,18.5153,0.4189
Winter_Garden_0-4_Winter_Garden_0-4-Webcam-R-233,18.6509,0.4319
Winter_Garden_0-4_Winter_Garden_0-4-Webcam-R-234,18.6420,0.4302
Winter_Garden_0-4_Winter_Garden_0-4-Webcam-R-235,18.6493,0.4318
Winter_Garden_0-4_Winter_Garden_0-4-Webcam-R-236,19.0238,0.4475
Winter_Garden_0-4_Winter_Garden_0-4-Webcam-R-237,18.9237,0.4467
Winter_Garden_0-4_Winter_Garden_0-4-Webcam-R-238,18.9048,0.4414
Winter_Garden_0-4_Winter_Garden_0-4-Webcam-R-239,18.8854,0.4397
Winter_Garden_0-4_Winter_Garden_0-4-Webcam-R-240,18.7745,0.4465
Winter_Garden_0-4_Winter_Garden_0-4-Webcam-R-241,18.7502,0.4467
Winter_Garden_0-4_Winter_Garden_0-4-Webcam-R-242,18.9151,0.4435
Winter_Garden_0-4_Winter_Garden_0-4-Webcam-R-243,18.8369,0.4401
Winter_Garden_0-4_Winter_Garden_0-4-Webcam-R-244,18.7522,0.4403
Winter_Garden_0-4_Winter_Garden_0-4-Webcam-R-245,18.4624,0.4270
Winter_Garden_0-4_Winter_Garden_0-4-Webcam-R-246,18.4438,0.4303
Winter_Garden_0-4_Winter_Garden_0-4-Webcam-R-247,18.4025,0.4255
Winter_Garden_0-4_Winter_Garden_0-4-Webcam-R-248,18.6941,0.4297
Winter_Garden_0-4_Winter_Garden_0-4-Webcam-R-249,18.9004,0.4435
Winter_Garden_0-4_Winter_Garden_0-4-Webcam-R-250,18.7416,0.4319
Winter_Garden_0-4_Winter_Garden_0-4-Webcam-R-251,18.7245,0.4248
Winter_Garden_0-4_Winter_Garden_0-4-Webcam-R-252,18.7854,0.4347
Winter_Garden_0-4_Winter_Garden_0-4-Webcam-R-253,18.8849,0.4384
Winter_Garden_0-4_Winter_Garden_0-4-Webcam-R-254,18.8293,0.4388
Winter_Garden_0-4_Winter_Garden_0-4-Webcam-R-255,18.5875,0.4308
Winter_Garden_0-4_Winter_Garden_0-4-Webcam-R-256,18.7296,0.4387
Winter_Garden_0-4_Winter_Garden_0-4-Webcam-R-257,18.7420,0.4388
Winter_Garden_0-4_Winter_Garden_0-4-Webcam-R-258,18.8369,0.4351
Winter_Garden_0-4_Winter_Garden_0-4-Webcam-R-259,18.8224,0.4279
Winter_Garden_0-4_Winter_Garden_0-4-Webcam-R-260,18.7060,0.4200
Winter_Garden_0-4_Winter_Garden_0-4-Webcam-R-261,18.9562,0.4409
Winter_Garden_0-4_Winter_Garden_0-4-Webcam-R-262,18.7442,0.4289
Winter_Garden_0-4_Winter_Garden_0-4-Webcam-R-263,18.9168,0.4342
Winter_Garden_0-4_Winter_Garden_0-4-Webcam-R-264,18.8954,0.4336
Winter_Garden_0-4_Winter_Garden_0-4-Webcam-R-265,18.2134,0.3931
Winter_Garden_0-4_Winter_Garden_0-4-Webcam-R-266,18.0809,0.3895
Winter_Garden_0-4_Winter_Garden_0-4-Webcam-R-267,18.3105,0.3992
Winter_Garden_0-4_Winter_Garden_0-4-Webcam-R-268,18.4707,0.4098
Winter_Garden_0-4_Winter_Garden_0-4-Webcam-R-269,18.2354,0.4059
Winter_Garden_0-4_Winter_Garden_0-4-Webcam-R-270,18.6436,0.4192
Winter_Garden_0-4_Winter_Garden_0-4-Webcam-R-271,18.5756,0.4194
Winter_Garden_0-4_Winter_Garden_0-4-Webcam-R-272,18.6927,0.4198
Winter_Garden_0-4_Winter_Garden_0-4-Webcam-R-273,18.8481,0.4216
Winter_Garden_0-4_Winter_Garden_0-4-Webcam-R-274,18.9108,0.4224
Winter_Garden_0-4_Winter_Garden_0-4-Webcam-R-275,18.8515,0.4206
Winter_Garden_0-4_Winter_Garden_0-4-Webcam-R-276,18.9411,0.4228
Winter_Garden_0-4_Winter_Garden_0-4-Webcam-R-277,18.8715,0.4225
Winter_Garden_0-4_Winter_Garden_0-4-Webcam-R-278,18.7563,0.4162
Winter_Garden_0-4_Winter_Garden_0-4-Webcam-R-279,18.8330,0.4240
Winter_Garden_0-4_Winter_Garden_0-4-Webcam-R-280,18.9470,0.4301
Winter_Garden_0-4_Winter_Garden_0-4-Webcam-R-281,18.7872,0.4227
Winter_Garden_0-4_Winter_Garden_0-4-Webcam-R-282,18.7652,0.4209
Winter_Garden_0-4_Winter_Garden_0-4-Webcam-R-283,18.9725,0.4294
Winter_Garden_0-4_Winter_Garden_0-4-Webcam-R-284,18.9419,0.4335
Winter_Garden_0-4_Winter_Garden_0-4-Webcam-R-285,18.6967,0.4171
Winter_Garden_0-4_Winter_Garden_0-4-Webcam-R-286,18.7199,0.4095
Winter_Garden_0-4_Winter_Garden_0-4-Webcam-R-287,18.7186,0.4093
Winter_Garden_0-4_Winter_Garden_0-4-Webcam-R-288,18.7186,0.4093
Winter_Garden_0-4_Winter_Garden_0-4-Webcam-R-289,18.7186,0.4093
Winter_Garden_0-4_Winter_Garden_0-4-Webcam-R-290,18.7186,0.4093
Winter_Garden_0-4_Winter_Garden_0-4-Webcam-R-291,18.7186,0.4093
Winter_Garden_0-4_Winter_Garden_0-4-Webcam-R-292,18.7186,0.4093
Winter_Garden_0-4_Winter_Garden_0-4-Webcam-R-293,18.7186,0.4093
Winter_Garden_0-4_Winter_Garden_0-4-Webcam-R-294,18.8196,0.4106
Winter_Garden_0-4_Winter_Garden_0-4-Webcam-R-295,18.8201,0.4107
Winter_Garden_0-4_Winter_Garden_0-4-Webcam-R-296,18.8201,0.4107
Winter_Garden_0-4_Winter_Garden_0-4-Webcam-R-297,18.8201,0.4107
Winter_Garden_0-4_Winter_Garden_0-4-Webcam-R-298,18.8201,0.4107
Winter_Garden_0-4_Winter_Garden_0-4-Webcam-R-299,18.8201,0.4107

Average,20.0551,0.5105
