Image Name,PSNR (dB),SSIM
im_0001_s100_a04,13.4889,0.5237
im_0001_s100_a05,11.3264,0.5975
im_0001_s100_a06,12.5415,0.5459
im_0001_s80_a04,11.8185,0.4357
im_0001_s80_a05,14.1122,0.5891
im_0001_s80_a06,13.0929,0.5201
im_0001_s85_a04,13.1824,0.5558
im_0001_s85_a05,12.2848,0.6036
im_0001_s85_a06,12.4158,0.5760
im_0001_s90_a04,12.8348,0.5333
im_0001_s90_a05,11.8683,0.4857
im_0001_s90_a06,11.9744,0.5999
im_0001_s95_a04,11.5621,0.5986
im_0001_s95_a05,12.5830,0.5326
im_0001_s95_a06,12.7071,0.5399
im_0002_s100_a04,15.4036,0.6917
im_0002_s100_a05,13.9780,0.6561
im_0002_s100_a06,14.6069,0.7261
im_0002_s80_a04,13.1275,0.6983
im_0002_s80_a05,14.9472,0.7343
im_0002_s80_a06,13.7024,0.6140
im_0002_s85_a04,15.9869,0.6971
im_0002_s85_a05,12.9682,0.6702
im_0002_s85_a06,15.6217,0.7347
im_0002_s90_a04,13.7215,0.6306
im_0002_s90_a05,14.3256,0.6238
im_0002_s90_a06,15.3122,0.6337
im_0002_s95_a04,14.6734,0.6421
im_0002_s95_a05,14.4970,0.6821
im_0002_s95_a06,16.1092,0.7562
im_0003_s100_a04,11.4262,0.4979
im_0003_s100_a05,14.7881,0.5491
im_0003_s100_a06,15.6533,0.5627
im_0003_s80_a04,12.0710,0.4140
im_0003_s80_a05,14.1767,0.5194
im_0003_s80_a06,10.4510,0.4267
im_0003_s85_a04,9.8471,0.4551
im_0003_s85_a05,14.2092,0.4553
im_0003_s85_a06,9.8244,0.4795
im_0003_s90_a04,13.5483,0.4288
im_0003_s90_a05,14.7033,0.4641
im_0003_s90_a06,12.3425,0.4190
im_0003_s95_a04,15.3991,0.5673
im_0003_s95_a05,14.1232,0.4797
im_0003_s95_a06,13.2097,0.5277
im_0004_s100_a04,12.8735,0.5368
im_0004_s100_a05,12.4814,0.5043
im_0004_s100_a06,14.0013,0.5436
im_0004_s80_a04,10.7363,0.4973
im_0004_s80_a05,10.0587,0.4549
im_0004_s80_a06,10.9728,0.5153
im_0004_s85_a04,12.6695,0.5755
im_0004_s85_a05,11.0266,0.4664
im_0004_s85_a06,12.6054,0.5210
im_0004_s90_a04,10.2277,0.4717
im_0004_s90_a05,12.7135,0.4906
im_0004_s90_a06,12.0620,0.4544
im_0004_s95_a04,12.2662,0.4790
im_0004_s95_a05,12.0427,0.5578
im_0004_s95_a06,12.9769,0.5207
im_0005_s100_a04,13.6912,0.5615
im_0005_s100_a05,12.4109,0.5807
im_0005_s100_a06,15.5510,0.6088
im_0005_s80_a04,12.4354,0.5110
im_0005_s80_a05,13.4716,0.6507
im_0005_s80_a06,13.2152,0.6258
im_0005_s85_a04,14.3103,0.5275
im_0005_s85_a05,13.6740,0.5673
im_0005_s85_a06,15.0539,0.5426
im_0005_s90_a04,14.5379,0.5418
im_0005_s90_a05,15.2743,0.5294
im_0005_s90_a06,16.1131,0.5339
im_0005_s95_a04,16.7756,0.5837
im_0005_s95_a05,15.5624,0.6960
im_0005_s95_a06,16.6054,0.6187
im_0006_s100_a04,17.3005,0.4318
im_0006_s100_a05,8.1680,0.4361
im_0006_s100_a06,16.6350,0.4561
im_0006_s80_a04,16.7739,0.4878
im_0006_s80_a05,16.2923,0.4565
im_0006_s80_a06,12.2977,0.4196
im_0006_s85_a04,8.7725,0.4140
im_0006_s85_a05,10.6200,0.5192
im_0006_s85_a06,14.7471,0.5021
im_0006_s90_a04,17.9741,0.4473
im_0006_s90_a05,9.5762,0.4297
im_0006_s90_a06,15.4449,0.4936
im_0006_s95_a04,16.7176,0.5674
im_0006_s95_a05,11.9513,0.4805
im_0006_s95_a06,13.2595,0.5033
im_0007_s100_a04,20.3651,0.5885
im_0007_s100_a05,11.7493,0.5438
im_0007_s100_a06,14.0425,0.5800
im_0007_s80_a04,20.6759,0.6056
im_0007_s80_a05,12.5814,0.6486
im_0007_s80_a06,11.9309,0.6215
im_0007_s85_a04,17.4947,0.5836
im_0007_s85_a05,16.3710,0.6308
im_0007_s85_a06,20.8405,0.6574
im_0007_s90_a04,19.8656,0.6804
im_0007_s90_a05,15.6109,0.5226
im_0007_s90_a06,16.7402,0.6209
im_0007_s95_a04,15.8996,0.5594
im_0007_s95_a05,20.2593,0.6670
im_0007_s95_a06,17.1609,0.5936
im_0008_s100_a04,16.6426,0.5321
im_0008_s100_a05,16.8706,0.5232
im_0008_s100_a06,11.6393,0.5210
im_0008_s80_a04,11.5910,0.5127
im_0008_s80_a05,11.2095,0.5720
im_0008_s80_a06,9.8231,0.5083
im_0008_s85_a04,15.5575,0.5529
im_0008_s85_a05,16.9249,0.6001
im_0008_s85_a06,17.4959,0.5710
im_0008_s90_a04,16.8339,0.5541
im_0008_s90_a05,14.7117,0.4938
im_0008_s90_a06,16.9483,0.5043
im_0008_s95_a04,16.2457,0.5366
im_0008_s95_a05,16.0938,0.5618
im_0008_s95_a06,8.8303,0.4888
im_0009_s100_a04,8.8227,0.2762
im_0009_s100_a05,13.1929,0.3386
im_0009_s100_a06,14.8008,0.4518
im_0009_s80_a04,13.7344,0.3967
im_0009_s80_a05,9.4790,0.2478
im_0009_s80_a06,9.7551,0.2392
im_0009_s85_a04,9.7492,0.3083
im_0009_s85_a05,14.0944,0.4457
im_0009_s85_a06,9.0461,0.3030
im_0009_s90_a04,15.1362,0.4183
im_0009_s90_a05,14.5623,0.4085
im_0009_s90_a06,13.4549,0.3939
im_0009_s95_a04,10.3075,0.3040
im_0009_s95_a05,10.3790,0.3001
im_0009_s95_a06,9.2705,0.3060
im_0010_s100_a04,12.5268,0.5782
im_0010_s100_a05,17.8454,0.6636
im_0010_s100_a06,17.2331,0.6241
im_0010_s80_a04,17.0445,0.5682
im_0010_s80_a05,17.0541,0.5720
im_0010_s80_a06,15.6789,0.5597
im_0010_s85_a04,17.4998,0.5592
im_0010_s85_a05,15.6818,0.5301
im_0010_s85_a06,16.5255,0.6065
im_0010_s90_a04,16.6815,0.5838
im_0010_s90_a05,15.6212,0.5418
im_0010_s90_a06,15.5691,0.5297
im_0010_s95_a04,16.5215,0.5758
im_0010_s95_a05,17.7885,0.6764
im_0010_s95_a06,16.8715,0.6188
im_0011_s100_a04,13.8524,0.5932
im_0011_s100_a05,7.7732,0.4482
im_0011_s100_a06,6.3587,0.4090
im_0011_s80_a04,13.3225,0.5533
im_0011_s80_a05,7.7096,0.4398
im_0011_s80_a06,13.8116,0.5276
im_0011_s85_a04,6.0839,0.4376
im_0011_s85_a05,10.1107,0.5390
im_0011_s85_a06,7.5775,0.4618
im_0011_s90_a04,13.1915,0.4640
im_0011_s90_a05,13.9918,0.5702
im_0011_s90_a06,14.1343,0.5464
im_0011_s95_a04,12.3119,0.5278
im_0011_s95_a05,12.1984,0.5628
im_0011_s95_a06,8.9595,0.4481
im_0012_s100_a04,19.2408,0.6110
im_0012_s100_a05,14.1678,0.5907
im_0012_s100_a06,11.9050,0.4861
im_0012_s80_a04,15.1219,0.5067
im_0012_s80_a05,12.8317,0.5669
im_0012_s80_a06,15.8472,0.6001
im_0012_s85_a04,18.8700,0.6628
im_0012_s85_a05,16.0744,0.6590
im_0012_s85_a06,18.2057,0.6120
im_0012_s90_a04,10.8783,0.5361
im_0012_s90_a05,19.0516,0.5327
im_0012_s90_a06,19.1960,0.6532
im_0012_s95_a04,14.0170,0.6456
im_0012_s95_a05,16.4708,0.6195
im_0012_s95_a06,12.1709,0.5305
im_0013_s100_a04,16.7598,0.5267
im_0013_s100_a05,15.7466,0.5754
im_0013_s100_a06,15.0265,0.5021
im_0013_s80_a04,17.0303,0.6270
im_0013_s80_a05,17.6950,0.6945
im_0013_s80_a06,15.8140,0.5644
im_0013_s85_a04,17.4719,0.6771
im_0013_s85_a05,17.4615,0.6145
im_0013_s85_a06,12.6852,0.5766
im_0013_s90_a04,16.1664,0.5011
im_0013_s90_a05,13.8927,0.5543
im_0013_s90_a06,15.9738,0.5019
im_0013_s95_a04,16.0040,0.5880
im_0013_s95_a05,16.8883,0.5241
im_0013_s95_a06,11.7684,0.5225
im_0014_s100_a04,19.8172,0.7154
im_0014_s100_a05,14.1164,0.5926
im_0014_s100_a06,13.8936,0.5795
im_0014_s80_a04,14.3124,0.6090
im_0014_s80_a05,11.2033,0.5399
im_0014_s80_a06,18.2967,0.7103
im_0014_s85_a04,19.3905,0.7530
im_0014_s85_a05,20.0279,0.6129
im_0014_s85_a06,17.2635,0.5713
im_0014_s90_a04,17.3306,0.6788
im_0014_s90_a05,13.2494,0.5325
im_0014_s90_a06,18.0767,0.6804
im_0014_s95_a04,16.1697,0.5527
im_0014_s95_a05,16.4368,0.6616
im_0014_s95_a06,13.1804,0.6380
im_0015_s100_a04,14.8657,0.5261
im_0015_s100_a05,14.0980,0.5594
im_0015_s100_a06,14.3735,0.5636
im_0015_s80_a04,15.6779,0.5323
im_0015_s80_a05,14.1018,0.5357
im_0015_s80_a06,13.8638,0.5562
im_0015_s85_a04,15.0523,0.5989
im_0015_s85_a05,14.9137,0.5702
im_0015_s85_a06,16.0109,0.5642
im_0015_s90_a04,15.3675,0.6029
im_0015_s90_a05,15.4334,0.5288
im_0015_s90_a06,12.2000,0.4941
im_0015_s95_a04,14.0244,0.4853
im_0015_s95_a05,13.3311,0.5545
im_0015_s95_a06,15.3328,0.5951
im_0016_s100_a04,8.5761,0.4440
im_0016_s100_a05,17.4963,0.6366
im_0016_s100_a06,10.7319,0.4983
im_0016_s80_a04,8.7691,0.4332
im_0016_s80_a05,9.8545,0.4889
im_0016_s80_a06,10.7635,0.5489
im_0016_s85_a04,17.6430,0.6771
im_0016_s85_a05,8.6837,0.4407
im_0016_s85_a06,15.0838,0.5284
im_0016_s90_a04,17.6340,0.6743
im_0016_s90_a05,15.8724,0.5525
im_0016_s90_a06,12.7097,0.5031
im_0016_s95_a04,11.2220,0.5136
im_0016_s95_a05,18.1899,0.6165
im_0016_s95_a06,8.1218,0.4858
im_0017_s100_a04,20.2526,0.7752
im_0017_s100_a05,14.7439,0.6130
im_0017_s100_a06,16.4076,0.6559
im_0017_s80_a04,14.5825,0.5446
im_0017_s80_a05,15.5846,0.6995
im_0017_s80_a06,14.9210,0.6224
im_0017_s85_a04,20.0620,0.7704
im_0017_s85_a05,15.8362,0.6232
im_0017_s85_a06,13.2330,0.5325
im_0017_s90_a04,17.5171,0.7358
im_0017_s90_a05,20.3317,0.7198
im_0017_s90_a06,18.4877,0.5556
im_0017_s95_a04,15.0350,0.6042
im_0017_s95_a05,16.1521,0.6901
im_0017_s95_a06,12.0747,0.5432
im_0018_s100_a04,11.4236,0.4957
im_0018_s100_a05,12.5437,0.4809
im_0018_s100_a06,10.6500,0.5608
im_0018_s80_a04,11.6274,0.5167
im_0018_s80_a05,11.1370,0.6092
im_0018_s80_a06,10.6779,0.5534
im_0018_s85_a04,11.9780,0.4795
im_0018_s85_a05,13.3494,0.5528
im_0018_s85_a06,12.4418,0.5052
im_0018_s90_a04,12.4401,0.5147
im_0018_s90_a05,11.2276,0.4689
im_0018_s90_a06,10.2485,0.4286
im_0018_s95_a04,13.2991,0.5426
im_0018_s95_a05,12.8013,0.5637
im_0018_s95_a06,13.7116,0.5808
im_0019_s100_a04,15.6282,0.6898
im_0019_s100_a05,13.7957,0.6686
im_0019_s100_a06,15.8185,0.6458
im_0019_s80_a04,14.4395,0.6176
im_0019_s80_a05,14.9697,0.6333
im_0019_s80_a06,14.8758,0.7034
im_0019_s85_a04,14.0204,0.6063
im_0019_s85_a05,15.9753,0.6143
im_0019_s85_a06,16.2822,0.6491
im_0019_s90_a04,15.0827,0.6309
im_0019_s90_a05,15.3577,0.6288
im_0019_s90_a06,15.1016,0.6627
im_0019_s95_a04,15.1044,0.6761
im_0019_s95_a05,13.9153,0.6217
im_0019_s95_a06,15.3260,0.6022
im_0020_s100_a04,12.2204,0.6594
im_0020_s100_a05,13.3594,0.5934
im_0020_s100_a06,10.6463,0.5776
im_0020_s80_a04,11.2711,0.5727
im_0020_s80_a05,11.0482,0.5931
im_0020_s80_a06,12.7258,0.6064
im_0020_s85_a04,12.0746,0.6070
im_0020_s85_a05,13.7323,0.6628
im_0020_s85_a06,9.2913,0.5521
im_0020_s90_a04,14.2535,0.6138
im_0020_s90_a05,9.5748,0.5228
im_0020_s90_a06,14.8617,0.6885
im_0020_s95_a04,11.0778,0.5740
im_0020_s95_a05,9.9844,0.5999
im_0020_s95_a06,12.6725,0.6324
im_0021_s100_a04,10.4528,0.5601
im_0021_s100_a05,18.4717,0.6081
im_0021_s100_a06,12.7197,0.5947
im_0021_s80_a04,16.4758,0.5267
im_0021_s80_a05,11.1758,0.5199
im_0021_s80_a06,10.1560,0.5187
im_0021_s85_a04,18.8727,0.6770
im_0021_s85_a05,14.6625,0.6218
im_0021_s85_a06,17.4798,0.5820
im_0021_s90_a04,16.6697,0.5208
im_0021_s90_a05,12.4481,0.5826
im_0021_s90_a06,16.0819,0.4719
im_0021_s95_a04,13.9039,0.6739
im_0021_s95_a05,15.0698,0.5686
im_0021_s95_a06,17.2003,0.5977
im_0022_s100_a04,17.0460,0.6341
im_0022_s100_a05,16.7002,0.5482
im_0022_s100_a06,16.8583,0.5207
im_0022_s80_a04,13.3783,0.6247
im_0022_s80_a05,18.3146,0.7298
im_0022_s80_a06,13.7330,0.6269
im_0022_s85_a04,15.1492,0.5145
im_0022_s85_a05,17.1002,0.5604
im_0022_s85_a06,18.2431,0.6786
im_0022_s90_a04,17.3148,0.6396
im_0022_s90_a05,16.9870,0.6117
im_0022_s90_a06,16.7623,0.5559
im_0022_s95_a04,17.1348,0.5766
im_0022_s95_a05,13.9463,0.5979
im_0022_s95_a06,12.4756,0.5737
im_0023_s100_a04,14.5058,0.5096
im_0023_s100_a05,9.2418,0.3897
im_0023_s100_a06,13.9360,0.4691
im_0023_s80_a04,17.5476,0.5337
im_0023_s80_a05,8.0878,0.3745
im_0023_s80_a06,12.2656,0.4245
im_0023_s85_a04,13.8923,0.5180
im_0023_s85_a05,16.2054,0.4841
im_0023_s85_a06,7.7836,0.4462
im_0023_s90_a04,16.2981,0.5265
im_0023_s90_a05,7.6851,0.3928
im_0023_s90_a06,11.2497,0.4274
im_0023_s95_a04,12.5050,0.4594
im_0023_s95_a05,16.4543,0.5144
im_0023_s95_a06,14.6109,0.4425
im_0024_s100_a04,15.9448,0.5193
im_0024_s100_a05,8.9954,0.4276
im_0024_s100_a06,10.1313,0.4238
im_0024_s80_a04,9.9154,0.4748
im_0024_s80_a05,18.0538,0.5164
im_0024_s80_a06,11.4188,0.4889
im_0024_s85_a04,7.9872,0.4540
im_0024_s85_a05,14.9923,0.4878
im_0024_s85_a06,12.6385,0.4781
im_0024_s90_a04,12.5588,0.3816
im_0024_s90_a05,6.7281,0.4295
im_0024_s90_a06,6.8329,0.3988
im_0024_s95_a04,17.9214,0.5904
im_0024_s95_a05,8.1631,0.4168
im_0024_s95_a06,8.1368,0.4388
im_0025_s100_a04,15.6573,0.6500
im_0025_s100_a05,13.3810,0.6368
im_0025_s100_a06,11.0366,0.5350
im_0025_s80_a04,15.0416,0.6464
im_0025_s80_a05,15.1305,0.5564
im_0025_s80_a06,14.8691,0.6674
im_0025_s85_a04,15.2811,0.6379
im_0025_s85_a05,15.5957,0.6569
im_0025_s85_a06,13.4990,0.6744
im_0025_s90_a04,14.9475,0.5077
im_0025_s90_a05,15.5373,0.6373
im_0025_s90_a06,15.0980,0.6207
im_0025_s95_a04,13.2185,0.5960
im_0025_s95_a05,15.6554,0.6853
im_0025_s95_a06,15.3782,0.6481
im_0026_s100_a04,10.7640,0.5101
im_0026_s100_a05,18.0609,0.6946
im_0026_s100_a06,15.2066,0.6236
im_0026_s80_a04,10.8529,0.6056
im_0026_s80_a05,12.0771,0.6155
im_0026_s80_a06,10.6325,0.6041
im_0026_s85_a04,17.1181,0.6317
im_0026_s85_a05,9.8781,0.5123
im_0026_s85_a06,17.6618,0.6443
im_0026_s90_a04,16.9244,0.6410
im_0026_s90_a05,10.4089,0.5505
im_0026_s90_a06,15.6720,0.4422
im_0026_s95_a04,13.1663,0.6754
im_0026_s95_a05,18.8711,0.6939
im_0026_s95_a06,10.6594,0.5721
im_0027_s100_a04,16.3142,0.5476
im_0027_s100_a05,14.1927,0.4936
im_0027_s100_a06,18.4717,0.6854
im_0027_s80_a04,20.2951,0.6865
im_0027_s80_a05,18.8817,0.7192
im_0027_s80_a06,11.5412,0.5639
im_0027_s85_a04,19.1976,0.5536
im_0027_s85_a05,12.4795,0.5196
im_0027_s85_a06,19.5561,0.6936
im_0027_s90_a04,12.4511,0.5682
im_0027_s90_a05,18.4662,0.6505
im_0027_s90_a06,17.7344,0.6106
im_0027_s95_a04,18.1806,0.5191
im_0027_s95_a05,19.5635,0.5694
im_0027_s95_a06,17.8330,0.5599
im_0028_s100_a04,14.4998,0.3951
im_0028_s100_a05,14.5612,0.5317
im_0028_s100_a06,9.6454,0.4557
im_0028_s80_a04,16.0145,0.4494
im_0028_s80_a05,16.6289,0.4615
im_0028_s80_a06,8.2049,0.4910
im_0028_s85_a04,10.8888,0.5551
im_0028_s85_a05,13.1444,0.4921
im_0028_s85_a06,16.5302,0.4935
im_0028_s90_a04,16.3317,0.4112
im_0028_s90_a05,9.5593,0.4750
im_0028_s90_a06,9.4453,0.4917
im_0028_s95_a04,16.8653,0.5478
im_0028_s95_a05,12.3496,0.5481
im_0028_s95_a06,10.6510,0.5038
im_0029_s100_a04,12.6515,0.5447
im_0029_s100_a05,12.1797,0.5322
im_0029_s100_a06,10.5800,0.5480
im_0029_s80_a04,10.5877,0.5448
im_0029_s80_a05,11.6348,0.5853
im_0029_s80_a06,12.0890,0.6015
im_0029_s85_a04,12.6731,0.6349
im_0029_s85_a05,13.4222,0.6253
im_0029_s85_a06,13.9010,0.6767
im_0029_s90_a04,13.4283,0.5550
im_0029_s90_a05,11.1983,0.4944
im_0029_s90_a06,9.2787,0.5083
im_0029_s95_a04,12.0999,0.6096
im_0029_s95_a05,12.0384,0.6201
im_0029_s95_a06,11.6166,0.6161
im_0030_s100_a04,13.4074,0.6157
im_0030_s100_a05,10.3089,0.5106
im_0030_s100_a06,9.7934,0.5509
im_0030_s80_a04,16.6270,0.6421
im_0030_s80_a05,13.4458,0.6383
im_0030_s80_a06,10.3230,0.5311
im_0030_s85_a04,10.9728,0.4883
im_0030_s85_a05,14.1672,0.5360
im_0030_s85_a06,19.0481,0.7141
im_0030_s90_a04,15.1132,0.6388
im_0030_s90_a05,10.0405,0.5571
im_0030_s90_a06,15.6261,0.5877
im_0030_s95_a04,11.9332,0.5416
im_0030_s95_a05,10.5320,0.4988
im_0030_s95_a06,10.8849,0.4814
im_0031_s100_a04,11.8387,0.5515
im_0031_s100_a05,11.4241,0.4810
im_0031_s100_a06,11.8276,0.4564
im_0031_s80_a04,9.8168,0.5187
im_0031_s80_a05,16.5415,0.6846
im_0031_s80_a06,18.8897,0.5884
im_0031_s85_a04,9.3006,0.5378
im_0031_s85_a05,18.9976,0.7107
im_0031_s85_a06,18.8544,0.5469
im_0031_s90_a04,14.1475,0.6050
im_0031_s90_a05,13.3519,0.6247
im_0031_s90_a06,17.5732,0.4877
im_0031_s95_a04,18.6916,0.6103
im_0031_s95_a05,9.4544,0.5123
im_0031_s95_a06,17.4317,0.5063
im_0032_s100_a04,14.4583,0.6233
im_0032_s100_a05,14.5416,0.7422
im_0032_s100_a06,11.9591,0.6398
im_0032_s80_a04,16.7088,0.6645
im_0032_s80_a05,16.1681,0.6838
im_0032_s80_a06,16.0082,0.6446
im_0032_s85_a04,17.3071,0.7069
im_0032_s85_a05,19.2749,0.7238
im_0032_s85_a06,14.7848,0.6715
im_0032_s90_a04,17.1086,0.6301
im_0032_s90_a05,11.7133,0.6686
im_0032_s90_a06,14.2147,0.6721
im_0032_s95_a04,17.3687,0.6563
im_0032_s95_a05,14.5625,0.6546
im_0032_s95_a06,15.6249,0.6682
im_0033_s100_a04,14.8880,0.6400
im_0033_s100_a05,12.7142,0.6936
im_0033_s100_a06,15.2239,0.6854
im_0033_s80_a04,14.8871,0.6328
im_0033_s80_a05,11.1156,0.6212
im_0033_s80_a06,12.3518,0.5831
im_0033_s85_a04,11.7124,0.6183
im_0033_s85_a05,12.3469,0.5990
im_0033_s85_a06,15.2575,0.6885
im_0033_s90_a04,12.5740,0.6815
im_0033_s90_a05,16.8541,0.6079
im_0033_s90_a06,14.7190,0.6681
im_0033_s95_a04,15.6873,0.7305
im_0033_s95_a05,14.2170,0.6587
im_0033_s95_a06,14.8694,0.5922
im_0034_s100_a04,14.6229,0.6265
im_0034_s100_a05,14.8269,0.5530
im_0034_s100_a06,13.6838,0.5660
im_0034_s80_a04,12.4028,0.5918
im_0034_s80_a05,9.3622,0.5378
im_0034_s80_a06,11.5220,0.5560
im_0034_s85_a04,9.5572,0.5541
im_0034_s85_a05,14.2762,0.5392
im_0034_s85_a06,13.1376,0.5125
im_0034_s90_a04,11.6401,0.6248
im_0034_s90_a05,12.8062,0.5743
im_0034_s90_a06,15.0006,0.6831
im_0034_s95_a04,10.4456,0.5502
im_0034_s95_a05,10.7849,0.5831
im_0034_s95_a06,9.1038,0.5444
im_0035_s100_a04,16.2646,0.5546
im_0035_s100_a05,17.5374,0.4940
im_0035_s100_a06,15.4342,0.6838
im_0035_s80_a04,17.1505,0.6170
im_0035_s80_a05,18.2869,0.6097
im_0035_s80_a06,18.2618,0.5536
im_0035_s85_a04,17.9463,0.5334
im_0035_s85_a05,13.1940,0.6169
im_0035_s85_a06,18.1056,0.6215
im_0035_s90_a04,11.1073,0.5599
im_0035_s90_a05,15.3438,0.6202
im_0035_s90_a06,18.5659,0.5170
im_0035_s95_a04,17.3432,0.6465
im_0035_s95_a05,13.2604,0.6464
im_0035_s95_a06,18.3268,0.6303
im_0036_s100_a04,13.3120,0.6331
im_0036_s100_a05,14.6526,0.5794
im_0036_s100_a06,12.8217,0.6665
im_0036_s80_a04,12.4795,0.5977
im_0036_s80_a05,14.3444,0.6294
im_0036_s80_a06,13.8001,0.5767
im_0036_s85_a04,14.0675,0.6545
im_0036_s85_a05,13.4098,0.6331
im_0036_s85_a06,12.8217,0.5852
im_0036_s90_a04,9.5624,0.5390
im_0036_s90_a05,11.0359,0.5127
im_0036_s90_a06,13.1756,0.5552
im_0036_s95_a04,14.5988,0.6571
im_0036_s95_a05,15.0876,0.6106
im_0036_s95_a06,14.7050,0.6654
im_0037_s100_a04,14.8075,0.4982
im_0037_s100_a05,14.9575,0.5420
im_0037_s100_a06,12.9803,0.5767
im_0037_s80_a04,9.6438,0.4606
im_0037_s80_a05,11.9724,0.5158
im_0037_s80_a06,12.6731,0.5126
im_0037_s85_a04,12.4114,0.5210
im_0037_s85_a05,11.7629,0.5556
im_0037_s85_a06,10.6570,0.5216
im_0037_s90_a04,10.8192,0.5290
im_0037_s90_a05,11.7358,0.4192
im_0037_s90_a06,14.1214,0.4753
im_0037_s95_a04,13.8451,0.5292
im_0037_s95_a05,10.0850,0.4986
im_0037_s95_a06,15.9564,0.5429
im_0038_s100_a04,13.8750,0.6098
im_0038_s100_a05,12.4454,0.5572
im_0038_s100_a06,14.4144,0.6757
im_0038_s80_a04,16.9393,0.6688
im_0038_s80_a05,17.5446,0.6662
im_0038_s80_a06,15.8936,0.5405
im_0038_s85_a04,16.7446,0.6574
im_0038_s85_a05,18.4918,0.6987
im_0038_s85_a06,14.1993,0.6035
im_0038_s90_a04,15.8423,0.5187
im_0038_s90_a05,14.3577,0.6137
im_0038_s90_a06,19.3496,0.6710
im_0038_s95_a04,18.6712,0.6301
im_0038_s95_a05,15.5382,0.6234
im_0038_s95_a06,13.2697,0.5599
im_0039_s100_a04,11.7888,0.5044
im_0039_s100_a05,18.3972,0.5810
im_0039_s100_a06,10.6869,0.4776
im_0039_s80_a04,14.3609,0.4328
im_0039_s80_a05,15.4460,0.5249
im_0039_s80_a06,9.6847,0.4798
im_0039_s85_a04,17.1752,0.4824
im_0039_s85_a05,10.0809,0.4741
im_0039_s85_a06,10.7453,0.5132
im_0039_s90_a04,15.3141,0.4605
im_0039_s90_a05,9.9174,0.4930
im_0039_s90_a06,9.5084,0.4640
im_0039_s95_a04,18.8337,0.5781
im_0039_s95_a05,11.4613,0.5249
im_0039_s95_a06,11.8988,0.5458
im_0040_s100_a04,9.9174,0.5799
im_0040_s100_a05,10.0688,0.5950
im_0040_s100_a06,9.8705,0.6503
im_0040_s80_a04,10.4297,0.6097
im_0040_s80_a05,8.8994,0.5748
im_0040_s80_a06,12.9237,0.6491
im_0040_s85_a04,13.2546,0.6439
im_0040_s85_a05,9.8296,0.5483
im_0040_s85_a06,12.8168,0.6233
im_0040_s90_a04,11.8732,0.6487
im_0040_s90_a05,9.3108,0.6076
im_0040_s90_a06,8.7922,0.5395
im_0040_s95_a04,10.3778,0.5703
im_0040_s95_a05,10.2647,0.5890
im_0040_s95_a06,8.7303,0.6057
im_0041_s100_a04,16.6423,0.5137
im_0041_s100_a05,11.7626,0.3220
im_0041_s100_a06,11.2158,0.3309
im_0041_s80_a04,8.1746,0.3246
im_0041_s80_a05,12.0827,0.3093
im_0041_s80_a06,8.4819,0.3011
im_0041_s85_a04,8.3970,0.3271
im_0041_s85_a05,13.6994,0.4039
im_0041_s85_a06,11.1381,0.2666
im_0041_s90_a04,13.4531,0.3439
im_0041_s90_a05,12.4275,0.2474
im_0041_s90_a06,9.1536,0.3187
im_0041_s95_a04,7.3563,0.3242
im_0041_s95_a05,15.1275,0.3926
im_0041_s95_a06,11.0331,0.2712
im_0042_s100_a04,13.3751,0.4146
im_0042_s100_a05,9.0251,0.3832
im_0042_s100_a06,13.1169,0.4083
im_0042_s80_a04,13.8699,0.4601
im_0042_s80_a05,14.1143,0.4520
im_0042_s80_a06,7.8177,0.3869
im_0042_s85_a04,13.6993,0.4358
im_0042_s85_a05,9.0910,0.4151
im_0042_s85_a06,14.2426,0.4857
im_0042_s90_a04,14.5503,0.4711
im_0042_s90_a05,10.5978,0.4440
im_0042_s90_a06,11.2977,0.4625
im_0042_s95_a04,11.6533,0.4131
im_0042_s95_a05,13.8510,0.4590
im_0042_s95_a06,8.5017,0.4010
im_0043_s100_a04,16.9273,0.6499
im_0043_s100_a05,9.8686,0.4670
im_0043_s100_a06,10.8449,0.5485
im_0043_s80_a04,10.2022,0.4563
im_0043_s80_a05,12.9430,0.5409
im_0043_s80_a06,16.0379,0.5677
im_0043_s85_a04,18.6409,0.5961
im_0043_s85_a05,17.3464,0.6925
im_0043_s85_a06,17.0394,0.6297
im_0043_s90_a04,18.4956,0.5646
im_0043_s90_a05,9.5095,0.4777
im_0043_s90_a06,9.6038,0.4513
im_0043_s95_a04,10.1876,0.4571
im_0043_s95_a05,16.8252,0.6660
im_0043_s95_a06,12.8867,0.5252
im_0044_s100_a04,11.4375,0.6435
im_0044_s100_a05,11.5500,0.5778
im_0044_s100_a06,12.5878,0.6175
im_0044_s80_a04,12.5198,0.5760
im_0044_s80_a05,11.7315,0.5950
im_0044_s80_a06,13.6498,0.6284
im_0044_s85_a04,11.2366,0.6199
im_0044_s85_a05,11.1358,0.6075
im_0044_s85_a06,11.4514,0.5988
im_0044_s90_a04,10.3666,0.5958
im_0044_s90_a05,11.0734,0.5261
im_0044_s90_a06,10.6593,0.5943
im_0044_s95_a04,12.9112,0.6042
im_0044_s95_a05,11.0006,0.6085
im_0044_s95_a06,9.5503,0.5688
im_0045_s100_a04,19.7855,0.5675
im_0045_s100_a05,16.6433,0.5193
im_0045_s100_a06,19.2472,0.6247
im_0045_s80_a04,17.7186,0.6187
im_0045_s80_a05,16.7663,0.5431
im_0045_s80_a06,17.4502,0.6664
im_0045_s85_a04,18.9610,0.6137
im_0045_s85_a05,13.8356,0.5095
im_0045_s85_a06,16.0447,0.5606
im_0045_s90_a04,16.4355,0.6314
im_0045_s90_a05,17.2052,0.5750
im_0045_s90_a06,14.8617,0.5728
im_0045_s95_a04,14.4725,0.5058
im_0045_s95_a05,16.9064,0.4780
im_0045_s95_a06,15.5576,0.6138
im_0046_s100_a04,16.4225,0.6546
im_0046_s100_a05,15.4489,0.6426
im_0046_s100_a06,16.0786,0.6532
im_0046_s80_a04,16.8571,0.7161
im_0046_s80_a05,18.4161,0.7881
im_0046_s80_a06,17.0393,0.6665
im_0046_s85_a04,16.2760,0.6550
im_0046_s85_a05,16.0351,0.6782
im_0046_s85_a06,16.4938,0.6960
im_0046_s90_a04,10.6802,0.5046
im_0046_s90_a05,15.9562,0.6274
im_0046_s90_a06,16.2548,0.5826
im_0046_s95_a04,16.0326,0.6016
im_0046_s95_a05,16.5974,0.7034
im_0046_s95_a06,15.5074,0.6235
im_0047_s100_a04,12.2173,0.5714
im_0047_s100_a05,10.6760,0.5311
im_0047_s100_a06,15.9876,0.6514
im_0047_s80_a04,12.8195,0.6670
im_0047_s80_a05,14.7183,0.6161
im_0047_s80_a06,15.0355,0.5956
im_0047_s85_a04,10.9979,0.5609
im_0047_s85_a05,15.6162,0.5445
im_0047_s85_a06,14.9487,0.6416
im_0047_s90_a04,14.6840,0.5700
im_0047_s90_a05,13.2670,0.5525
im_0047_s90_a06,11.7115,0.5355
im_0047_s95_a04,11.1325,0.5083
im_0047_s95_a05,14.1694,0.5277
im_0047_s95_a06,13.3059,0.5181
im_0048_s100_a04,18.2408,0.5844
im_0048_s100_a05,18.4271,0.6453
im_0048_s100_a06,10.5955,0.5316
im_0048_s80_a04,17.6877,0.5344
im_0048_s80_a05,11.7550,0.4372
im_0048_s80_a06,9.9205,0.4678
im_0048_s85_a04,9.5147,0.4912
im_0048_s85_a05,17.3216,0.6055
im_0048_s85_a06,18.9131,0.6158
im_0048_s90_a04,17.3876,0.5217
im_0048_s90_a05,17.1258,0.4844
im_0048_s90_a06,16.7192,0.5546
im_0048_s95_a04,19.0926,0.5823
im_0048_s95_a05,13.0895,0.5424
im_0048_s95_a06,17.2155,0.6091
im_0049_s100_a04,9.8798,0.5300
im_0049_s100_a05,9.4342,0.4645
im_0049_s100_a06,15.8092,0.6412
im_0049_s80_a04,15.4702,0.6275
im_0049_s80_a05,11.9225,0.4929
im_0049_s80_a06,14.8302,0.6018
im_0049_s85_a04,14.4470,0.5312
im_0049_s85_a05,15.6706,0.6128
im_0049_s85_a06,15.0809,0.6418
im_0049_s90_a04,9.6136,0.4974
im_0049_s90_a05,11.7411,0.4708
im_0049_s90_a06,14.6461,0.5894
im_0049_s95_a04,10.8289,0.5325
im_0049_s95_a05,12.8818,0.5170
im_0049_s95_a06,15.7064,0.6376
im_0050_s100_a04,9.3835,0.6019
im_0050_s100_a05,11.5962,0.6755
im_0050_s100_a06,11.2544,0.6483
im_0050_s80_a04,10.2263,0.6321
im_0050_s80_a05,11.1584,0.6252
im_0050_s80_a06,11.7463,0.6202
im_0050_s85_a04,12.0377,0.6463
im_0050_s85_a05,11.6657,0.6112
im_0050_s85_a06,11.1754,0.5738
im_0050_s90_a04,11.1804,0.6564
im_0050_s90_a05,10.9774,0.6337
im_0050_s90_a06,12.1911,0.6612
im_0050_s95_a04,12.6445,0.6799
im_0050_s95_a05,13.4531,0.6541
im_0050_s95_a06,11.0930,0.5658
im_0051_s100_a04,20.3832,0.6529
im_0051_s100_a05,13.4491,0.5912
im_0051_s100_a06,11.4104,0.5874
im_0051_s80_a04,20.7661,0.7139
im_0051_s80_a05,19.5288,0.5289
im_0051_s80_a06,17.3454,0.6404
im_0051_s85_a04,13.1229,0.5776
im_0051_s85_a05,17.5281,0.6417
im_0051_s85_a06,12.4742,0.5708
im_0051_s90_a04,15.8521,0.4807
im_0051_s90_a05,12.0600,0.5531
im_0051_s90_a06,12.8153,0.6186
im_0051_s95_a04,17.2900,0.5393
im_0051_s95_a05,11.5248,0.5859
im_0051_s95_a06,10.5899,0.6042
im_0052_s100_a04,19.4282,0.7293
im_0052_s100_a05,20.0976,0.6332
im_0052_s100_a06,20.9848,0.6868
im_0052_s80_a04,17.6616,0.6992
im_0052_s80_a05,19.3831,0.6196
im_0052_s80_a06,15.2292,0.7028
im_0052_s85_a04,20.1675,0.7737
im_0052_s85_a05,15.7585,0.5912
im_0052_s85_a06,18.4794,0.7382
im_0052_s90_a04,14.9047,0.7412
im_0052_s90_a05,12.8671,0.6474
im_0052_s90_a06,17.8277,0.7381
im_0052_s95_a04,13.3450,0.6010
im_0052_s95_a05,17.8539,0.7741
im_0052_s95_a06,18.8381,0.6548
im_0053_s100_a04,8.5364,0.6201
im_0053_s100_a05,13.4131,0.6146
im_0053_s100_a06,10.4661,0.6115
im_0053_s80_a04,10.0827,0.5699
im_0053_s80_a05,9.9300,0.5597
im_0053_s80_a06,22.3085,0.6125
im_0053_s85_a04,11.0724,0.6620
im_0053_s85_a05,9.7529,0.6214
im_0053_s85_a06,15.6838,0.5930
im_0053_s90_a04,20.6960,0.4524
im_0053_s90_a05,11.1134,0.5163
im_0053_s90_a06,10.2275,0.6072
im_0053_s95_a04,21.1295,0.4612
im_0053_s95_a05,22.2325,0.4981
im_0053_s95_a06,22.5022,0.5470
im_0054_s100_a04,8.8540,0.4052
im_0054_s100_a05,17.4893,0.5802
im_0054_s100_a06,17.5979,0.6123
im_0054_s80_a04,16.7336,0.5893
im_0054_s80_a05,8.1024,0.4061
im_0054_s80_a06,7.1912,0.3829
im_0054_s85_a04,7.1010,0.4139
im_0054_s85_a05,16.9443,0.5419
im_0054_s85_a06,9.7802,0.4963
im_0054_s90_a04,8.5714,0.3380
im_0054_s90_a05,12.0009,0.4723
im_0054_s90_a06,16.5664,0.5272
im_0054_s95_a04,9.5481,0.4301
im_0054_s95_a05,9.3906,0.4075
im_0054_s95_a06,9.7887,0.4891
im_0055_s100_a04,17.3177,0.7043
im_0055_s100_a05,17.9699,0.6335
im_0055_s100_a06,19.8611,0.6026
im_0055_s80_a04,12.0572,0.5536
im_0055_s80_a05,20.2687,0.6369
im_0055_s80_a06,14.0090,0.6565
im_0055_s85_a04,17.7076,0.6121
im_0055_s85_a05,14.1994,0.6669
im_0055_s85_a06,12.8591,0.6689
im_0055_s90_a04,19.7196,0.7314
im_0055_s90_a05,15.3335,0.6785
im_0055_s90_a06,13.0288,0.5922
im_0055_s95_a04,21.4167,0.7313
im_0055_s95_a05,14.7959,0.6396
im_0055_s95_a06,13.3791,0.5971
im_0056_s100_a04,13.9205,0.6462
im_0056_s100_a05,13.2131,0.5541
im_0056_s100_a06,14.9415,0.6827
im_0056_s80_a04,14.2774,0.5732
im_0056_s80_a05,16.0603,0.6532
im_0056_s80_a06,14.0081,0.6094
im_0056_s85_a04,15.6929,0.6022
im_0056_s85_a05,12.3338,0.6013
im_0056_s85_a06,10.6745,0.5337
im_0056_s90_a04,14.4819,0.5632
im_0056_s90_a05,15.0597,0.6147
im_0056_s90_a06,13.8757,0.6388
im_0056_s95_a04,12.7901,0.6346
im_0056_s95_a05,10.4302,0.6002
im_0056_s95_a06,13.5900,0.5307
im_0057_s100_a04,7.7798,0.4631
im_0057_s100_a05,13.2152,0.4880
im_0057_s100_a06,15.4803,0.5243
im_0057_s80_a04,8.2066,0.4770
im_0057_s80_a05,11.3623,0.4714
im_0057_s80_a06,13.9250,0.5395
im_0057_s85_a04,13.2536,0.5099
im_0057_s85_a05,14.4817,0.5598
im_0057_s85_a06,8.1868,0.4832
im_0057_s90_a04,10.7496,0.5538
im_0057_s90_a05,18.5239,0.5146
im_0057_s90_a06,16.9123,0.5659
im_0057_s95_a04,7.5255,0.4824
im_0057_s95_a05,15.8426,0.5715
im_0057_s95_a06,18.6373,0.6097
im_0058_s100_a04,11.8012,0.5697
im_0058_s100_a05,11.4643,0.5912
im_0058_s100_a06,14.0305,0.5466
im_0058_s80_a04,9.8416,0.5649
im_0058_s80_a05,12.9542,0.5419
im_0058_s80_a06,10.9816,0.5480
im_0058_s85_a04,12.1520,0.5827
im_0058_s85_a05,11.1547,0.6370
im_0058_s85_a06,11.3065,0.5146
im_0058_s90_a04,10.7581,0.4599
im_0058_s90_a05,11.0488,0.4452
im_0058_s90_a06,11.8726,0.4785
im_0058_s95_a04,14.1211,0.6220
im_0058_s95_a05,12.0856,0.5821
im_0058_s95_a06,12.7584,0.5520
im_0059_s100_a04,10.1207,0.6230
im_0059_s100_a05,13.7758,0.5777
im_0059_s100_a06,13.9753,0.5438
im_0059_s80_a04,9.1300,0.4665
im_0059_s80_a05,11.5341,0.5839
im_0059_s80_a06,13.0062,0.5619
im_0059_s85_a04,11.9163,0.6630
im_0059_s85_a05,9.5058,0.5084
im_0059_s85_a06,10.6517,0.5574
im_0059_s90_a04,15.0007,0.6012
im_0059_s90_a05,12.7941,0.6571
im_0059_s90_a06,13.8704,0.5534
im_0059_s95_a04,9.8246,0.6235
im_0059_s95_a05,10.0310,0.5472
im_0059_s95_a06,14.6970,0.6304
im_0060_s100_a04,18.1072,0.7230
im_0060_s100_a05,9.5051,0.4791
im_0060_s100_a06,16.5435,0.6423
im_0060_s80_a04,8.8290,0.4518
im_0060_s80_a05,14.4233,0.6895
im_0060_s80_a06,9.0134,0.5107
im_0060_s85_a04,15.1632,0.6814
im_0060_s85_a05,9.6411,0.5483
im_0060_s85_a06,17.3891,0.6320
im_0060_s90_a04,13.3074,0.6143
im_0060_s90_a05,8.9827,0.4554
im_0060_s90_a06,11.7107,0.5796
im_0060_s95_a04,15.8084,0.6818
im_0060_s95_a05,17.0495,0.6237
im_0060_s95_a06,10.2627,0.5940
im_0061_s100_a04,14.7873,0.6863
im_0061_s100_a05,10.9123,0.6391
im_0061_s100_a06,19.2298,0.6826
im_0061_s80_a04,18.9452,0.6993
im_0061_s80_a05,18.5966,0.6443
im_0061_s80_a06,10.1088,0.6066
im_0061_s85_a04,10.9404,0.5885
im_0061_s85_a05,10.1142,0.6301
im_0061_s85_a06,18.9885,0.7272
im_0061_s90_a04,12.3069,0.5296
im_0061_s90_a05,12.1626,0.5717
im_0061_s90_a06,11.6016,0.6349
im_0061_s95_a04,12.6007,0.6201
im_0061_s95_a05,12.0286,0.6447
im_0061_s95_a06,11.8310,0.6424
im_0062_s100_a04,16.4676,0.6904
im_0062_s100_a05,13.0662,0.6679
im_0062_s100_a06,15.5906,0.6039
im_0062_s80_a04,15.7250,0.6763
im_0062_s80_a05,11.5133,0.5529
im_0062_s80_a06,16.2471,0.6785
im_0062_s85_a04,11.1600,0.6045
im_0062_s85_a05,16.7868,0.6633
im_0062_s85_a06,15.7817,0.5972
im_0062_s90_a04,11.6123,0.5912
im_0062_s90_a05,12.4518,0.6378
im_0062_s90_a06,15.7507,0.5800
im_0062_s95_a04,14.4544,0.6659
im_0062_s95_a05,13.1642,0.6624
im_0062_s95_a06,13.9496,0.6313
im_0063_s100_a04,15.5898,0.7102
im_0063_s100_a05,11.4122,0.5777
im_0063_s100_a06,14.7757,0.6714
im_0063_s80_a04,12.0663,0.6174
im_0063_s80_a05,15.0345,0.6687
im_0063_s80_a06,13.8892,0.6024
im_0063_s85_a04,15.5682,0.6036
im_0063_s85_a05,15.7176,0.6965
im_0063_s85_a06,13.5804,0.6621
im_0063_s90_a04,14.3458,0.6460
im_0063_s90_a05,13.2050,0.6152
im_0063_s90_a06,15.2100,0.6048
im_0063_s95_a04,15.3759,0.6650
im_0063_s95_a05,14.5622,0.6144
im_0063_s95_a06,14.1427,0.5357
im_0064_s100_a04,17.1355,0.6022
im_0064_s100_a05,16.6556,0.5987
im_0064_s100_a06,15.6380,0.6069
im_0064_s80_a04,17.3585,0.5398
im_0064_s80_a05,17.2341,0.5446
im_0064_s80_a06,18.0732,0.6425
im_0064_s85_a04,17.1161,0.6204
im_0064_s85_a05,16.3922,0.5281
im_0064_s85_a06,15.1229,0.6623
im_0064_s90_a04,16.4095,0.4966
im_0064_s90_a05,13.6818,0.6004
im_0064_s90_a06,16.8663,0.4535
im_0064_s95_a04,11.6085,0.5668
im_0064_s95_a05,18.4065,0.7071
im_0064_s95_a06,17.8035,0.6672
im_0065_s100_a04,9.9279,0.5026
im_0065_s100_a05,14.5658,0.6034
im_0065_s100_a06,15.8021,0.6267
im_0065_s80_a04,10.3306,0.5319
im_0065_s80_a05,14.2739,0.6070
im_0065_s80_a06,14.2444,0.6121
im_0065_s85_a04,14.1981,0.6326
im_0065_s85_a05,11.2166,0.4851
im_0065_s85_a06,14.0449,0.5660
im_0065_s90_a04,14.7189,0.6290
im_0065_s90_a05,14.5554,0.6509
im_0065_s90_a06,13.7902,0.5732
im_0065_s95_a04,13.4665,0.6013
im_0065_s95_a05,14.8204,0.6576
im_0065_s95_a06,14.8442,0.6482
im_0066_s100_a04,16.2933,0.6588
im_0066_s100_a05,16.4410,0.6077
im_0066_s100_a06,14.2099,0.5628
im_0066_s80_a04,16.0669,0.6239
im_0066_s80_a05,13.9718,0.6207
im_0066_s80_a06,17.5933,0.6529
im_0066_s85_a04,16.7572,0.5995
im_0066_s85_a05,16.8490,0.6494
im_0066_s85_a06,17.6914,0.6610
im_0066_s90_a04,12.8646,0.6053
im_0066_s90_a05,16.5010,0.6038
im_0066_s90_a06,16.2555,0.5382
im_0066_s95_a04,15.3346,0.5783
im_0066_s95_a05,17.3657,0.6797
im_0066_s95_a06,17.1895,0.5945
im_0067_s100_a04,15.2980,0.5164
im_0067_s100_a05,11.4379,0.6229
im_0067_s100_a06,11.1211,0.6380
im_0067_s80_a04,14.2980,0.6232
im_0067_s80_a05,12.2924,0.6359
im_0067_s80_a06,10.5965,0.5974
im_0067_s85_a04,16.7941,0.5820
im_0067_s85_a05,11.8777,0.6332
im_0067_s85_a06,9.4921,0.5999
im_0067_s90_a04,13.3458,0.5492
im_0067_s90_a05,13.5633,0.5922
im_0067_s90_a06,12.6247,0.5626
im_0067_s95_a04,14.9059,0.5401
im_0067_s95_a05,14.3057,0.6973
im_0067_s95_a06,15.2983,0.5583
im_0068_s100_a04,19.0039,0.6615
im_0068_s100_a05,8.8175,0.5696
im_0068_s100_a06,15.3105,0.5464
im_0068_s80_a04,14.1705,0.5895
im_0068_s80_a05,10.2819,0.5677
im_0068_s80_a06,20.6800,0.7004
im_0068_s85_a04,18.7478,0.6753
im_0068_s85_a05,18.2596,0.6546
im_0068_s85_a06,19.4119,0.6650
im_0068_s90_a04,10.1837,0.5066
im_0068_s90_a05,17.9490,0.6910
im_0068_s90_a06,9.9699,0.5813
im_0068_s95_a04,11.0605,0.6067
im_0068_s95_a05,11.6951,0.6012
im_0068_s95_a06,19.7478,0.6376
im_0069_s100_a04,18.5183,0.6194
im_0069_s100_a05,14.8885,0.5349
im_0069_s100_a06,8.7855,0.4791
im_0069_s80_a04,17.2290,0.5121
im_0069_s80_a05,17.9991,0.5934
im_0069_s80_a06,12.0569,0.5010
im_0069_s85_a04,11.2028,0.4539
im_0069_s85_a05,15.0126,0.5211
im_0069_s85_a06,13.5772,0.4731
im_0069_s90_a04,9.6856,0.4811
im_0069_s90_a05,10.5712,0.4444
im_0069_s90_a06,13.5205,0.3722
im_0069_s95_a04,20.2071,0.6382
im_0069_s95_a05,17.1655,0.5271
im_0069_s95_a06,15.6395,0.5326
im_0070_s100_a04,16.0654,0.6315
im_0070_s100_a05,11.3064,0.6275
im_0070_s100_a06,17.2568,0.6928
im_0070_s80_a04,16.0501,0.6119
im_0070_s80_a05,17.5652,0.6675
im_0070_s80_a06,17.3975,0.7172
im_0070_s85_a04,15.5863,0.6696
im_0070_s85_a05,9.2215,0.5160
im_0070_s85_a06,11.0173,0.5871
im_0070_s90_a04,15.0953,0.6119
im_0070_s90_a05,11.5479,0.6239
im_0070_s90_a06,10.8451,0.5658
im_0070_s95_a04,13.7056,0.6704
im_0070_s95_a05,9.9627,0.5211
im_0070_s95_a06,15.7521,0.6270
im_0071_s100_a04,15.0210,0.7002
im_0071_s100_a05,16.6598,0.6753
im_0071_s100_a06,14.4321,0.5479
im_0071_s80_a04,17.7006,0.6330
im_0071_s80_a05,17.2468,0.7190
im_0071_s80_a06,15.0329,0.7045
im_0071_s85_a04,16.1018,0.7210
im_0071_s85_a05,16.8368,0.6982
im_0071_s85_a06,18.1755,0.6349
im_0071_s90_a04,18.7555,0.6096
im_0071_s90_a05,20.3835,0.7410
im_0071_s90_a06,19.4521,0.6846
im_0071_s95_a04,14.4373,0.6389
im_0071_s95_a05,14.3705,0.6607
im_0071_s95_a06,14.9657,0.6727
im_0072_s100_a04,16.0589,0.5560
im_0072_s100_a05,11.9542,0.4310
im_0072_s100_a06,11.0814,0.4350
im_0072_s80_a04,13.0598,0.5404
im_0072_s80_a05,16.8419,0.5517
im_0072_s80_a06,10.5621,0.4165
im_0072_s85_a04,16.9581,0.5637
im_0072_s85_a05,16.2988,0.6041
im_0072_s85_a06,15.8093,0.5356
im_0072_s90_a04,11.3570,0.4780
im_0072_s90_a05,9.2258,0.4140
im_0072_s90_a06,15.9810,0.5021
im_0072_s95_a04,16.1232,0.5060
im_0072_s95_a05,11.6157,0.4614
im_0072_s95_a06,10.0871,0.4037
im_0073_s100_a04,17.9442,0.5487
im_0073_s100_a05,16.2613,0.4654
im_0073_s100_a06,7.3100,0.3684
im_0073_s80_a04,12.9035,0.5693
im_0073_s80_a05,16.8422,0.5958
im_0073_s80_a06,18.3222,0.6128
im_0073_s85_a04,10.4369,0.4653
im_0073_s85_a05,15.9147,0.5753
im_0073_s85_a06,15.9057,0.5793
im_0073_s90_a04,13.5448,0.5183
im_0073_s90_a05,16.1255,0.5266
im_0073_s90_a06,9.9350,0.4588
im_0073_s95_a04,9.0369,0.4526
im_0073_s95_a05,18.4260,0.6312
im_0073_s95_a06,16.0823,0.6036
im_0074_s100_a04,19.9821,0.7239
im_0074_s100_a05,14.6285,0.6018
im_0074_s100_a06,13.6969,0.6577
im_0074_s80_a04,17.1843,0.7496
im_0074_s80_a05,18.1066,0.6199
im_0074_s80_a06,13.7082,0.6387
im_0074_s85_a04,16.0213,0.5479
im_0074_s85_a05,16.5801,0.6204
im_0074_s85_a06,13.1146,0.6256
im_0074_s90_a04,14.8547,0.5730
im_0074_s90_a05,12.1617,0.6198
im_0074_s90_a06,15.5952,0.5437
im_0074_s95_a04,13.8105,0.6721
im_0074_s95_a05,18.9410,0.5843
im_0074_s95_a06,18.6635,0.6193
im_0075_s100_a04,16.1629,0.6334
im_0075_s100_a05,15.8231,0.5270
im_0075_s100_a06,11.4678,0.3936
im_0075_s80_a04,9.0687,0.4218
im_0075_s80_a05,8.4690,0.3942
im_0075_s80_a06,15.0818,0.5351
im_0075_s85_a04,14.4621,0.5911
im_0075_s85_a05,14.6901,0.5224
im_0075_s85_a06,15.5663,0.6212
im_0075_s90_a04,15.3735,0.5198
im_0075_s90_a05,9.1645,0.4765
im_0075_s90_a06,10.6690,0.4725
im_0075_s95_a04,15.1096,0.5800
im_0075_s95_a05,14.7653,0.4870
im_0075_s95_a06,16.1262,0.6062
im_0076_s100_a04,11.4745,0.5839
im_0076_s100_a05,16.5243,0.4886
im_0076_s100_a06,18.6358,0.5104
im_0076_s80_a04,17.9426,0.4718
im_0076_s80_a05,12.2875,0.5491
im_0076_s80_a06,18.2527,0.5472
im_0076_s85_a04,16.6206,0.6562
im_0076_s85_a05,15.3514,0.5947
im_0076_s85_a06,17.5971,0.4907
im_0076_s90_a04,11.4352,0.5685
im_0076_s90_a05,17.8550,0.5126
im_0076_s90_a06,18.4546,0.5293
im_0076_s95_a04,18.4660,0.5158
im_0076_s95_a05,9.4946,0.5149
im_0076_s95_a06,11.1206,0.5856
im_0077_s100_a04,15.7889,0.5860
im_0077_s100_a05,15.6568,0.6206
im_0077_s100_a06,13.6164,0.5801
im_0077_s80_a04,12.2274,0.4764
im_0077_s80_a05,15.2002,0.6154
im_0077_s80_a06,15.4064,0.5220
im_0077_s85_a04,15.4319,0.5938
im_0077_s85_a05,14.1947,0.5808
im_0077_s85_a06,14.5274,0.5637
im_0077_s90_a04,11.4036,0.4491
im_0077_s90_a05,14.9783,0.5233
im_0077_s90_a06,14.6623,0.5869
im_0077_s95_a04,16.3518,0.5869
im_0077_s95_a05,10.3666,0.5147
im_0077_s95_a06,10.8749,0.5212
im_0078_s100_a04,9.7646,0.5309
im_0078_s100_a05,15.5418,0.6318
im_0078_s100_a06,12.5106,0.5022
im_0078_s80_a04,12.6118,0.4833
im_0078_s80_a05,14.8105,0.5880
im_0078_s80_a06,13.7649,0.5968
im_0078_s85_a04,9.0094,0.5094
im_0078_s85_a05,13.8716,0.5897
im_0078_s85_a06,10.3836,0.5148
im_0078_s90_a04,14.0897,0.6035
im_0078_s90_a05,18.2211,0.6923
im_0078_s90_a06,13.4123,0.6080
im_0078_s95_a04,9.5195,0.4554
im_0078_s95_a05,12.5337,0.6018
im_0078_s95_a06,17.4950,0.6014
im_0079_s100_a04,16.3573,0.6492
im_0079_s100_a05,16.5907,0.6111
im_0079_s100_a06,14.5806,0.5080
im_0079_s80_a04,16.2840,0.6020
im_0079_s80_a05,16.2114,0.6168
im_0079_s80_a06,12.5353,0.6052
im_0079_s85_a04,10.7504,0.5655
im_0079_s85_a05,10.5631,0.5566
im_0079_s85_a06,9.7310,0.5393
im_0079_s90_a04,11.5742,0.5415
im_0079_s90_a05,16.8865,0.5623
im_0079_s90_a06,16.4141,0.5356
im_0079_s95_a04,10.3935,0.5282
im_0079_s95_a05,13.5286,0.5394
im_0079_s95_a06,13.9872,0.4562
im_0080_s100_a04,13.6290,0.5694
im_0080_s100_a05,21.5433,0.7428
im_0080_s100_a06,21.8507,0.7597
im_0080_s80_a04,17.1649,0.5431
im_0080_s80_a05,21.2427,0.7293
im_0080_s80_a06,20.5114,0.6007
im_0080_s85_a04,19.2889,0.6314
im_0080_s85_a05,18.0339,0.7169
im_0080_s85_a06,19.9840,0.6427
im_0080_s90_a04,16.6036,0.6399
im_0080_s90_a05,12.4612,0.6427
im_0080_s90_a06,18.5824,0.4808
im_0080_s95_a04,20.7196,0.6549
im_0080_s95_a05,16.9776,0.6480
im_0080_s95_a06,10.8931,0.6042
im_0081_s100_a04,12.8490,0.5839
im_0081_s100_a05,13.6423,0.6067
im_0081_s100_a06,12.5219,0.5588
im_0081_s80_a04,12.7520,0.6435
im_0081_s80_a05,14.8778,0.6925
im_0081_s80_a06,10.0928,0.5328
im_0081_s85_a04,13.2488,0.5334
im_0081_s85_a05,12.6532,0.5905
im_0081_s85_a06,13.2591,0.6509
im_0081_s90_a04,12.5099,0.5685
im_0081_s90_a05,10.7770,0.4862
im_0081_s90_a06,14.6181,0.6308
im_0081_s95_a04,10.1550,0.5128
im_0081_s95_a05,13.1471,0.6393
im_0081_s95_a06,13.8470,0.5695
im_0082_s100_a04,8.5641,0.4948
im_0082_s100_a05,13.5625,0.6340
im_0082_s100_a06,8.9891,0.5093
im_0082_s80_a04,7.1133,0.4553
im_0082_s80_a05,12.8578,0.6007
im_0082_s80_a06,14.0628,0.5948
im_0082_s85_a04,13.2968,0.5840
im_0082_s85_a05,11.8240,0.5418
im_0082_s85_a06,8.9318,0.4927
im_0082_s90_a04,10.5732,0.4570
im_0082_s90_a05,13.7762,0.5246
im_0082_s90_a06,8.6018,0.4503
im_0082_s95_a04,8.5940,0.5107
im_0082_s95_a05,14.0756,0.5651
im_0082_s95_a06,13.5624,0.5556
im_0083_s100_a04,15.8944,0.7022
im_0083_s100_a05,15.8117,0.5996
im_0083_s100_a06,12.8409,0.5085
im_0083_s80_a04,15.7112,0.5139
im_0083_s80_a05,14.1262,0.6036
im_0083_s80_a06,16.3590,0.6534
im_0083_s85_a04,12.0768,0.5691
im_0083_s85_a05,15.3253,0.5985
im_0083_s85_a06,16.7339,0.6246
im_0083_s90_a04,15.4002,0.5472
im_0083_s90_a05,16.5156,0.4950
im_0083_s90_a06,15.5614,0.6226
im_0083_s95_a04,10.7979,0.4893
im_0083_s95_a05,15.6972,0.5712
im_0083_s95_a06,8.6635,0.4871
im_0084_s100_a04,18.9631,0.5718
im_0084_s100_a05,13.6854,0.5862
im_0084_s100_a06,17.5138,0.7164
im_0084_s80_a04,18.4123,0.6453
im_0084_s80_a05,16.1431,0.7009
im_0084_s80_a06,9.8730,0.5201
im_0084_s85_a04,14.0204,0.5590
im_0084_s85_a05,12.0322,0.5689
im_0084_s85_a06,15.2111,0.6447
im_0084_s90_a04,18.2865,0.5464
im_0084_s90_a05,14.7610,0.5664
im_0084_s90_a06,14.7880,0.6184
im_0084_s95_a04,9.8589,0.5419
im_0084_s95_a05,17.6563,0.5839
im_0084_s95_a06,11.2201,0.5706
im_0085_s100_a04,17.2208,0.5985
im_0085_s100_a05,15.9106,0.6265
im_0085_s100_a06,16.7951,0.5604
im_0085_s80_a04,14.2927,0.5962
im_0085_s80_a05,17.1036,0.6305
im_0085_s80_a06,17.1560,0.5498
im_0085_s85_a04,16.7644,0.6330
im_0085_s85_a05,17.7512,0.6264
im_0085_s85_a06,14.1486,0.5635
im_0085_s90_a04,16.8771,0.5830
im_0085_s90_a05,17.9440,0.6227
im_0085_s90_a06,11.1906,0.5050
im_0085_s95_a04,16.5719,0.6089
im_0085_s95_a05,13.4246,0.5970
im_0085_s95_a06,9.8682,0.5121
im_0086_s100_a04,12.8643,0.5839
im_0086_s100_a05,18.4044,0.5186
im_0086_s100_a06,9.4806,0.5317
im_0086_s80_a04,14.7503,0.5339
im_0086_s80_a05,12.2777,0.5552
im_0086_s80_a06,10.2700,0.5406
im_0086_s85_a04,14.7975,0.6017
im_0086_s85_a05,11.1100,0.6571
im_0086_s85_a06,10.2834,0.6409
im_0086_s90_a04,20.3127,0.5767
im_0086_s90_a05,10.9694,0.6187
im_0086_s90_a06,8.8372,0.5416
im_0086_s95_a04,11.7349,0.6352
im_0086_s95_a05,12.0418,0.6270
im_0086_s95_a06,10.0144,0.6094
im_0087_s100_a04,8.6503,0.4599
im_0087_s100_a05,16.4310,0.5516
im_0087_s100_a06,8.5103,0.4203
im_0087_s80_a04,9.9385,0.4463
im_0087_s80_a05,12.6895,0.4912
im_0087_s80_a06,8.6662,0.4693
im_0087_s85_a04,8.3332,0.4422
im_0087_s85_a05,14.8154,0.5802
im_0087_s85_a06,12.7571,0.4553
im_0087_s90_a04,11.5354,0.4959
im_0087_s90_a05,16.7321,0.4069
im_0087_s90_a06,6.9791,0.3542
im_0087_s95_a04,11.5724,0.4857
im_0087_s95_a05,9.0546,0.4532
im_0087_s95_a06,11.9153,0.5286
im_0088_s100_a04,13.2711,0.5768
im_0088_s100_a05,10.3719,0.5060
im_0088_s100_a06,9.4029,0.5132
im_0088_s80_a04,9.5343,0.5225
im_0088_s80_a05,13.2794,0.5934
im_0088_s80_a06,12.1100,0.5558
im_0088_s85_a04,11.4758,0.5643
im_0088_s85_a05,13.2079,0.5351
im_0088_s85_a06,8.7639,0.4606
im_0088_s90_a04,12.3471,0.6042
im_0088_s90_a05,13.6441,0.5671
im_0088_s90_a06,13.2642,0.5161
im_0088_s95_a04,9.2324,0.5228
im_0088_s95_a05,12.7660,0.5659
im_0088_s95_a06,14.1443,0.6318
im_0089_s100_a04,9.6056,0.4039
im_0089_s100_a05,12.4384,0.4836
im_0089_s100_a06,9.6433,0.4381
im_0089_s80_a04,11.5543,0.4671
im_0089_s80_a05,10.9853,0.4240
im_0089_s80_a06,10.4947,0.4460
im_0089_s85_a04,10.9287,0.4514
im_0089_s85_a05,9.8257,0.4111
im_0089_s85_a06,11.4052,0.4655
im_0089_s90_a04,11.9752,0.4593
im_0089_s90_a05,10.3434,0.4303
im_0089_s90_a06,9.2086,0.4092
im_0089_s95_a04,11.5780,0.4813
im_0089_s95_a05,12.5096,0.4848
im_0089_s95_a06,12.1398,0.4208
im_0090_s100_a04,9.2852,0.6294
im_0090_s100_a05,9.1136,0.5773
im_0090_s100_a06,9.2778,0.5353
im_0090_s80_a04,9.3689,0.6476
im_0090_s80_a05,9.5711,0.4891
im_0090_s80_a06,12.0857,0.5937
im_0090_s85_a04,15.3268,0.7079
im_0090_s85_a05,13.3843,0.5908
im_0090_s85_a06,13.1753,0.6118
im_0090_s90_a04,15.2366,0.5733
im_0090_s90_a05,10.5332,0.6509
im_0090_s90_a06,13.8691,0.5547
im_0090_s95_a04,10.5072,0.6299
im_0090_s95_a05,9.4159,0.5096
im_0090_s95_a06,12.9604,0.6038
im_0091_s100_a04,14.7557,0.5174
im_0091_s100_a05,13.4723,0.5205
im_0091_s100_a06,15.2112,0.5960
im_0091_s80_a04,8.6077,0.4654
im_0091_s80_a05,10.8535,0.4873
im_0091_s80_a06,11.7194,0.5865
im_0091_s85_a04,16.2175,0.6174
im_0091_s85_a05,10.5030,0.5832
im_0091_s85_a06,17.0332,0.5795
im_0091_s90_a04,8.5869,0.4819
im_0091_s90_a05,10.0562,0.4723
im_0091_s90_a06,8.5117,0.4759
im_0091_s95_a04,13.5280,0.5680
im_0091_s95_a05,11.7411,0.5245
im_0091_s95_a06,9.0370,0.5713
im_0092_s100_a04,12.1820,0.5593
im_0092_s100_a05,12.2546,0.5231
im_0092_s100_a06,11.6281,0.5055
im_0092_s80_a04,11.1552,0.4995
im_0092_s80_a05,9.5349,0.4922
im_0092_s80_a06,13.1715,0.4676
im_0092_s85_a04,11.4342,0.5396
im_0092_s85_a05,10.1406,0.5528
im_0092_s85_a06,8.5756,0.5128
im_0092_s90_a04,11.6710,0.4578
im_0092_s90_a05,8.9006,0.4420
im_0092_s90_a06,11.2467,0.4260
im_0092_s95_a04,8.2688,0.4898
im_0092_s95_a05,12.9604,0.4937
im_0092_s95_a06,11.1519,0.6404
im_0093_s100_a04,10.0822,0.4980
im_0093_s100_a05,19.0497,0.5250
im_0093_s100_a06,18.0711,0.4597
im_0093_s80_a04,18.6473,0.6748
im_0093_s80_a05,14.3234,0.5683
im_0093_s80_a06,14.1683,0.5530
im_0093_s85_a04,18.3422,0.6428
im_0093_s85_a05,17.9767,0.6772
im_0093_s85_a06,20.8455,0.6714
im_0093_s90_a04,15.7321,0.5822
im_0093_s90_a05,21.1346,0.7045
im_0093_s90_a06,19.6030,0.6180
im_0093_s95_a04,18.3039,0.5256
im_0093_s95_a05,13.9517,0.5824
im_0093_s95_a06,20.6311,0.6942
im_0094_s100_a04,14.6522,0.5836
im_0094_s100_a05,14.8441,0.5316
im_0094_s100_a06,15.4808,0.5570
im_0094_s80_a04,14.1244,0.5983
im_0094_s80_a05,15.4002,0.5330
im_0094_s80_a06,16.1382,0.5340
im_0094_s85_a04,16.7472,0.6436
im_0094_s85_a05,12.9773,0.4502
im_0094_s85_a06,14.9705,0.5819
im_0094_s90_a04,13.0221,0.4387
im_0094_s90_a05,16.8741,0.6102
im_0094_s90_a06,15.6803,0.6260
im_0094_s95_a04,16.7002,0.6985
im_0094_s95_a05,16.9957,0.6368
im_0094_s95_a06,14.7779,0.6475
im_0095_s100_a04,17.3678,0.6658
im_0095_s100_a05,14.1842,0.6147
im_0095_s100_a06,15.5403,0.6279
im_0095_s80_a04,15.9991,0.6503
im_0095_s80_a05,16.7132,0.5746
im_0095_s80_a06,12.9059,0.5447
im_0095_s85_a04,17.2344,0.6893
im_0095_s85_a05,15.4350,0.5584
im_0095_s85_a06,14.6687,0.5885
im_0095_s90_a04,13.6156,0.5758
im_0095_s90_a05,17.3735,0.6251
im_0095_s90_a06,18.0670,0.6414
im_0095_s95_a04,17.7406,0.7082
im_0095_s95_a05,17.8612,0.6813
im_0095_s95_a06,15.5771,0.6798
im_0096_s100_a04,7.8719,0.3895
im_0096_s100_a05,7.4975,0.3392
im_0096_s100_a06,11.2415,0.3360
im_0096_s80_a04,16.8624,0.5192
im_0096_s80_a05,10.2874,0.3357
im_0096_s80_a06,14.8788,0.4187
im_0096_s85_a04,12.5204,0.4191
im_0096_s85_a05,17.2512,0.5966
im_0096_s85_a06,13.6335,0.5069
im_0096_s90_a04,13.0085,0.3631
im_0096_s90_a05,6.4417,0.2930
im_0096_s90_a06,13.5818,0.3613
im_0096_s95_a04,9.1437,0.3088
im_0096_s95_a05,15.8406,0.4450
im_0096_s95_a06,9.4063,0.3205
im_0097_s100_a04,16.3417,0.5186
im_0097_s100_a05,15.4349,0.5195
im_0097_s100_a06,15.2383,0.5998
im_0097_s80_a04,17.3834,0.6518
im_0097_s80_a05,9.4954,0.4821
im_0097_s80_a06,16.1606,0.6013
im_0097_s85_a04,17.7752,0.5574
im_0097_s85_a05,11.0626,0.5504
im_0097_s85_a06,16.6417,0.5723
im_0097_s90_a04,11.1350,0.5187
im_0097_s90_a05,17.2619,0.5210
im_0097_s90_a06,18.9665,0.6463
im_0097_s95_a04,15.9580,0.5558
im_0097_s95_a05,9.7999,0.5211
im_0097_s95_a06,10.6958,0.4957
im_0098_s100_a04,11.8440,0.5746
im_0098_s100_a05,16.5600,0.6202
im_0098_s100_a06,16.8984,0.7180
im_0098_s80_a04,16.1361,0.6553
im_0098_s80_a05,17.1472,0.5913
im_0098_s80_a06,17.5999,0.6722
im_0098_s85_a04,17.1410,0.6398
im_0098_s85_a05,16.5679,0.6059
im_0098_s85_a06,18.2120,0.6114
im_0098_s90_a04,12.8167,0.5915
im_0098_s90_a05,13.8286,0.5361
im_0098_s90_a06,17.0937,0.6413
im_0098_s95_a04,17.7218,0.6645
im_0098_s95_a05,15.9946,0.6774
im_0098_s95_a06,13.1053,0.6082
im_0099_s100_a04,16.0010,0.6462
im_0099_s100_a05,15.0526,0.5649
im_0099_s100_a06,16.5364,0.6035
im_0099_s80_a04,15.8396,0.6641
im_0099_s80_a05,16.0652,0.5605
im_0099_s80_a06,15.6958,0.5551
im_0099_s85_a04,15.6752,0.5772
im_0099_s85_a05,16.5673,0.5559
im_0099_s85_a06,17.0342,0.6782
im_0099_s90_a04,16.4739,0.6027
im_0099_s90_a05,15.2053,0.6014
im_0099_s90_a06,15.1842,0.6006
im_0099_s95_a04,15.8121,0.6017
im_0099_s95_a05,15.7962,0.5664
im_0099_s95_a06,14.2294,0.6022
im_0100_s100_a04,16.0150,0.6198
im_0100_s100_a05,17.1929,0.5666
im_0100_s100_a06,12.5742,0.6407
im_0100_s80_a04,16.7040,0.6420
im_0100_s80_a05,16.3375,0.5527
im_0100_s80_a06,11.5280,0.5414
im_0100_s85_a04,14.2827,0.6770
im_0100_s85_a05,11.0366,0.5260
im_0100_s85_a06,12.8245,0.5321
im_0100_s90_a04,10.4267,0.5314
im_0100_s90_a05,12.0724,0.4959
im_0100_s90_a06,15.3945,0.6632
im_0100_s95_a04,10.1166,0.5680
im_0100_s95_a05,11.8763,0.6118
im_0100_s95_a06,13.4583,0.5904
im_0101_s100_a04,14.4587,0.5740
im_0101_s100_a05,13.7684,0.5405
im_0101_s100_a06,14.6086,0.5934
im_0101_s80_a04,15.1548,0.6636
im_0101_s80_a05,9.7304,0.4118
im_0101_s80_a06,14.3105,0.5082
im_0101_s85_a04,15.2944,0.6280
im_0101_s85_a05,14.6776,0.6308
im_0101_s85_a06,14.5759,0.5637
im_0101_s90_a04,11.3510,0.4657
im_0101_s90_a05,13.7591,0.5561
im_0101_s90_a06,10.9229,0.4966
im_0101_s95_a04,11.4293,0.5209
im_0101_s95_a05,13.5751,0.6169
im_0101_s95_a06,14.5426,0.6286
im_0102_s100_a04,19.9111,0.6411
im_0102_s100_a05,11.5548,0.5902
im_0102_s100_a06,18.4196,0.6541
im_0102_s80_a04,20.4215,0.7274
im_0102_s80_a05,15.1443,0.5892
im_0102_s80_a06,20.8484,0.6979
im_0102_s85_a04,21.4203,0.7613
im_0102_s85_a05,14.7304,0.6346
im_0102_s85_a06,18.0193,0.6851
im_0102_s90_a04,10.1704,0.5744
im_0102_s90_a05,20.2914,0.6579
im_0102_s90_a06,19.0174,0.6059
im_0102_s95_a04,13.3443,0.6050
im_0102_s95_a05,16.5501,0.7245
im_0102_s95_a06,15.3828,0.6186
im_0103_s100_a04,11.5786,0.4595
im_0103_s100_a05,10.3303,0.4496
im_0103_s100_a06,17.0119,0.4995
im_0103_s80_a04,11.6258,0.4548
im_0103_s80_a05,10.0964,0.3738
im_0103_s80_a06,12.5147,0.4704
im_0103_s85_a04,16.8874,0.4610
im_0103_s85_a05,7.1539,0.3968
im_0103_s85_a06,14.3870,0.3463
im_0103_s90_a04,12.4822,0.3963
im_0103_s90_a05,14.7756,0.3106
im_0103_s90_a06,6.8071,0.3336
im_0103_s95_a04,16.6532,0.4645
im_0103_s95_a05,10.4560,0.3846
im_0103_s95_a06,16.3438,0.3899
im_0104_s100_a04,12.6801,0.6685
im_0104_s100_a05,18.1332,0.5930
im_0104_s100_a06,18.1144,0.7064
im_0104_s80_a04,18.9163,0.7078
im_0104_s80_a05,17.3267,0.6643
im_0104_s80_a06,19.5850,0.7239
im_0104_s85_a04,13.8960,0.6923
im_0104_s85_a05,13.4035,0.7122
im_0104_s85_a06,18.3307,0.7091
im_0104_s90_a04,14.8432,0.6125
im_0104_s90_a05,19.1087,0.6120
im_0104_s90_a06,20.3808,0.7063
im_0104_s95_a04,14.6374,0.6526
im_0104_s95_a05,16.3433,0.6196
im_0104_s95_a06,19.2511,0.6783
im_0105_s100_a04,15.1020,0.6013
im_0105_s100_a05,15.3024,0.5981
im_0105_s100_a06,16.3902,0.6284
im_0105_s80_a04,15.2146,0.5737
im_0105_s80_a05,16.8494,0.5591
im_0105_s80_a06,16.6618,0.6322
im_0105_s85_a04,15.8325,0.5930
im_0105_s85_a05,13.6979,0.6635
im_0105_s85_a06,13.9303,0.5594
im_0105_s90_a04,17.5389,0.6825
im_0105_s90_a05,14.7448,0.5943
im_0105_s90_a06,12.3181,0.5421
im_0105_s95_a04,17.0195,0.7401
im_0105_s95_a05,12.5216,0.5120
im_0105_s95_a06,16.1768,0.6330
im_0106_s100_a04,14.6241,0.5212
im_0106_s100_a05,16.6809,0.6907
im_0106_s100_a06,15.0781,0.6215
im_0106_s80_a04,15.4426,0.6516
im_0106_s80_a05,9.9210,0.4973
im_0106_s80_a06,9.9657,0.5243
im_0106_s85_a04,13.3984,0.5446
im_0106_s85_a05,14.6209,0.6010
im_0106_s85_a06,15.5848,0.5901
im_0106_s90_a04,15.2021,0.5668
im_0106_s90_a05,14.7943,0.5949
im_0106_s90_a06,15.3588,0.6028
im_0106_s95_a04,15.4363,0.6469
im_0106_s95_a05,15.0113,0.5956
im_0106_s95_a06,9.9533,0.5129
im_0107_s100_a04,16.9081,0.5915
im_0107_s100_a05,9.0395,0.4143
im_0107_s100_a06,16.6524,0.5706
im_0107_s80_a04,15.5073,0.5672
im_0107_s80_a05,10.9307,0.4354
im_0107_s80_a06,8.7680,0.3895
im_0107_s85_a04,16.3668,0.5964
im_0107_s85_a05,16.7275,0.6667
im_0107_s85_a06,17.0939,0.6978
im_0107_s90_a04,16.4012,0.6571
im_0107_s90_a05,9.0078,0.3922
im_0107_s90_a06,15.1150,0.4963
im_0107_s95_a04,15.8434,0.5942
im_0107_s95_a05,16.3933,0.6913
im_0107_s95_a06,12.3967,0.5232
im_0108_s100_a04,13.1035,0.6383
im_0108_s100_a05,10.6171,0.6080
im_0108_s100_a06,11.4757,0.6168
im_0108_s80_a04,10.9234,0.5874
im_0108_s80_a05,11.5686,0.6423
im_0108_s80_a06,11.3084,0.6493
im_0108_s85_a04,10.5087,0.6353
im_0108_s85_a05,10.6311,0.6118
im_0108_s85_a06,15.4746,0.6515
im_0108_s90_a04,11.8929,0.5731
im_0108_s90_a05,12.5003,0.5675
im_0108_s90_a06,11.2064,0.6130
im_0108_s95_a04,12.1117,0.6427
im_0108_s95_a05,11.7451,0.5851
im_0108_s95_a06,11.7981,0.6648
im_0109_s100_a04,16.2152,0.6743
im_0109_s100_a05,14.9697,0.6339
im_0109_s100_a06,11.7173,0.6455
im_0109_s80_a04,17.6112,0.5891
im_0109_s80_a05,17.7423,0.6422
im_0109_s80_a06,16.6845,0.7040
im_0109_s85_a04,18.4305,0.6625
im_0109_s85_a05,17.1682,0.6113
im_0109_s85_a06,18.3503,0.6383
im_0109_s90_a04,18.0115,0.6245
im_0109_s90_a05,10.1407,0.5949
im_0109_s90_a06,18.0471,0.7123
im_0109_s95_a04,17.0934,0.6460
im_0109_s95_a05,16.8276,0.6989
im_0109_s95_a06,15.7930,0.7238
im_0110_s100_a04,13.6647,0.4962
im_0110_s100_a05,13.9549,0.5462
im_0110_s100_a06,13.7261,0.5304
im_0110_s80_a04,14.3643,0.5692
im_0110_s80_a05,15.3753,0.6113
im_0110_s80_a06,14.7845,0.5589
im_0110_s85_a04,13.6543,0.5416
im_0110_s85_a05,14.7447,0.6065
im_0110_s85_a06,11.9652,0.5300
im_0110_s90_a04,14.8900,0.6645
im_0110_s90_a05,11.4290,0.5243
im_0110_s90_a06,16.0985,0.6334
im_0110_s95_a04,12.6280,0.5831
im_0110_s95_a05,10.2537,0.4329
im_0110_s95_a06,12.1975,0.4550
im_0111_s100_a04,9.2607,0.4818
im_0111_s100_a05,13.7210,0.6603
im_0111_s100_a06,11.1125,0.6870
im_0111_s80_a04,11.3421,0.6216
im_0111_s80_a05,10.6183,0.6726
im_0111_s80_a06,12.8137,0.6187
im_0111_s85_a04,11.2514,0.6429
im_0111_s85_a05,13.0815,0.5745
im_0111_s85_a06,11.8804,0.5830
im_0111_s90_a04,10.9040,0.6026
im_0111_s90_a05,12.5133,0.6346
im_0111_s90_a06,11.6243,0.5945
im_0111_s95_a04,12.4276,0.6189
im_0111_s95_a05,11.3135,0.5257
im_0111_s95_a06,11.8059,0.6079
im_0112_s100_a04,20.3088,0.5324
im_0112_s100_a05,19.5791,0.5676
im_0112_s100_a06,8.1899,0.4736
im_0112_s80_a04,11.8874,0.4675
im_0112_s80_a05,7.4724,0.3609
im_0112_s80_a06,13.5536,0.5443
im_0112_s85_a04,12.2657,0.5080
im_0112_s85_a05,19.9532,0.5494
im_0112_s85_a06,11.2811,0.4460
im_0112_s90_a04,12.5680,0.5336
im_0112_s90_a05,10.9651,0.4856
im_0112_s90_a06,20.4924,0.6130
im_0112_s95_a04,14.7821,0.4169
im_0112_s95_a05,10.0657,0.4989
im_0112_s95_a06,10.1797,0.4827
im_0113_s100_a04,12.4447,0.5092
im_0113_s100_a05,10.4439,0.5026
im_0113_s100_a06,17.0503,0.5836
im_0113_s80_a04,17.5285,0.6541
im_0113_s80_a05,19.3285,0.6185
im_0113_s80_a06,20.2243,0.7274
im_0113_s85_a04,19.2435,0.6079
im_0113_s85_a05,9.7956,0.4452
im_0113_s85_a06,14.5586,0.5248
im_0113_s90_a04,18.1281,0.6794
im_0113_s90_a05,19.8188,0.6221
im_0113_s90_a06,16.5616,0.6532
im_0113_s95_a04,9.6606,0.5247
im_0113_s95_a05,14.9879,0.5633
im_0113_s95_a06,20.3872,0.6209
im_0114_s100_a04,14.2395,0.6833
im_0114_s100_a05,12.7298,0.6242
im_0114_s100_a06,16.0402,0.6915
im_0114_s80_a04,15.1664,0.6978
im_0114_s80_a05,17.8443,0.6246
im_0114_s80_a06,12.6482,0.6177
im_0114_s85_a04,16.0800,0.7589
im_0114_s85_a05,12.4737,0.6245
im_0114_s85_a06,16.5062,0.6533
im_0114_s90_a04,17.5594,0.6579
im_0114_s90_a05,11.7556,0.6227
im_0114_s90_a06,12.5991,0.5694
im_0114_s95_a04,17.1710,0.7422
im_0114_s95_a05,18.0989,0.7269
im_0114_s95_a06,13.3953,0.7005
im_0115_s100_a04,12.2527,0.5357
im_0115_s100_a05,15.5584,0.6019
im_0115_s100_a06,11.2137,0.5096
im_0115_s80_a04,14.1511,0.5536
im_0115_s80_a05,10.0400,0.4811
im_0115_s80_a06,15.9304,0.4719
im_0115_s85_a04,17.1792,0.5360
im_0115_s85_a05,14.2083,0.5186
im_0115_s85_a06,17.7253,0.6050
im_0115_s90_a04,13.4888,0.5193
im_0115_s90_a05,17.6413,0.6006
im_0115_s90_a06,13.0771,0.4698
im_0115_s95_a04,10.4957,0.4837
im_0115_s95_a05,12.6891,0.5262
im_0115_s95_a06,14.7858,0.5041
im_0116_s100_a04,10.3107,0.5349
im_0116_s100_a05,15.4075,0.5786
im_0116_s100_a06,15.7087,0.5739
im_0116_s80_a04,11.2278,0.5433
im_0116_s80_a05,10.7686,0.4852
im_0116_s80_a06,15.2902,0.5401
im_0116_s85_a04,13.5283,0.5853
im_0116_s85_a05,15.4662,0.5770
im_0116_s85_a06,10.6300,0.5457
im_0116_s90_a04,14.3306,0.5559
im_0116_s90_a05,11.6173,0.5097
im_0116_s90_a06,15.7113,0.5363
im_0116_s95_a04,11.9664,0.5430
im_0116_s95_a05,10.3747,0.5348
im_0116_s95_a06,15.0170,0.6164
im_0117_s100_a04,17.4187,0.6026
im_0117_s100_a05,14.1829,0.4974
im_0117_s100_a06,13.8731,0.6083
im_0117_s80_a04,17.9145,0.5686
im_0117_s80_a05,16.6742,0.6378
im_0117_s80_a06,13.6188,0.6103
im_0117_s85_a04,18.2045,0.6364
im_0117_s85_a05,17.4521,0.6299
im_0117_s85_a06,18.8242,0.6369
im_0117_s90_a04,17.3699,0.6673
im_0117_s90_a05,11.7628,0.5293
im_0117_s90_a06,14.4881,0.6005
im_0117_s95_a04,17.2951,0.6261
im_0117_s95_a05,11.6545,0.5681
im_0117_s95_a06,18.7962,0.7064
im_0118_s100_a04,13.8138,0.4733
im_0118_s100_a05,9.1734,0.3937
im_0118_s100_a06,16.3192,0.5870
im_0118_s80_a04,16.4584,0.5685
im_0118_s80_a05,15.3332,0.5643
im_0118_s80_a06,11.0650,0.4701
im_0118_s85_a04,10.1647,0.4607
im_0118_s85_a05,11.0191,0.5178
im_0118_s85_a06,13.6856,0.5208
im_0118_s90_a04,12.1197,0.4683
im_0118_s90_a05,13.2034,0.5037
im_0118_s90_a06,16.3763,0.5707
im_0118_s95_a04,17.5000,0.6702
im_0118_s95_a05,9.1227,0.4702
im_0118_s95_a06,9.7316,0.4155
im_0119_s100_a04,15.2101,0.6362
im_0119_s100_a05,14.3339,0.6898
im_0119_s100_a06,14.8187,0.6828
im_0119_s80_a04,13.2128,0.6161
im_0119_s80_a05,14.8410,0.6815
im_0119_s80_a06,14.1648,0.5687
im_0119_s85_a04,13.4992,0.5698
im_0119_s85_a05,12.1421,0.5823
im_0119_s85_a06,14.4014,0.6552
im_0119_s90_a04,13.4759,0.6343
im_0119_s90_a05,10.1357,0.5648
im_0119_s90_a06,12.4322,0.5776
im_0119_s95_a04,14.2659,0.5953
im_0119_s95_a05,15.3553,0.6904
im_0119_s95_a06,14.2871,0.6648
im_0120_s100_a04,15.5556,0.5771
im_0120_s100_a05,15.8236,0.5404
im_0120_s100_a06,13.3910,0.4817
im_0120_s80_a04,16.3252,0.6232
im_0120_s80_a05,14.5905,0.5532
im_0120_s80_a06,16.1768,0.5179
im_0120_s85_a04,16.9767,0.4992
im_0120_s85_a05,18.1988,0.6331
im_0120_s85_a06,16.8882,0.6408
im_0120_s90_a04,16.7571,0.6108
im_0120_s90_a05,17.9716,0.6049
im_0120_s90_a06,16.7442,0.6412
im_0120_s95_a04,16.5320,0.6080
im_0120_s95_a05,18.0391,0.6236
im_0120_s95_a06,11.7345,0.5068
im_0121_s100_a04,16.3536,0.6250
im_0121_s100_a05,15.5182,0.5621
im_0121_s100_a06,8.6057,0.3881
im_0121_s80_a04,15.0647,0.5126
im_0121_s80_a05,11.3000,0.4674
im_0121_s80_a06,8.7680,0.3948
im_0121_s85_a04,15.3185,0.5825
im_0121_s85_a05,8.8742,0.4698
im_0121_s85_a06,11.4112,0.5206
im_0121_s90_a04,8.0169,0.4316
im_0121_s90_a05,7.8862,0.4559
im_0121_s90_a06,14.4341,0.4049
im_0121_s95_a04,10.3984,0.5108
im_0121_s95_a05,15.5341,0.4930
im_0121_s95_a06,15.7519,0.4761
im_0122_s100_a04,13.9305,0.5755
im_0122_s100_a05,13.0768,0.5762
im_0122_s100_a06,11.5129,0.5726
im_0122_s80_a04,18.7325,0.5427
im_0122_s80_a05,17.9261,0.5591
im_0122_s80_a06,15.8369,0.6616
im_0122_s85_a04,14.4471,0.5781
im_0122_s85_a05,19.0554,0.6413
im_0122_s85_a06,17.9102,0.5995
im_0122_s90_a04,16.0503,0.6503
im_0122_s90_a05,14.7868,0.5561
im_0122_s90_a06,12.5548,0.5231
im_0122_s95_a04,12.0405,0.6196
im_0122_s95_a05,15.3464,0.6299
im_0122_s95_a06,17.2981,0.5355
im_0123_s100_a04,17.7019,0.5333
im_0123_s100_a05,14.3568,0.3985
im_0123_s100_a06,17.2599,0.5522
im_0123_s80_a04,15.6958,0.4735
im_0123_s80_a05,17.8151,0.5252
im_0123_s80_a06,11.5073,0.4581
im_0123_s85_a04,9.5856,0.4910
im_0123_s85_a05,15.2311,0.4943
im_0123_s85_a06,15.7807,0.4801
im_0123_s90_a04,17.7585,0.4941
im_0123_s90_a05,17.8495,0.5076
im_0123_s90_a06,18.6217,0.5743
im_0123_s95_a04,12.4808,0.4648
im_0123_s95_a05,12.0238,0.4613
im_0123_s95_a06,10.7248,0.4553
im_0124_s100_a04,16.0174,0.7192
im_0124_s100_a05,13.1414,0.5933
im_0124_s100_a06,15.3372,0.6613
im_0124_s80_a04,19.7702,0.7172
im_0124_s80_a05,13.8033,0.5127
im_0124_s80_a06,15.6488,0.6855
im_0124_s85_a04,13.9877,0.5291
im_0124_s85_a05,13.5031,0.5725
im_0124_s85_a06,13.1656,0.6136
im_0124_s90_a04,17.3538,0.6057
im_0124_s90_a05,15.0146,0.6199
im_0124_s90_a06,18.0194,0.6549
im_0124_s95_a04,17.0668,0.6267
im_0124_s95_a05,14.2928,0.7249
im_0124_s95_a06,16.0855,0.7625
im_0125_s100_a04,16.4384,0.5429
im_0125_s100_a05,14.5376,0.6303
im_0125_s100_a06,17.9499,0.6688
im_0125_s80_a04,14.3653,0.5500
im_0125_s80_a05,11.1684,0.5173
im_0125_s80_a06,10.6050,0.4717
im_0125_s85_a04,18.3724,0.5899
im_0125_s85_a05,18.9239,0.5902
im_0125_s85_a06,18.2725,0.6369
im_0125_s90_a04,16.8434,0.4721
im_0125_s90_a05,16.6294,0.5952
im_0125_s90_a06,17.9751,0.6021
im_0125_s95_a04,9.8510,0.5323
im_0125_s95_a05,17.4876,0.5877
im_0125_s95_a06,11.2301,0.5555
im_0126_s100_a04,10.4981,0.5350
im_0126_s100_a05,9.0906,0.5187
im_0126_s100_a06,10.2816,0.5428
im_0126_s80_a04,11.1336,0.5149
im_0126_s80_a05,9.6154,0.4785
im_0126_s80_a06,10.3616,0.5419
im_0126_s85_a04,10.9133,0.5616
im_0126_s85_a05,8.5492,0.5587
im_0126_s85_a06,9.4116,0.5207
im_0126_s90_a04,9.5191,0.4988
im_0126_s90_a05,8.1802,0.5047
im_0126_s90_a06,7.8662,0.4935
im_0126_s95_a04,10.0056,0.5571
im_0126_s95_a05,9.9358,0.5389
im_0126_s95_a06,12.3277,0.5561
im_0127_s100_a04,12.2384,0.4064
im_0127_s100_a05,8.9078,0.2992
im_0127_s100_a06,11.3742,0.3627
im_0127_s80_a04,13.6342,0.4228
im_0127_s80_a05,7.3198,0.2614
im_0127_s80_a06,10.5018,0.3289
im_0127_s85_a04,6.7053,0.2548
im_0127_s85_a05,14.5787,0.4259
im_0127_s85_a06,11.1766,0.3387
im_0127_s90_a04,11.4106,0.3860
im_0127_s90_a05,10.5923,0.2766
im_0127_s90_a06,14.9967,0.4244
im_0127_s95_a04,11.1603,0.3824
im_0127_s95_a05,12.4238,0.3662
im_0127_s95_a06,14.8883,0.4994
im_0128_s100_a04,14.2570,0.6336
im_0128_s100_a05,14.5669,0.4893
im_0128_s100_a06,15.9852,0.6338
im_0128_s80_a04,15.8625,0.5377
im_0128_s80_a05,17.2613,0.6819
im_0128_s80_a06,14.9722,0.5458
im_0128_s85_a04,14.6086,0.6315
im_0128_s85_a05,14.6760,0.6073
im_0128_s85_a06,16.6174,0.6861
im_0128_s90_a04,15.1995,0.4716
im_0128_s90_a05,17.1000,0.6461
im_0128_s90_a06,12.6161,0.5726
im_0128_s95_a04,16.1609,0.6619
im_0128_s95_a05,10.2880,0.6134
im_0128_s95_a06,14.1777,0.6128
im_0129_s100_a04,16.1460,0.6066
im_0129_s100_a05,15.4541,0.5557
im_0129_s100_a06,17.7833,0.5066
im_0129_s80_a04,11.1566,0.4782
im_0129_s80_a05,17.4483,0.5798
im_0129_s80_a06,15.2552,0.5396
im_0129_s85_a04,10.3229,0.5310
im_0129_s85_a05,9.8674,0.4459
im_0129_s85_a06,8.7708,0.4355
im_0129_s90_a04,16.7695,0.5332
im_0129_s90_a05,18.7401,0.6370
im_0129_s90_a06,17.5342,0.5097
im_0129_s95_a04,9.5710,0.4535
im_0129_s95_a05,18.4317,0.6323
im_0129_s95_a06,18.6159,0.6816
im_0130_s100_a04,14.8017,0.5548
im_0130_s100_a05,8.3683,0.4097
im_0130_s100_a06,7.2489,0.3614
im_0130_s80_a04,11.4208,0.4955
im_0130_s80_a05,9.8370,0.4713
im_0130_s80_a06,11.0134,0.4704
im_0130_s85_a04,15.0015,0.6000
im_0130_s85_a05,13.5481,0.5019
im_0130_s85_a06,8.3384,0.4923
im_0130_s90_a04,10.1712,0.4733
im_0130_s90_a05,14.6611,0.5738
im_0130_s90_a06,14.0412,0.5761
im_0130_s95_a04,13.8991,0.5733
im_0130_s95_a05,14.1523,0.5771
im_0130_s95_a06,11.5329,0.5066
im_0131_s100_a04,15.8475,0.6193
im_0131_s100_a05,11.2458,0.5164
im_0131_s100_a06,15.3643,0.5348
im_0131_s80_a04,13.0536,0.5520
im_0131_s80_a05,13.5770,0.5650
im_0131_s80_a06,13.9363,0.5767
im_0131_s85_a04,14.6879,0.5528
im_0131_s85_a05,11.5332,0.4853
im_0131_s85_a06,14.4793,0.4631
im_0131_s90_a04,16.2436,0.4850
im_0131_s90_a05,17.1158,0.5589
im_0131_s90_a06,18.1583,0.5802
im_0131_s95_a04,14.6739,0.4657
im_0131_s95_a05,12.7696,0.5201
im_0131_s95_a06,13.6524,0.4638
im_0132_s100_a04,19.4058,0.6852
im_0132_s100_a05,9.0897,0.4666
im_0132_s100_a06,13.6833,0.5560
im_0132_s80_a04,16.9571,0.5875
im_0132_s80_a05,15.6359,0.5014
im_0132_s80_a06,8.1063,0.4335
im_0132_s85_a04,13.7988,0.5884
im_0132_s85_a05,15.5265,0.5506
im_0132_s85_a06,18.8828,0.6102
im_0132_s90_a04,12.1052,0.5286
im_0132_s90_a05,16.1850,0.5860
im_0132_s90_a06,10.9440,0.4845
im_0132_s95_a04,9.4042,0.4381
im_0132_s95_a05,13.0849,0.5572
im_0132_s95_a06,12.1419,0.5018
im_0133_s100_a04,10.1887,0.3576
im_0133_s100_a05,7.5497,0.3245
im_0133_s100_a06,10.6325,0.4113
im_0133_s80_a04,12.5417,0.4945
im_0133_s80_a05,12.6201,0.4028
im_0133_s80_a06,9.6527,0.4353
im_0133_s85_a04,10.9702,0.4436
im_0133_s85_a05,13.2436,0.4684
im_0133_s85_a06,10.1374,0.4235
im_0133_s90_a04,10.1997,0.3404
im_0133_s90_a05,12.6335,0.4761
im_0133_s90_a06,13.9760,0.5199
im_0133_s95_a04,8.2252,0.3575
im_0133_s95_a05,10.3222,0.3742
im_0133_s95_a06,13.8974,0.4971
im_0134_s100_a04,16.5450,0.6786
im_0134_s100_a05,16.0320,0.6501
im_0134_s100_a06,11.0580,0.5901
im_0134_s80_a04,15.8329,0.6791
im_0134_s80_a05,14.4222,0.6761
im_0134_s80_a06,15.1186,0.6546
im_0134_s85_a04,15.9679,0.6293
im_0134_s85_a05,17.9162,0.7446
im_0134_s85_a06,17.2101,0.6987
im_0134_s90_a04,14.6738,0.6186
im_0134_s90_a05,16.9247,0.6125
im_0134_s90_a06,14.3478,0.6072
im_0134_s95_a04,15.8568,0.6240
im_0134_s95_a05,16.8078,0.6651
im_0134_s95_a06,16.7908,0.6252
im_0135_s100_a04,12.7141,0.6037
im_0135_s100_a05,15.2096,0.6395
im_0135_s100_a06,10.4841,0.5024
im_0135_s80_a04,16.2171,0.5933
im_0135_s80_a05,14.4055,0.5868
im_0135_s80_a06,13.9706,0.5392
im_0135_s85_a04,17.0633,0.7075
im_0135_s85_a05,15.1409,0.6343
im_0135_s85_a06,12.2336,0.6062
im_0135_s90_a04,15.8195,0.6402
im_0135_s90_a05,16.2668,0.5534
im_0135_s90_a06,15.5310,0.4698
im_0135_s95_a04,11.4090,0.5482
im_0135_s95_a05,15.7290,0.6032
im_0135_s95_a06,17.0049,0.6565
im_0136_s100_a04,14.7154,0.6761
im_0136_s100_a05,12.9998,0.5376
im_0136_s100_a06,12.6640,0.5430
im_0136_s80_a04,16.7370,0.5570
im_0136_s80_a05,13.5544,0.5853
im_0136_s80_a06,16.0139,0.5730
im_0136_s85_a04,12.3443,0.5551
im_0136_s85_a05,12.9161,0.5552
im_0136_s85_a06,16.5205,0.7137
im_0136_s90_a04,13.3697,0.5077
im_0136_s90_a05,15.8425,0.6058
im_0136_s90_a06,15.6146,0.5830
im_0136_s95_a04,10.8314,0.5063
im_0136_s95_a05,18.7958,0.7331
im_0136_s95_a06,18.2921,0.6947
im_0137_s100_a04,18.2032,0.6030
im_0137_s100_a05,7.9928,0.4400
im_0137_s100_a06,18.7254,0.5168
im_0137_s80_a04,9.4022,0.5192
im_0137_s80_a05,16.7752,0.4603
im_0137_s80_a06,17.8004,0.6057
im_0137_s85_a04,12.4623,0.5034
im_0137_s85_a05,17.9776,0.6138
im_0137_s85_a06,13.9705,0.5112
im_0137_s90_a04,16.9202,0.4323
im_0137_s90_a05,17.8993,0.4479
im_0137_s90_a06,13.7431,0.3820
im_0137_s95_a04,17.3014,0.5560
im_0137_s95_a05,9.3760,0.5084
im_0137_s95_a06,8.8693,0.5203
im_0138_s100_a04,11.8123,0.5894
im_0138_s100_a05,10.3723,0.5414
im_0138_s100_a06,13.6857,0.6139
im_0138_s80_a04,9.5450,0.5130
im_0138_s80_a05,13.5663,0.6144
im_0138_s80_a06,13.1497,0.6262
im_0138_s85_a04,8.9318,0.5464
im_0138_s85_a05,10.5164,0.5718
im_0138_s85_a06,10.8178,0.6087
im_0138_s90_a04,12.2869,0.5578
im_0138_s90_a05,12.1117,0.5229
im_0138_s90_a06,12.7795,0.5666
im_0138_s95_a04,10.6050,0.5311
im_0138_s95_a05,10.4180,0.5980
im_0138_s95_a06,11.8058,0.5492
im_0139_s100_a04,10.2933,0.4961
im_0139_s100_a05,14.6162,0.5682
im_0139_s100_a06,14.4477,0.5119
im_0139_s80_a04,17.4830,0.5704
im_0139_s80_a05,17.7554,0.6206
im_0139_s80_a06,16.6989,0.6135
im_0139_s85_a04,15.2128,0.5563
im_0139_s85_a05,16.0366,0.5796
im_0139_s85_a06,15.7228,0.6476
im_0139_s90_a04,17.4871,0.5120
im_0139_s90_a05,16.2493,0.5555
im_0139_s90_a06,16.5991,0.4785
im_0139_s95_a04,13.1009,0.5748
im_0139_s95_a05,15.8677,0.5431
im_0139_s95_a06,14.6608,0.6138
im_0140_s100_a04,11.1488,0.6110
im_0140_s100_a05,13.4615,0.6242
im_0140_s100_a06,9.6918,0.5745
im_0140_s80_a04,8.5146,0.5730
im_0140_s80_a05,8.4247,0.5499
im_0140_s80_a06,8.5992,0.6354
im_0140_s85_a04,7.3597,0.5507
im_0140_s85_a05,12.4523,0.6349
im_0140_s85_a06,10.6739,0.6532
im_0140_s90_a04,12.8696,0.6684
im_0140_s90_a05,11.9745,0.6264
im_0140_s90_a06,8.5477,0.5710
im_0140_s95_a04,14.8613,0.6799
im_0140_s95_a05,8.2260,0.5403
im_0140_s95_a06,9.4452,0.5637
im_0141_s100_a04,13.7396,0.6314
im_0141_s100_a05,16.1901,0.6534
im_0141_s100_a06,17.0689,0.6810
im_0141_s80_a04,15.0549,0.6743
im_0141_s80_a05,16.4935,0.7172
im_0141_s80_a06,16.3350,0.7054
im_0141_s85_a04,15.7769,0.6966
im_0141_s85_a05,17.8874,0.7383
im_0141_s85_a06,16.8838,0.7398
im_0141_s90_a04,17.7865,0.7198
im_0141_s90_a05,16.3846,0.6101
im_0141_s90_a06,16.3321,0.5966
im_0141_s95_a04,14.6894,0.6523
im_0141_s95_a05,15.1200,0.5738
im_0141_s95_a06,15.5214,0.6898
im_0142_s100_a04,17.5741,0.6293
im_0142_s100_a05,14.5556,0.5092
im_0142_s100_a06,17.5677,0.6049
im_0142_s80_a04,17.0619,0.5201
im_0142_s80_a05,12.8133,0.4413
im_0142_s80_a06,12.6200,0.5225
im_0142_s85_a04,16.8592,0.6526
im_0142_s85_a05,16.8333,0.5745
im_0142_s85_a06,17.4318,0.5322
im_0142_s90_a04,17.1868,0.5550
im_0142_s90_a05,16.8929,0.6090
im_0142_s90_a06,16.8563,0.5829
im_0142_s95_a04,17.4350,0.5509
im_0142_s95_a05,17.1511,0.5527
im_0142_s95_a06,18.4648,0.6408
im_0143_s100_a04,12.4614,0.5801
im_0143_s100_a05,7.5525,0.5125
im_0143_s100_a06,13.5117,0.6195
im_0143_s80_a04,8.9145,0.5243
im_0143_s80_a05,7.5596,0.5328
im_0143_s80_a06,8.9851,0.5569
im_0143_s85_a04,9.9386,0.5950
im_0143_s85_a05,10.6979,0.6057
im_0143_s85_a06,12.2243,0.6506
im_0143_s90_a04,12.0406,0.5365
im_0143_s90_a05,9.1820,0.5343
im_0143_s90_a06,6.7661,0.4979
im_0143_s95_a04,13.6529,0.6307
im_0143_s95_a05,14.0229,0.5752
im_0143_s95_a06,8.1935,0.5406
im_0144_s100_a04,13.0465,0.5798
im_0144_s100_a05,12.5217,0.5950
im_0144_s100_a06,12.9239,0.6049
im_0144_s80_a04,14.1495,0.5578
im_0144_s80_a05,11.6249,0.5565
im_0144_s80_a06,14.2009,0.6259
im_0144_s85_a04,11.6005,0.5580
im_0144_s85_a05,13.6055,0.5841
im_0144_s85_a06,12.9684,0.5857
im_0144_s90_a04,12.0640,0.5715
im_0144_s90_a05,11.8417,0.5662
im_0144_s90_a06,14.9232,0.5675
im_0144_s95_a04,15.5470,0.6264
im_0144_s95_a05,10.4360,0.5342
im_0144_s95_a06,15.6374,0.6334
im_0145_s100_a04,14.9284,0.6354
im_0145_s100_a05,11.2065,0.5803
im_0145_s100_a06,12.6963,0.6134
im_0145_s80_a04,15.8093,0.6508
im_0145_s80_a05,11.6731,0.5304
im_0145_s80_a06,15.4712,0.6604
im_0145_s85_a04,14.7170,0.6578
im_0145_s85_a05,15.5224,0.5995
im_0145_s85_a06,13.1005,0.6173
im_0145_s90_a04,14.0375,0.5648
im_0145_s90_a05,10.4604,0.4835
im_0145_s90_a06,14.2955,0.5810
im_0145_s95_a04,13.9983,0.6835
im_0145_s95_a05,15.3821,0.6307
im_0145_s95_a06,11.3888,0.5708
im_0146_s100_a04,16.1646,0.7235
im_0146_s100_a05,16.3290,0.7440
im_0146_s100_a06,17.7843,0.7196
im_0146_s80_a04,18.4537,0.7317
im_0146_s80_a05,18.0339,0.6727
im_0146_s80_a06,15.8084,0.6770
im_0146_s85_a04,16.3806,0.6722
im_0146_s85_a05,18.1794,0.7758
im_0146_s85_a06,18.2542,0.7405
im_0146_s90_a04,18.3738,0.7501
im_0146_s90_a05,15.6251,0.6593
im_0146_s90_a06,17.8462,0.6580
im_0146_s95_a04,17.9651,0.8022
im_0146_s95_a05,16.3822,0.7682
im_0146_s95_a06,18.6070,0.8101
im_0147_s100_a04,8.7206,0.4404
im_0147_s100_a05,9.6373,0.4088
im_0147_s100_a06,18.4122,0.5943
im_0147_s80_a04,8.3098,0.3867
im_0147_s80_a05,15.7357,0.5050
im_0147_s80_a06,19.6740,0.6734
im_0147_s85_a04,13.6933,0.4962
im_0147_s85_a05,16.7947,0.5870
im_0147_s85_a06,8.7659,0.4711
im_0147_s90_a04,8.4887,0.3869
im_0147_s90_a05,11.5039,0.5012
im_0147_s90_a06,12.6163,0.5162
im_0147_s95_a04,10.1140,0.5185
im_0147_s95_a05,8.7198,0.3959
im_0147_s95_a06,11.3725,0.5522
im_0148_s100_a04,12.4983,0.5915
im_0148_s100_a05,18.1588,0.6157
im_0148_s100_a06,17.8187,0.6083
im_0148_s80_a04,17.6027,0.5135
im_0148_s80_a05,17.6834,0.6337
im_0148_s80_a06,15.9543,0.6403
im_0148_s85_a04,18.7084,0.5805
im_0148_s85_a05,12.3322,0.5779
im_0148_s85_a06,18.7018,0.5304
im_0148_s90_a04,17.7533,0.4364
im_0148_s90_a05,18.6513,0.5705
im_0148_s90_a06,17.4607,0.5368
im_0148_s95_a04,14.4216,0.5683
im_0148_s95_a05,17.5917,0.6132
im_0148_s95_a06,18.2529,0.4421
im_0149_s100_a04,15.9206,0.5871
im_0149_s100_a05,13.9867,0.6153
im_0149_s100_a06,15.9395,0.5544
im_0149_s80_a04,16.6011,0.5314
im_0149_s80_a05,12.6634,0.6124
im_0149_s80_a06,16.0491,0.5556
im_0149_s85_a04,15.1646,0.5264
im_0149_s85_a05,15.7760,0.5870
im_0149_s85_a06,15.2425,0.5993
im_0149_s90_a04,13.4879,0.5555
im_0149_s90_a05,14.2584,0.5172
im_0149_s90_a06,12.3930,0.5776
im_0149_s95_a04,16.4341,0.6098
im_0149_s95_a05,16.2749,0.6221
im_0149_s95_a06,10.9663,0.6120
im_0150_s100_a04,13.1007,0.6571
im_0150_s100_a05,14.9250,0.5682
im_0150_s100_a06,10.9955,0.5566
im_0150_s80_a04,11.7705,0.5855
im_0150_s80_a05,9.4750,0.4482
im_0150_s80_a06,13.8089,0.7015
im_0150_s85_a04,14.0617,0.4948
im_0150_s85_a05,13.1862,0.6332
im_0150_s85_a06,13.6001,0.6721
im_0150_s90_a04,14.1527,0.5760
im_0150_s90_a05,11.8416,0.4965
im_0150_s90_a06,14.6167,0.6308
im_0150_s95_a04,12.5509,0.5272
im_0150_s95_a05,13.7117,0.5965
im_0150_s95_a06,13.3517,0.6264
im_0151_s100_a04,11.0719,0.5292
im_0151_s100_a05,19.6271,0.5342
im_0151_s100_a06,16.9197,0.6743
im_0151_s80_a04,20.1573,0.6190
im_0151_s80_a05,18.4695,0.6470
im_0151_s80_a06,15.0893,0.6247
im_0151_s85_a04,15.2709,0.7177
im_0151_s85_a05,20.0754,0.5303
im_0151_s85_a06,17.7529,0.6313
im_0151_s90_a04,11.2811,0.6074
im_0151_s90_a05,10.6607,0.5963
im_0151_s90_a06,12.3214,0.6368
im_0151_s95_a04,11.4927,0.6411
im_0151_s95_a05,17.7843,0.5069
im_0151_s95_a06,19.8856,0.5962
im_0152_s100_a04,16.8012,0.5664
im_0152_s100_a05,18.0938,0.6070
im_0152_s100_a06,8.8927,0.4064
im_0152_s80_a04,18.6626,0.6462
im_0152_s80_a05,15.3635,0.5743
im_0152_s80_a06,18.5293,0.6508
im_0152_s85_a04,9.6966,0.4528
im_0152_s85_a05,14.3367,0.5422
im_0152_s85_a06,13.0977,0.5671
im_0152_s90_a04,10.4197,0.4924
im_0152_s90_a05,16.9001,0.6032
im_0152_s90_a06,8.5396,0.4903
im_0152_s95_a04,18.7063,0.7079
im_0152_s95_a05,15.5747,0.5209
im_0152_s95_a06,9.5124,0.5263
im_0153_s100_a04,14.7058,0.6030
im_0153_s100_a05,11.6422,0.5429
im_0153_s100_a06,10.7325,0.5491
im_0153_s80_a04,11.4681,0.5917
im_0153_s80_a05,14.5305,0.5313
im_0153_s80_a06,14.2689,0.6799
im_0153_s85_a04,17.3667,0.6395
im_0153_s85_a05,15.6835,0.5109
im_0153_s85_a06,14.1650,0.6482
im_0153_s90_a04,16.7473,0.6239
im_0153_s90_a05,12.1234,0.6262
im_0153_s90_a06,12.3452,0.4883
im_0153_s95_a04,10.0894,0.5305
im_0153_s95_a05,10.4134,0.6193
im_0153_s95_a06,16.2142,0.5510
im_0154_s100_a04,11.7036,0.5043
im_0154_s100_a05,8.5574,0.4393
im_0154_s100_a06,8.1936,0.3989
im_0154_s80_a04,7.9500,0.3786
im_0154_s80_a05,11.0166,0.4651
im_0154_s80_a06,9.2199,0.4206
im_0154_s85_a04,18.1265,0.6658
im_0154_s85_a05,9.8823,0.4987
im_0154_s85_a06,12.0996,0.4838
im_0154_s90_a04,15.8366,0.5222
im_0154_s90_a05,7.8031,0.3857
im_0154_s90_a06,13.7566,0.5286
im_0154_s95_a04,16.4986,0.6055
im_0154_s95_a05,14.3449,0.5860
im_0154_s95_a06,9.0363,0.4181
im_0155_s100_a04,17.1887,0.6553
im_0155_s100_a05,12.3400,0.6204
im_0155_s100_a06,13.5299,0.6224
im_0155_s80_a04,15.2202,0.6259
im_0155_s80_a05,11.6784,0.5827
im_0155_s80_a06,15.7416,0.5454
im_0155_s85_a04,14.3251,0.6001
im_0155_s85_a05,11.3574,0.5568
im_0155_s85_a06,18.3618,0.6594
im_0155_s90_a04,16.9606,0.6680
im_0155_s90_a05,17.6602,0.6863
im_0155_s90_a06,13.0109,0.6314
im_0155_s95_a04,13.3307,0.6067
im_0155_s95_a05,14.3217,0.6673
im_0155_s95_a06,10.8772,0.6063
im_0156_s100_a04,12.5341,0.6349
im_0156_s100_a05,14.8647,0.6451
im_0156_s100_a06,14.8010,0.5636
im_0156_s80_a04,11.6699,0.5436
im_0156_s80_a05,16.2648,0.6138
im_0156_s80_a06,14.0684,0.6514
im_0156_s85_a04,15.9101,0.5994
im_0156_s85_a05,9.5328,0.5869
im_0156_s85_a06,16.4042,0.6538
im_0156_s90_a04,14.4265,0.5067
im_0156_s90_a05,11.2911,0.5674
im_0156_s90_a06,16.2282,0.6227
im_0156_s95_a04,15.1701,0.6113
im_0156_s95_a05,15.9019,0.6796
im_0156_s95_a06,15.9139,0.6796
im_0157_s100_a04,14.1199,0.5498
im_0157_s100_a05,16.3162,0.6299
im_0157_s100_a06,11.2528,0.5952
im_0157_s80_a04,17.9039,0.5666
im_0157_s80_a05,19.7868,0.6460
im_0157_s80_a06,12.2172,0.5755
im_0157_s85_a04,14.1929,0.5627
im_0157_s85_a05,13.4137,0.5492
im_0157_s85_a06,17.5710,0.6290
im_0157_s90_a04,16.3197,0.4954
im_0157_s90_a05,17.1644,0.5919
im_0157_s90_a06,9.3637,0.4957
im_0157_s95_a04,18.5673,0.7346
im_0157_s95_a05,10.3941,0.5940
im_0157_s95_a06,10.4762,0.5177
im_0158_s100_a04,16.0969,0.6660
im_0158_s100_a05,15.9773,0.6369
im_0158_s100_a06,15.0025,0.5033
im_0158_s80_a04,15.0706,0.6216
im_0158_s80_a05,15.4593,0.5758
im_0158_s80_a06,12.8193,0.5630
im_0158_s85_a04,15.0078,0.6023
im_0158_s85_a05,15.8202,0.6209
im_0158_s85_a06,10.9165,0.5484
im_0158_s90_a04,14.8228,0.5976
im_0158_s90_a05,14.5924,0.5518
im_0158_s90_a06,15.0616,0.6195
im_0158_s95_a04,11.6603,0.6094
im_0158_s95_a05,13.4984,0.5005
im_0158_s95_a06,15.6351,0.6038
im_0159_s100_a04,16.4055,0.5323
im_0159_s100_a05,15.3403,0.5655
im_0159_s100_a06,11.3551,0.5557
im_0159_s80_a04,15.1996,0.7050
im_0159_s80_a05,15.1944,0.6201
im_0159_s80_a06,16.7481,0.6092
im_0159_s85_a04,13.5163,0.5891
im_0159_s85_a05,17.0567,0.6316
im_0159_s85_a06,17.4592,0.6012
im_0159_s90_a04,16.5005,0.6151
im_0159_s90_a05,14.3710,0.6128
im_0159_s90_a06,16.5189,0.4960
im_0159_s95_a04,16.0915,0.6199
im_0159_s95_a05,14.4522,0.6657
im_0159_s95_a06,16.7915,0.6040
im_0160_s100_a04,15.2528,0.6622
im_0160_s100_a05,14.1031,0.6536
im_0160_s100_a06,16.6777,0.7434
im_0160_s80_a04,16.4246,0.7041
im_0160_s80_a05,13.9612,0.6124
im_0160_s80_a06,16.3633,0.6996
im_0160_s85_a04,16.6442,0.6730
im_0160_s85_a05,12.9661,0.6382
im_0160_s85_a06,16.6804,0.7273
im_0160_s90_a04,14.3538,0.6438
im_0160_s90_a05,12.1651,0.6360
im_0160_s90_a06,17.0095,0.6756
im_0160_s95_a04,14.4722,0.6046
im_0160_s95_a05,12.9771,0.6007
im_0160_s95_a06,13.4377,0.6378
im_0161_s100_a04,10.9499,0.5579
im_0161_s100_a05,13.0331,0.5833
im_0161_s100_a06,15.4397,0.6584
im_0161_s80_a04,10.7499,0.5797
im_0161_s80_a05,15.2924,0.6886
im_0161_s80_a06,9.6526,0.4736
im_0161_s85_a04,13.0363,0.6164
im_0161_s85_a05,14.8183,0.6586
im_0161_s85_a06,16.1109,0.6688
im_0161_s90_a04,9.9196,0.5718
im_0161_s90_a05,16.5718,0.7130
im_0161_s90_a06,12.1391,0.6285
im_0161_s95_a04,11.5740,0.5810
im_0161_s95_a05,12.0732,0.5638
im_0161_s95_a06,14.9121,0.5930
im_0162_s100_a04,19.4654,0.6069
im_0162_s100_a05,17.0930,0.5796
im_0162_s100_a06,14.1134,0.5977
im_0162_s80_a04,17.9532,0.6666
im_0162_s80_a05,13.1710,0.6259
im_0162_s80_a06,15.4320,0.6526
im_0162_s85_a04,11.6372,0.5589
im_0162_s85_a05,18.0819,0.6566
im_0162_s85_a06,16.5065,0.5657
im_0162_s90_a04,17.4791,0.5130
im_0162_s90_a05,18.0421,0.5887
im_0162_s90_a06,9.3734,0.5234
im_0162_s95_a04,15.7411,0.6116
im_0162_s95_a05,17.7005,0.5764
im_0162_s95_a06,9.5470,0.5391
im_0163_s100_a04,12.0599,0.6191
im_0163_s100_a05,13.8214,0.6154
im_0163_s100_a06,15.2681,0.7198
im_0163_s80_a04,12.4701,0.6400
im_0163_s80_a05,15.2978,0.6904
im_0163_s80_a06,12.7036,0.6535
im_0163_s85_a04,13.7261,0.7055
im_0163_s85_a05,13.0682,0.5856
im_0163_s85_a06,14.5600,0.6615
im_0163_s90_a04,14.1490,0.6923
im_0163_s90_a05,13.9699,0.6242
im_0163_s90_a06,12.7939,0.5819
im_0163_s95_a04,15.1699,0.6992
im_0163_s95_a05,12.4469,0.6231
im_0163_s95_a06,14.2937,0.6389
im_0164_s100_a04,17.2455,0.5888
im_0164_s100_a05,18.0676,0.6507
im_0164_s100_a06,12.8047,0.5729
im_0164_s80_a04,17.7564,0.6500
im_0164_s80_a05,13.4802,0.5485
im_0164_s80_a06,16.8441,0.6622
im_0164_s85_a04,15.6835,0.6205
im_0164_s85_a05,17.7621,0.5637
im_0164_s85_a06,9.4769,0.5609
im_0164_s90_a04,16.8961,0.6632
im_0164_s90_a05,15.9815,0.6000
im_0164_s90_a06,17.0586,0.6467
im_0164_s95_a04,10.0561,0.4985
im_0164_s95_a05,10.4205,0.5683
im_0164_s95_a06,12.0394,0.5588
im_0165_s100_a04,17.3118,0.6767
im_0165_s100_a05,18.4609,0.6722
im_0165_s100_a06,17.2261,0.6206
im_0165_s80_a04,9.1692,0.4949
im_0165_s80_a05,8.7781,0.5271
im_0165_s80_a06,13.7907,0.5553
im_0165_s85_a04,11.3341,0.6015
im_0165_s85_a05,12.5800,0.5165
im_0165_s85_a06,11.7399,0.5243
im_0165_s90_a04,9.5432,0.4505
im_0165_s90_a05,18.4258,0.5504
im_0165_s90_a06,15.6703,0.6628
im_0165_s95_a04,17.4964,0.6714
im_0165_s95_a05,8.9920,0.5276
im_0165_s95_a06,18.3512,0.6222
im_0166_s100_a04,15.8849,0.5907
im_0166_s100_a05,10.7899,0.5470
im_0166_s100_a06,18.9450,0.5550
im_0166_s80_a04,16.5817,0.6138
im_0166_s80_a05,16.4899,0.5019
im_0166_s80_a06,19.2339,0.4448
im_0166_s85_a04,9.1433,0.5210
im_0166_s85_a05,12.1062,0.5099
im_0166_s85_a06,14.7953,0.6184
im_0166_s90_a04,14.1810,0.5169
im_0166_s90_a05,15.5553,0.5116
im_0166_s90_a06,9.9116,0.4703
im_0166_s95_a04,14.8330,0.5339
im_0166_s95_a05,11.7289,0.5078
im_0166_s95_a06,10.8221,0.5294
im_0167_s100_a04,10.8478,0.5218
im_0167_s100_a05,11.3911,0.5018
im_0167_s100_a06,11.1610,0.5216
im_0167_s80_a04,11.4115,0.5034
im_0167_s80_a05,7.7006,0.4584
im_0167_s80_a06,9.6021,0.5250
im_0167_s85_a04,9.4419,0.6009
im_0167_s85_a05,12.0784,0.5612
im_0167_s85_a06,8.8770,0.5708
im_0167_s90_a04,8.2055,0.4786
im_0167_s90_a05,10.0092,0.5273
im_0167_s90_a06,9.4774,0.5583
im_0167_s95_a04,9.7998,0.5003
im_0167_s95_a05,11.8292,0.5708
im_0167_s95_a06,9.9819,0.5140
im_0168_s100_a04,13.6232,0.5256
im_0168_s100_a05,10.4932,0.6010
im_0168_s100_a06,12.0481,0.5926
im_0168_s80_a04,10.3321,0.5330
im_0168_s80_a05,17.4325,0.7012
im_0168_s80_a06,11.2328,0.5190
im_0168_s85_a04,16.5454,0.6646
im_0168_s85_a05,13.5704,0.6359
im_0168_s85_a06,11.6781,0.6106
im_0168_s90_a04,17.6788,0.6481
im_0168_s90_a05,14.3529,0.5668
im_0168_s90_a06,16.8079,0.6361
im_0168_s95_a04,17.1412,0.7020
im_0168_s95_a05,15.6040,0.6598
im_0168_s95_a06,17.8363,0.6190
im_0169_s100_a04,9.6766,0.4693
im_0169_s100_a05,16.0964,0.6206
im_0169_s100_a06,16.1509,0.6532
im_0169_s80_a04,9.0305,0.5230
im_0169_s80_a05,17.1766,0.6771
im_0169_s80_a06,8.7284,0.4487
im_0169_s85_a04,9.0812,0.5220
im_0169_s85_a05,9.5858,0.4563
im_0169_s85_a06,8.9555,0.5156
im_0169_s90_a04,17.2122,0.5265
im_0169_s90_a05,9.8436,0.4471
im_0169_s90_a06,18.0209,0.6232
im_0169_s95_a04,8.3528,0.5205
im_0169_s95_a05,8.8729,0.5066
im_0169_s95_a06,16.2358,0.5485
im_0170_s100_a04,16.0009,0.6635
im_0170_s100_a05,14.5874,0.5827
im_0170_s100_a06,15.7780,0.6997
im_0170_s80_a04,14.7052,0.6627
im_0170_s80_a05,14.2542,0.6735
im_0170_s80_a06,12.6608,0.5583
im_0170_s85_a04,15.1318,0.5780
im_0170_s85_a05,15.2993,0.5906
im_0170_s85_a06,14.6163,0.5950
im_0170_s90_a04,13.6003,0.5600
im_0170_s90_a05,15.4744,0.6683
im_0170_s90_a06,15.0412,0.6234
im_0170_s95_a04,13.4824,0.6454
im_0170_s95_a05,15.5729,0.7099
im_0170_s95_a06,12.8245,0.6113
im_0171_s100_a04,12.0064,0.5690
im_0171_s100_a05,11.7984,0.6397
im_0171_s100_a06,14.2360,0.5900
im_0171_s80_a04,14.6020,0.5351
im_0171_s80_a05,15.9815,0.6327
im_0171_s80_a06,15.2817,0.5920
im_0171_s85_a04,10.7298,0.5285
im_0171_s85_a05,12.3496,0.5643
im_0171_s85_a06,11.3604,0.6012
im_0171_s90_a04,13.6099,0.5295
im_0171_s90_a05,13.1008,0.6196
im_0171_s90_a06,18.5220,0.5926
im_0171_s95_a04,18.6119,0.6887
im_0171_s95_a05,19.0653,0.7326
im_0171_s95_a06,11.2821,0.5823
im_0172_s100_a04,16.3168,0.6759
im_0172_s100_a05,16.7552,0.7050
im_0172_s100_a06,13.9910,0.7188
im_0172_s80_a04,16.2260,0.6569
im_0172_s80_a05,16.4779,0.5883
im_0172_s80_a06,16.4228,0.6276
im_0172_s85_a04,15.3694,0.5868
im_0172_s85_a05,15.1940,0.6550
im_0172_s85_a06,16.4204,0.6500
im_0172_s90_a04,12.5329,0.6376
im_0172_s90_a05,13.8978,0.6805
im_0172_s90_a06,12.1327,0.6322
im_0172_s95_a04,14.2381,0.7052
im_0172_s95_a05,16.6063,0.6787
im_0172_s95_a06,15.6173,0.6655
im_0173_s100_a04,13.0098,0.5899
im_0173_s100_a05,12.3135,0.4871
im_0173_s100_a06,13.5622,0.5923
im_0173_s80_a04,10.8402,0.4571
im_0173_s80_a05,18.0915,0.6740
im_0173_s80_a06,9.3972,0.5028
im_0173_s85_a04,16.8445,0.6552
im_0173_s85_a05,11.8612,0.4602
im_0173_s85_a06,17.8627,0.6280
im_0173_s90_a04,17.5830,0.6333
im_0173_s90_a05,14.4061,0.6503
im_0173_s90_a06,11.3786,0.5408
im_0173_s95_a04,19.6214,0.7624
im_0173_s95_a05,14.3906,0.5914
im_0173_s95_a06,18.0781,0.6842
im_0174_s100_a04,15.5611,0.5261
im_0174_s100_a05,19.4164,0.6110
im_0174_s100_a06,15.7460,0.6887
im_0174_s80_a04,18.3721,0.5096
im_0174_s80_a05,13.6206,0.5595
im_0174_s80_a06,14.3211,0.5913
im_0174_s85_a04,15.7866,0.5826
im_0174_s85_a05,18.3560,0.6118
im_0174_s85_a06,17.5519,0.6356
im_0174_s90_a04,19.0495,0.6640
im_0174_s90_a05,16.9205,0.6381
im_0174_s90_a06,11.3166,0.5468
im_0174_s95_a04,14.7575,0.5850
im_0174_s95_a05,17.3801,0.6242
im_0174_s95_a06,11.8302,0.4847
im_0175_s100_a04,13.8062,0.4414
im_0175_s100_a05,12.9510,0.4425
im_0175_s100_a06,11.8456,0.3864
im_0175_s80_a04,12.5088,0.4764
im_0175_s80_a05,13.7226,0.4459
im_0175_s80_a06,12.9216,0.3890
im_0175_s85_a04,11.1791,0.4706
im_0175_s85_a05,18.4618,0.5492
im_0175_s85_a06,11.9799,0.4988
im_0175_s90_a04,17.4264,0.4604
im_0175_s90_a05,9.7187,0.3327
im_0175_s90_a06,9.4411,0.4326
im_0175_s95_a04,16.2994,0.4156
im_0175_s95_a05,13.1621,0.3821
im_0175_s95_a06,14.6547,0.4602
im_0176_s100_a04,11.1182,0.5632
im_0176_s100_a05,10.4823,0.5585
im_0176_s100_a06,16.9003,0.6418
im_0176_s80_a04,12.9943,0.5817
im_0176_s80_a05,12.5923,0.5735
im_0176_s80_a06,11.0276,0.5539
im_0176_s85_a04,14.9704,0.5761
im_0176_s85_a05,17.9907,0.6139
im_0176_s85_a06,15.8677,0.5924
im_0176_s90_a04,12.2515,0.5572
im_0176_s90_a05,11.7819,0.5658
im_0176_s90_a06,16.7335,0.5174
im_0176_s95_a04,13.3359,0.5925
im_0176_s95_a05,16.1519,0.6465
im_0176_s95_a06,10.5210,0.5699
im_0177_s100_a04,17.3872,0.5540
im_0177_s100_a05,19.2923,0.6377
im_0177_s100_a06,16.1658,0.6172
im_0177_s80_a04,16.7655,0.4903
im_0177_s80_a05,16.3545,0.4970
im_0177_s80_a06,18.3408,0.5902
im_0177_s85_a04,16.8125,0.6161
im_0177_s85_a05,15.7722,0.5963
im_0177_s85_a06,15.0943,0.5515
im_0177_s90_a04,18.8356,0.6183
im_0177_s90_a05,15.2905,0.5601
im_0177_s90_a06,16.0408,0.5385
im_0177_s95_a04,17.7849,0.5974
im_0177_s95_a05,18.4730,0.6339
im_0177_s95_a06,17.5068,0.6170
im_0178_s100_a04,16.6563,0.6133
im_0178_s100_a05,16.8393,0.5697
im_0178_s100_a06,12.2788,0.5910
im_0178_s80_a04,16.5838,0.5978
im_0178_s80_a05,17.1617,0.5795
im_0178_s80_a06,11.8534,0.5177
im_0178_s85_a04,8.6058,0.5011
im_0178_s85_a05,16.7428,0.5760
im_0178_s85_a06,16.6668,0.5289
im_0178_s90_a04,13.1844,0.5762
im_0178_s90_a05,16.7731,0.5016
im_0178_s90_a06,17.3427,0.5012
im_0178_s95_a04,11.6063,0.5715
im_0178_s95_a05,18.5595,0.6231
im_0178_s95_a06,17.1477,0.5799
im_0179_s100_a04,11.3330,0.4901
im_0179_s100_a05,10.6509,0.5469
im_0179_s100_a06,10.4983,0.5304
im_0179_s80_a04,8.9335,0.4868
im_0179_s80_a05,12.6867,0.5436
im_0179_s80_a06,10.9941,0.4861
im_0179_s85_a04,10.8396,0.5297
im_0179_s85_a05,10.2913,0.4467
im_0179_s85_a06,12.1766,0.5308
im_0179_s90_a04,11.6358,0.5432
im_0179_s90_a05,11.1357,0.5038
im_0179_s90_a06,10.6633,0.4916
im_0179_s95_a04,11.6063,0.5482
im_0179_s95_a05,10.9463,0.4936
im_0179_s95_a06,11.9212,0.5451
im_0180_s100_a04,16.2726,0.6484
im_0180_s100_a05,17.9589,0.6378
im_0180_s100_a06,11.2587,0.5737
im_0180_s80_a04,16.4279,0.6398
im_0180_s80_a05,16.0769,0.6672
im_0180_s80_a06,19.3501,0.6623
im_0180_s85_a04,13.5747,0.6781
im_0180_s85_a05,14.0875,0.5955
im_0180_s85_a06,16.5465,0.6497
im_0180_s90_a04,15.7540,0.5766
im_0180_s90_a05,16.6847,0.5928
im_0180_s90_a06,18.6618,0.5953
im_0180_s95_a04,13.3672,0.6576
im_0180_s95_a05,17.8227,0.6032
im_0180_s95_a06,12.0431,0.6620
im_0181_s100_a04,15.0270,0.5875
im_0181_s100_a05,14.4881,0.6876
im_0181_s100_a06,13.1592,0.5723
im_0181_s80_a04,11.6445,0.5586
im_0181_s80_a05,14.5304,0.6917
im_0181_s80_a06,12.7389,0.6861
im_0181_s85_a04,13.3865,0.6331
im_0181_s85_a05,15.3609,0.6758
im_0181_s85_a06,11.8649,0.6565
im_0181_s90_a04,10.5350,0.5904
im_0181_s90_a05,15.2083,0.6429
im_0181_s90_a06,14.4027,0.7025
im_0181_s95_a04,12.9794,0.6974
im_0181_s95_a05,14.0543,0.6929
im_0181_s95_a06,12.8676,0.5995
im_0182_s100_a04,13.9620,0.6561
im_0182_s100_a05,9.0157,0.5172
im_0182_s100_a06,9.4921,0.5477
im_0182_s80_a04,9.4720,0.5472
im_0182_s80_a05,14.5741,0.6104
im_0182_s80_a06,13.9922,0.5879
im_0182_s85_a04,14.2263,0.5796
im_0182_s85_a05,10.0737,0.5940
im_0182_s85_a06,9.8196,0.5731
im_0182_s90_a04,10.3766,0.5401
im_0182_s90_a05,9.2685,0.5197
im_0182_s90_a06,14.5574,0.5848
im_0182_s95_a04,14.8394,0.7070
im_0182_s95_a05,14.7723,0.6777
im_0182_s95_a06,14.0755,0.6069
im_0183_s100_a04,16.7592,0.6838
im_0183_s100_a05,16.2500,0.7089
im_0183_s100_a06,16.0700,0.7115
im_0183_s80_a04,15.4516,0.6307
im_0183_s80_a05,14.7807,0.6361
im_0183_s80_a06,14.6054,0.6297
im_0183_s85_a04,13.2283,0.6302
im_0183_s85_a05,12.4041,0.6806
im_0183_s85_a06,15.7882,0.6950
im_0183_s90_a04,16.6105,0.7486
im_0183_s90_a05,14.4190,0.5944
im_0183_s90_a06,15.4152,0.5658
im_0183_s95_a04,16.4049,0.6849
im_0183_s95_a05,14.6048,0.6878
im_0183_s95_a06,13.6583,0.6445
im_0184_s100_a04,11.0138,0.6140
im_0184_s100_a05,16.4077,0.6478
im_0184_s100_a06,16.4872,0.6915
im_0184_s80_a04,10.9051,0.5678
im_0184_s80_a05,16.4488,0.7057
im_0184_s80_a06,11.1506,0.6063
im_0184_s85_a04,16.0754,0.6714
im_0184_s85_a05,16.9084,0.6772
im_0184_s85_a06,15.0629,0.6262
im_0184_s90_a04,15.4989,0.6734
im_0184_s90_a05,10.6752,0.5865
im_0184_s90_a06,15.6400,0.6922
im_0184_s95_a04,13.2156,0.6718
im_0184_s95_a05,17.8060,0.6965
im_0184_s95_a06,9.9383,0.6111
im_0185_s100_a04,16.4326,0.6144
im_0185_s100_a05,14.2388,0.5473
im_0185_s100_a06,9.6319,0.5293
im_0185_s80_a04,17.1254,0.6195
im_0185_s80_a05,13.4666,0.4865
im_0185_s80_a06,10.9559,0.5056
im_0185_s85_a04,18.5528,0.6518
im_0185_s85_a05,8.3774,0.4452
im_0185_s85_a06,18.7167,0.5212
im_0185_s90_a04,9.7717,0.4223
im_0185_s90_a05,16.6423,0.5027
im_0185_s90_a06,15.6430,0.5709
im_0185_s95_a04,14.2931,0.5384
im_0185_s95_a05,15.5394,0.6377
im_0185_s95_a06,18.8510,0.5724
im_0186_s100_a04,14.3042,0.5618
im_0186_s100_a05,11.1572,0.4826
im_0186_s100_a06,14.5631,0.4388
im_0186_s80_a04,10.9030,0.4761
im_0186_s80_a05,15.9941,0.5275
im_0186_s80_a06,9.3230,0.4411
im_0186_s85_a04,14.2698,0.5474
im_0186_s85_a05,16.2046,0.4827
im_0186_s85_a06,12.4882,0.4155
im_0186_s90_a04,8.4884,0.3586
im_0186_s90_a05,10.3625,0.4877
im_0186_s90_a06,11.4797,0.4581
im_0186_s95_a04,13.5989,0.4924
im_0186_s95_a05,12.4995,0.4799
im_0186_s95_a06,15.3781,0.5823
im_0187_s100_a04,12.9628,0.6172
im_0187_s100_a05,12.5778,0.5567
im_0187_s100_a06,14.6586,0.6784
im_0187_s80_a04,14.0875,0.5977
im_0187_s80_a05,14.3292,0.6037
im_0187_s80_a06,12.3068,0.5309
im_0187_s85_a04,12.5775,0.5788
im_0187_s85_a05,14.1847,0.6096
im_0187_s85_a06,15.4425,0.7164
im_0187_s90_a04,14.8665,0.6802
im_0187_s90_a05,12.9758,0.6054
im_0187_s90_a06,9.9847,0.5529
im_0187_s95_a04,14.7877,0.6815
im_0187_s95_a05,13.9882,0.6583
im_0187_s95_a06,13.8123,0.6852
im_0188_s100_a04,15.2392,0.5355
im_0188_s100_a05,13.7682,0.5655
im_0188_s100_a06,13.6653,0.5791
im_0188_s80_a04,8.6714,0.4321
im_0188_s80_a05,16.3545,0.5686
im_0188_s80_a06,11.6140,0.4721
im_0188_s85_a04,8.3678,0.4334
im_0188_s85_a05,17.3647,0.6345
im_0188_s85_a06,17.1533,0.5783
im_0188_s90_a04,12.7314,0.4933
im_0188_s90_a05,13.3629,0.5474
im_0188_s90_a06,13.6381,0.4799
im_0188_s95_a04,12.8427,0.5596
im_0188_s95_a05,9.7297,0.4657
im_0188_s95_a06,13.6107,0.5605
im_0189_s100_a04,16.5707,0.6402
im_0189_s100_a05,10.4845,0.5300
im_0189_s100_a06,16.8875,0.6183
im_0189_s80_a04,9.8296,0.5182
im_0189_s80_a05,16.6692,0.6443
im_0189_s80_a06,16.4474,0.6537
im_0189_s85_a04,17.6680,0.6256
im_0189_s85_a05,12.2978,0.5913
im_0189_s85_a06,16.7761,0.6184
im_0189_s90_a04,17.3848,0.6353
im_0189_s90_a05,16.0542,0.5475
im_0189_s90_a06,15.9627,0.5759
im_0189_s95_a04,12.5334,0.5529
im_0189_s95_a05,17.1687,0.6448
im_0189_s95_a06,16.0190,0.6865
im_0190_s100_a04,13.8212,0.5236
im_0190_s100_a05,15.5138,0.5611
im_0190_s100_a06,14.9495,0.5085
im_0190_s80_a04,10.2498,0.4129
im_0190_s80_a05,13.6688,0.4615
im_0190_s80_a06,12.1200,0.4486
im_0190_s85_a04,11.8454,0.4492
im_0190_s85_a05,16.1806,0.6378
im_0190_s85_a06,15.3550,0.4734
im_0190_s90_a04,14.5017,0.5226
im_0190_s90_a05,15.9677,0.4858
im_0190_s90_a06,14.9745,0.4398
im_0190_s95_a04,15.2355,0.4885
im_0190_s95_a05,9.9428,0.4958
im_0190_s95_a06,15.6808,0.6038
im_0191_s100_a04,10.8180,0.5318
im_0191_s100_a05,15.2552,0.5772
im_0191_s100_a06,12.1362,0.5912
im_0191_s80_a04,14.6269,0.5057
im_0191_s80_a05,15.1559,0.5201
im_0191_s80_a06,12.7232,0.5100
im_0191_s85_a04,16.4235,0.6920
im_0191_s85_a05,14.6889,0.6238
im_0191_s85_a06,9.9365,0.4684
im_0191_s90_a04,10.9116,0.5400
im_0191_s90_a05,12.5740,0.5359
im_0191_s90_a06,15.6660,0.5984
im_0191_s95_a04,15.0544,0.6062
im_0191_s95_a05,16.2265,0.6465
im_0191_s95_a06,13.0546,0.6254
im_0192_s100_a04,18.2964,0.5316
im_0192_s100_a05,18.1841,0.6019
im_0192_s100_a06,14.1028,0.5257
im_0192_s80_a04,20.4807,0.5868
im_0192_s80_a05,21.0230,0.7239
im_0192_s80_a06,18.8605,0.7255
im_0192_s85_a04,14.9625,0.6116
im_0192_s85_a05,21.1910,0.6290
im_0192_s85_a06,14.7790,0.6785
im_0192_s90_a04,14.4814,0.6518
im_0192_s90_a05,17.6263,0.5888
im_0192_s90_a06,14.8362,0.6268
im_0192_s95_a04,13.6521,0.6039
im_0192_s95_a05,20.6507,0.6989
im_0192_s95_a06,13.6194,0.6227
im_0193_s100_a04,14.5171,0.6575
im_0193_s100_a05,12.6584,0.4931
im_0193_s100_a06,15.9345,0.7001
im_0193_s80_a04,13.6029,0.5544
im_0193_s80_a05,8.4662,0.4619
im_0193_s80_a06,13.1491,0.5287
im_0193_s85_a04,11.4720,0.5173
im_0193_s85_a05,11.1460,0.4872
im_0193_s85_a06,16.3884,0.5540
im_0193_s90_a04,11.6151,0.4662
im_0193_s90_a05,8.8632,0.4715
im_0193_s90_a06,9.2398,0.5191
im_0193_s95_a04,15.2867,0.5468
im_0193_s95_a05,15.9240,0.5713
im_0193_s95_a06,9.7458,0.5067
im_0194_s100_a04,11.9698,0.6603
im_0194_s100_a05,14.5423,0.7287
im_0194_s100_a06,13.9853,0.6939
im_0194_s80_a04,13.4929,0.6770
im_0194_s80_a05,16.8826,0.6328
im_0194_s80_a06,14.3447,0.7475
im_0194_s85_a04,12.7581,0.6832
im_0194_s85_a05,11.9787,0.6941
im_0194_s85_a06,15.8343,0.6564
im_0194_s90_a04,13.3109,0.5967
im_0194_s90_a05,14.2612,0.6677
im_0194_s90_a06,15.4762,0.6999
im_0194_s95_a04,13.4422,0.6668
im_0194_s95_a05,14.9196,0.6436
im_0194_s95_a06,14.9370,0.7732
im_0195_s100_a04,14.8089,0.7164
im_0195_s100_a05,17.8218,0.6138
im_0195_s100_a06,17.4568,0.5923
im_0195_s80_a04,17.3294,0.5079
im_0195_s80_a05,16.3741,0.6040
im_0195_s80_a06,16.6275,0.5485
im_0195_s85_a04,16.3432,0.6793
im_0195_s85_a05,17.7633,0.6064
im_0195_s85_a06,17.9558,0.6616
im_0195_s90_a04,17.3134,0.6482
im_0195_s90_a05,15.8528,0.6859
im_0195_s90_a06,18.9260,0.6090
im_0195_s95_a04,19.1833,0.5440
im_0195_s95_a05,16.6012,0.7379
im_0195_s95_a06,12.6938,0.5171
im_0196_s100_a04,7.4861,0.3503
im_0196_s100_a05,15.2557,0.4561
im_0196_s100_a06,7.2463,0.3861
im_0196_s80_a04,11.7404,0.4621
im_0196_s80_a05,21.3757,0.6540
im_0196_s80_a06,9.1479,0.3603
im_0196_s85_a04,7.5938,0.4101
im_0196_s85_a05,18.5086,0.6245
im_0196_s85_a06,17.6882,0.5169
im_0196_s90_a04,7.6869,0.3923
im_0196_s90_a05,12.1125,0.4076
im_0196_s90_a06,7.1691,0.3729
im_0196_s95_a04,9.3304,0.3319
im_0196_s95_a05,19.1919,0.5505
im_0196_s95_a06,16.6846,0.5530
im_0197_s100_a04,12.8463,0.6807
im_0197_s100_a05,9.6904,0.6277
im_0197_s100_a06,11.7267,0.6160
im_0197_s80_a04,12.1291,0.6795
im_0197_s80_a05,12.6228,0.6379
im_0197_s80_a06,11.7115,0.6633
im_0197_s85_a04,10.9867,0.5952
im_0197_s85_a05,14.4980,0.6238
im_0197_s85_a06,11.9950,0.6759
im_0197_s90_a04,10.1623,0.5514
im_0197_s90_a05,11.1612,0.5926
im_0197_s90_a06,11.9775,0.6378
im_0197_s95_a04,9.3394,0.6199
im_0197_s95_a05,12.8557,0.6136
im_0197_s95_a06,11.7605,0.5870
im_0198_s100_a04,16.6663,0.6236
im_0198_s100_a05,9.4840,0.5005
im_0198_s100_a06,12.8575,0.6278
im_0198_s80_a04,10.8041,0.5868
im_0198_s80_a05,12.0073,0.6253
im_0198_s80_a06,15.9672,0.6596
im_0198_s85_a04,17.1551,0.6923
im_0198_s85_a05,16.3418,0.5506
im_0198_s85_a06,14.9693,0.5200
im_0198_s90_a04,16.0329,0.5802
im_0198_s90_a05,17.2328,0.6520
im_0198_s90_a06,16.8071,0.5607
im_0198_s95_a04,13.8670,0.6193
im_0198_s95_a05,14.9717,0.6596
im_0198_s95_a06,14.7812,0.5764
im_0199_s100_a04,18.3224,0.6199
im_0199_s100_a05,17.0530,0.6890
im_0199_s100_a06,14.5612,0.6801
im_0199_s80_a04,11.6748,0.6354
im_0199_s80_a05,20.1015,0.7227
im_0199_s80_a06,19.2310,0.7021
im_0199_s85_a04,20.3053,0.6809
im_0199_s85_a05,9.9033,0.5034
im_0199_s85_a06,18.7687,0.6624
im_0199_s90_a04,12.9085,0.5892
im_0199_s90_a05,18.9517,0.6476
im_0199_s90_a06,18.8182,0.5813
im_0199_s95_a04,11.8398,0.5226
im_0199_s95_a05,13.8893,0.6744
im_0199_s95_a06,18.2353,0.6276
im_0200_s100_a04,15.5471,0.5977
im_0200_s100_a05,16.5920,0.5834
im_0200_s100_a06,16.6440,0.6509
im_0200_s80_a04,16.0219,0.6256
im_0200_s80_a05,17.5195,0.7139
im_0200_s80_a06,15.0435,0.6520
im_0200_s85_a04,16.3062,0.6103
im_0200_s85_a05,12.0515,0.5777
im_0200_s85_a06,16.5327,0.6053
im_0200_s90_a04,16.8767,0.6708
im_0200_s90_a05,16.0477,0.6487
im_0200_s90_a06,16.8895,0.6494
im_0200_s95_a04,16.6751,0.6704
im_0200_s95_a05,16.6986,0.6938
im_0200_s95_a06,16.2970,0.6264
im_0201_s100_a04,16.2856,0.5768
im_0201_s100_a05,10.1160,0.4323
im_0201_s100_a06,16.7055,0.5824
im_0201_s80_a04,12.5752,0.4886
im_0201_s80_a05,14.9090,0.5818
im_0201_s80_a06,16.1648,0.5508
im_0201_s85_a04,17.0591,0.5269
im_0201_s85_a05,17.6225,0.5758
im_0201_s85_a06,17.4351,0.5619
im_0201_s90_a04,13.7847,0.4660
im_0201_s90_a05,12.8390,0.4770
im_0201_s90_a06,12.4316,0.5907
im_0201_s95_a04,14.6895,0.5818
im_0201_s95_a05,15.2916,0.5485
im_0201_s95_a06,12.2121,0.5370
im_0202_s100_a04,18.3788,0.7338
im_0202_s100_a05,10.1697,0.5185
im_0202_s100_a06,15.5521,0.6090
im_0202_s80_a04,15.9968,0.6636
im_0202_s80_a05,12.4350,0.5862
im_0202_s80_a06,11.4211,0.5971
im_0202_s85_a04,14.6199,0.6348
im_0202_s85_a05,9.8751,0.5435
im_0202_s85_a06,9.5469,0.4767
im_0202_s90_a04,14.8767,0.5211
im_0202_s90_a05,16.0773,0.6525
im_0202_s90_a06,15.0148,0.5801
im_0202_s95_a04,13.2510,0.6296
im_0202_s95_a05,11.2831,0.5617
im_0202_s95_a06,16.4765,0.6157
im_0203_s100_a04,13.3416,0.5032
im_0203_s100_a05,12.0632,0.5605
im_0203_s100_a06,12.2754,0.4863
im_0203_s80_a04,16.4922,0.5808
im_0203_s80_a05,14.4753,0.5858
im_0203_s80_a06,10.4462,0.4622
im_0203_s85_a04,10.1346,0.5257
im_0203_s85_a05,16.5719,0.6063
im_0203_s85_a06,14.5566,0.6150
im_0203_s90_a04,12.6817,0.4932
im_0203_s90_a05,18.9882,0.6637
im_0203_s90_a06,14.6283,0.4546
im_0203_s95_a04,9.7915,0.4953
im_0203_s95_a05,14.6206,0.5174
im_0203_s95_a06,11.8392,0.5872
im_0204_s100_a04,12.2610,0.5748
im_0204_s100_a05,13.7772,0.5858
im_0204_s100_a06,10.5206,0.5363
im_0204_s80_a04,11.6763,0.6141
im_0204_s80_a05,12.4474,0.5356
im_0204_s80_a06,15.5891,0.6890
im_0204_s85_a04,17.8354,0.6966
im_0204_s85_a05,15.1022,0.6412
im_0204_s85_a06,11.7391,0.5988
im_0204_s90_a04,12.4780,0.5736
im_0204_s90_a05,15.5561,0.6443
im_0204_s90_a06,17.0399,0.6675
im_0204_s95_a04,18.0810,0.7529
im_0204_s95_a05,15.3591,0.6050
im_0204_s95_a06,14.0709,0.6547
im_0205_s100_a04,8.8223,0.4662
im_0205_s100_a05,14.7296,0.5402
im_0205_s100_a06,11.5298,0.4848
im_0205_s80_a04,15.9929,0.6320
im_0205_s80_a05,16.5723,0.5329
im_0205_s80_a06,12.5781,0.4934
im_0205_s85_a04,15.8617,0.5526
im_0205_s85_a05,14.8752,0.5200
im_0205_s85_a06,15.9783,0.6089
im_0205_s90_a04,15.8012,0.5504
im_0205_s90_a05,15.9428,0.5261
im_0205_s90_a06,14.8559,0.5434
im_0205_s95_a04,13.4053,0.5478
im_0205_s95_a05,11.7100,0.5280
im_0205_s95_a06,8.2747,0.4421
im_0206_s100_a04,9.5200,0.4772
im_0206_s100_a05,11.0770,0.4514
im_0206_s100_a06,10.2881,0.4975
im_0206_s80_a04,13.8221,0.6026
im_0206_s80_a05,14.7051,0.5686
im_0206_s80_a06,15.3765,0.5991
im_0206_s85_a04,9.9322,0.4717
im_0206_s85_a05,14.8963,0.5677
im_0206_s85_a06,9.3384,0.5281
im_0206_s90_a04,16.1477,0.5649
im_0206_s90_a05,15.2226,0.5695
im_0206_s90_a06,14.4026,0.5767
im_0206_s95_a04,11.4544,0.5130
im_0206_s95_a05,16.2202,0.6722
im_0206_s95_a06,17.3182,0.6861
im_0207_s100_a04,15.1533,0.5858
im_0207_s100_a05,16.7065,0.6106
im_0207_s100_a06,17.5976,0.6249
im_0207_s80_a04,16.5908,0.5677
im_0207_s80_a05,14.7495,0.6029
im_0207_s80_a06,16.6442,0.6678
im_0207_s85_a04,15.3579,0.6957
im_0207_s85_a05,17.5485,0.5667
im_0207_s85_a06,15.3805,0.6643
im_0207_s90_a04,14.3404,0.5569
im_0207_s90_a05,16.1879,0.5278
im_0207_s90_a06,15.8740,0.4453
im_0207_s95_a04,10.5468,0.6262
im_0207_s95_a05,15.4870,0.6376
im_0207_s95_a06,13.2706,0.6340
im_0208_s100_a04,11.3209,0.4923
im_0208_s100_a05,16.5249,0.5293
im_0208_s100_a06,16.8056,0.6556
im_0208_s80_a04,15.5531,0.4407
im_0208_s80_a05,14.1038,0.5626
im_0208_s80_a06,17.7494,0.6264
im_0208_s85_a04,17.0630,0.6047
im_0208_s85_a05,9.2678,0.4120
im_0208_s85_a06,8.5798,0.4137
im_0208_s90_a04,8.9285,0.4052
im_0208_s90_a05,18.3473,0.5733
im_0208_s90_a06,12.9368,0.5155
im_0208_s95_a04,9.6783,0.5331
im_0208_s95_a05,7.9842,0.4397
im_0208_s95_a06,7.5241,0.4055
im_0209_s100_a04,12.8232,0.5189
im_0209_s100_a05,13.2542,0.5678
im_0209_s100_a06,13.7134,0.5327
im_0209_s80_a04,16.7849,0.5880
im_0209_s80_a05,15.1695,0.5875
im_0209_s80_a06,13.2843,0.4923
im_0209_s85_a04,14.7903,0.5733
im_0209_s85_a05,10.9812,0.5026
im_0209_s85_a06,13.1953,0.6201
im_0209_s90_a04,16.2475,0.6167
im_0209_s90_a05,15.4916,0.4938
im_0209_s90_a06,16.7873,0.6441
im_0209_s95_a04,17.2223,0.5511
im_0209_s95_a05,13.4500,0.5724
im_0209_s95_a06,14.7064,0.6151
im_0210_s100_a04,13.5893,0.5962
im_0210_s100_a05,12.3977,0.5445
im_0210_s100_a06,13.4677,0.6209
im_0210_s80_a04,10.9723,0.5485
im_0210_s80_a05,11.7556,0.5270
im_0210_s80_a06,13.2861,0.6241
im_0210_s85_a04,12.9873,0.6069
im_0210_s85_a05,9.7474,0.5266
im_0210_s85_a06,9.0748,0.5195
im_0210_s90_a04,13.9189,0.5691
im_0210_s90_a05,12.8873,0.4880
im_0210_s90_a06,12.2537,0.4803
im_0210_s95_a04,13.6157,0.6395
im_0210_s95_a05,13.1958,0.5455
im_0210_s95_a06,10.8860,0.5378
im_0211_s100_a04,14.1573,0.5504
im_0211_s100_a05,9.6813,0.5364
im_0211_s100_a06,15.3966,0.5845
im_0211_s80_a04,11.8571,0.5277
im_0211_s80_a05,13.8906,0.5735
im_0211_s80_a06,16.0048,0.6328
im_0211_s85_a04,9.7933,0.5238
im_0211_s85_a05,16.5342,0.5953
im_0211_s85_a06,11.1428,0.6017
im_0211_s90_a04,15.3378,0.5860
im_0211_s90_a05,15.5913,0.5667
im_0211_s90_a06,13.8440,0.5549
im_0211_s95_a04,12.7504,0.6242
im_0211_s95_a05,10.7827,0.5634
im_0211_s95_a06,14.4442,0.5786
im_0212_s100_a04,14.6560,0.5113
im_0212_s100_a05,15.4924,0.5909
im_0212_s100_a06,11.6500,0.5291
im_0212_s80_a04,17.2635,0.5503
im_0212_s80_a05,15.6663,0.5197
im_0212_s80_a06,16.3668,0.5867
im_0212_s85_a04,17.7974,0.5534
im_0212_s85_a05,9.7744,0.5118
im_0212_s85_a06,17.8880,0.6020
im_0212_s90_a04,15.8245,0.5850
im_0212_s90_a05,14.2886,0.5595
im_0212_s90_a06,14.0803,0.5442
im_0212_s95_a04,18.0595,0.5692
im_0212_s95_a05,17.2642,0.5468
im_0212_s95_a06,18.1567,0.5552
im_0213_s100_a04,22.1628,0.6557
im_0213_s100_a05,18.6464,0.6813
im_0213_s100_a06,20.7313,0.5713
im_0213_s80_a04,23.8536,0.7291
im_0213_s80_a05,19.2715,0.4963
im_0213_s80_a06,16.4888,0.5717
im_0213_s85_a04,22.8090,0.7016
im_0213_s85_a05,19.9843,0.6596
im_0213_s85_a06,22.4634,0.7160
im_0213_s90_a04,20.0968,0.6413
im_0213_s90_a05,20.5385,0.4726
im_0213_s90_a06,19.6130,0.5224
im_0213_s95_a04,21.1418,0.5490
im_0213_s95_a05,16.3732,0.5614
im_0213_s95_a06,18.9923,0.6325
im_0214_s100_a04,18.1120,0.6535
im_0214_s100_a05,19.3516,0.7045
im_0214_s100_a06,18.3786,0.6602
im_0214_s80_a04,13.9733,0.5916
im_0214_s80_a05,17.9391,0.7188
im_0214_s80_a06,18.9358,0.7186
im_0214_s85_a04,18.7902,0.7117
im_0214_s85_a05,18.0189,0.6602
im_0214_s85_a06,14.4056,0.6665
im_0214_s90_a04,17.1900,0.6480
im_0214_s90_a05,18.1849,0.6280
im_0214_s90_a06,16.1640,0.6040
im_0214_s95_a04,13.1861,0.5734
im_0214_s95_a05,18.9085,0.7480
im_0214_s95_a06,18.9952,0.6664
im_0215_s100_a04,11.0956,0.4725
im_0215_s100_a05,8.2889,0.4678
im_0215_s100_a06,10.2029,0.4828
im_0215_s80_a04,9.1401,0.5194
im_0215_s80_a05,9.7645,0.4282
im_0215_s80_a06,15.1223,0.6003
im_0215_s85_a04,8.6666,0.4579
im_0215_s85_a05,13.7365,0.4717
im_0215_s85_a06,8.5025,0.4739
im_0215_s90_a04,14.8410,0.5403
im_0215_s90_a05,14.8484,0.5844
im_0215_s90_a06,14.9605,0.5253
im_0215_s95_a04,8.7137,0.4307
im_0215_s95_a05,10.9490,0.5445
im_0215_s95_a06,14.0554,0.5777
im_0216_s100_a04,14.0105,0.5758
im_0216_s100_a05,18.2520,0.6475
im_0216_s100_a06,19.6387,0.5993
im_0216_s80_a04,12.6199,0.5653
im_0216_s80_a05,15.1321,0.5002
im_0216_s80_a06,19.9277,0.5495
im_0216_s85_a04,20.1255,0.6514
im_0216_s85_a05,19.6665,0.5604
im_0216_s85_a06,9.9507,0.5561
im_0216_s90_a04,18.0784,0.5072
im_0216_s90_a05,9.9284,0.4704
im_0216_s90_a06,9.6320,0.5490
im_0216_s95_a04,10.2786,0.6098
im_0216_s95_a05,17.9524,0.5942
im_0216_s95_a06,17.8688,0.5519
im_0217_s100_a04,14.4129,0.6981
im_0217_s100_a05,10.2762,0.5777
im_0217_s100_a06,13.1005,0.6312
im_0217_s80_a04,13.0623,0.6203
im_0217_s80_a05,9.9629,0.5322
im_0217_s80_a06,14.2283,0.5369
im_0217_s85_a04,11.5914,0.5636
im_0217_s85_a05,15.2318,0.6066
im_0217_s85_a06,13.4949,0.5619
im_0217_s90_a04,12.4996,0.6596
im_0217_s90_a05,13.1753,0.6372
im_0217_s90_a06,10.6629,0.5556
im_0217_s95_a04,14.7106,0.7059
im_0217_s95_a05,11.0161,0.6287
im_0217_s95_a06,14.5093,0.6541
im_0218_s100_a04,21.5319,0.7180
im_0218_s100_a05,21.1794,0.6333
im_0218_s100_a06,15.2931,0.5254
im_0218_s80_a04,21.6061,0.7360
im_0218_s80_a05,10.2356,0.5397
im_0218_s80_a06,16.2446,0.5997
im_0218_s85_a04,12.8061,0.4993
im_0218_s85_a05,22.1944,0.7653
im_0218_s85_a06,20.1897,0.6138
im_0218_s90_a04,20.0073,0.5787
im_0218_s90_a05,19.5703,0.5806
im_0218_s90_a06,18.6419,0.5439
im_0218_s95_a04,9.7434,0.5434
im_0218_s95_a05,13.5661,0.6116
im_0218_s95_a06,10.9876,0.6067
im_0219_s100_a04,15.5484,0.4952
im_0219_s100_a05,9.5493,0.4857
im_0219_s100_a06,15.2987,0.5712
im_0219_s80_a04,15.6340,0.4613
im_0219_s80_a05,9.6402,0.5027
im_0219_s80_a06,9.4010,0.4984
im_0219_s85_a04,9.1103,0.4784
im_0219_s85_a05,14.4541,0.5424
im_0219_s85_a06,15.8938,0.5480
im_0219_s90_a04,8.6792,0.4985
im_0219_s90_a05,16.1391,0.5049
im_0219_s90_a06,15.5324,0.5115
im_0219_s95_a04,15.7474,0.5289
im_0219_s95_a05,16.7003,0.5492
im_0219_s95_a06,16.0094,0.6284
im_0220_s100_a04,18.4669,0.6958
im_0220_s100_a05,18.2467,0.7191
im_0220_s100_a06,10.1531,0.4783
im_0220_s80_a04,9.7525,0.5375
im_0220_s80_a05,17.7771,0.6602
im_0220_s80_a06,18.9323,0.5980
im_0220_s85_a04,18.2086,0.6150
im_0220_s85_a05,18.6881,0.7130
im_0220_s85_a06,11.9942,0.6438
im_0220_s90_a04,14.1783,0.5585
im_0220_s90_a05,19.2639,0.5945
im_0220_s90_a06,12.0200,0.5769
im_0220_s95_a04,15.1508,0.6301
im_0220_s95_a05,10.4652,0.5698
im_0220_s95_a06,9.5692,0.5442
im_0221_s100_a04,16.8788,0.5585
im_0221_s100_a05,16.6385,0.5482
im_0221_s100_a06,18.4777,0.6015
im_0221_s80_a04,15.1413,0.5225
im_0221_s80_a05,14.3976,0.4950
im_0221_s80_a06,17.2978,0.5015
im_0221_s85_a04,13.3378,0.5121
im_0221_s85_a05,15.0364,0.5153
im_0221_s85_a06,8.5883,0.4033
im_0221_s90_a04,14.0332,0.4956
im_0221_s90_a05,13.7051,0.5029
im_0221_s90_a06,12.7660,0.5065
im_0221_s95_a04,11.6452,0.4396
im_0221_s95_a05,13.4084,0.4814
im_0221_s95_a06,14.8460,0.5791
im_0222_s100_a04,13.0074,0.4455
im_0222_s100_a05,16.9495,0.5532
im_0222_s100_a06,9.2177,0.4281
im_0222_s80_a04,12.2499,0.4686
im_0222_s80_a05,8.2444,0.4171
im_0222_s80_a06,10.7524,0.4146
im_0222_s85_a04,15.1594,0.5203
im_0222_s85_a05,18.8591,0.6544
im_0222_s85_a06,18.4320,0.6421
im_0222_s90_a04,12.9493,0.4235
im_0222_s90_a05,11.9342,0.5318
im_0222_s90_a06,13.4006,0.4307
im_0222_s95_a04,14.7184,0.4896
im_0222_s95_a05,13.8957,0.4762
im_0222_s95_a06,16.8304,0.5744
im_0223_s100_a04,15.1621,0.6423
im_0223_s100_a05,17.2325,0.7453
im_0223_s100_a06,15.4738,0.7491
im_0223_s80_a04,17.6848,0.6879
im_0223_s80_a05,18.6192,0.7720
im_0223_s80_a06,17.0905,0.7349
im_0223_s85_a04,15.7944,0.6818
im_0223_s85_a05,15.7396,0.6665
im_0223_s85_a06,16.4730,0.6688
im_0223_s90_a04,16.6621,0.6724
im_0223_s90_a05,14.7391,0.7663
im_0223_s90_a06,14.7138,0.6303
im_0223_s95_a04,14.7447,0.6504
im_0223_s95_a05,12.7773,0.5896
im_0223_s95_a06,15.5192,0.7346
im_0224_s100_a04,17.4566,0.5408
im_0224_s100_a05,18.4299,0.6015
im_0224_s100_a06,9.4511,0.4373
im_0224_s80_a04,9.2633,0.4898
im_0224_s80_a05,16.8653,0.4729
im_0224_s80_a06,14.5384,0.5030
im_0224_s85_a04,11.2702,0.4539
im_0224_s85_a05,10.2458,0.4418
im_0224_s85_a06,7.0431,0.4385
im_0224_s90_a04,13.4733,0.3681
im_0224_s90_a05,7.1203,0.4031
im_0224_s90_a06,17.8743,0.4634
im_0224_s95_a04,9.0491,0.5213
im_0224_s95_a05,7.1150,0.4708
im_0224_s95_a06,18.3272,0.5269
im_0225_s100_a04,12.5442,0.4635
im_0225_s100_a05,19.3262,0.6195
im_0225_s100_a06,17.1830,0.4806
im_0225_s80_a04,16.8287,0.5428
im_0225_s80_a05,11.1320,0.4861
im_0225_s80_a06,17.2233,0.4671
im_0225_s85_a04,9.3966,0.4891
im_0225_s85_a05,17.7266,0.5503
im_0225_s85_a06,17.2149,0.5022
im_0225_s90_a04,15.5025,0.5277
im_0225_s90_a05,10.0161,0.4590
im_0225_s90_a06,10.5990,0.4283
im_0225_s95_a04,16.8596,0.4630
im_0225_s95_a05,16.5335,0.4787
im_0225_s95_a06,18.5469,0.5189
im_0226_s100_a04,17.5200,0.5691
im_0226_s100_a05,16.2472,0.5263
im_0226_s100_a06,16.3221,0.4936
im_0226_s80_a04,16.9956,0.5543
im_0226_s80_a05,16.0517,0.5072
im_0226_s80_a06,17.4618,0.5866
im_0226_s85_a04,10.3601,0.4505
im_0226_s85_a05,15.6116,0.6287
im_0226_s85_a06,15.6026,0.5642
im_0226_s90_a04,15.9544,0.5421
im_0226_s90_a05,16.5555,0.5976
im_0226_s90_a06,14.0956,0.5632
im_0226_s95_a04,14.0991,0.5139
im_0226_s95_a05,16.9629,0.5522
im_0226_s95_a06,17.0312,0.5591
im_0227_s100_a04,12.2861,0.4123
im_0227_s100_a05,14.9937,0.5449
im_0227_s100_a06,14.3774,0.4972
im_0227_s80_a04,14.9793,0.5054
im_0227_s80_a05,15.8092,0.5733
im_0227_s80_a06,14.6186,0.4640
im_0227_s85_a04,15.7048,0.5542
im_0227_s85_a05,15.8720,0.5374
im_0227_s85_a06,16.2585,0.5572
im_0227_s90_a04,15.5016,0.5802
im_0227_s90_a05,15.3098,0.4830
im_0227_s90_a06,14.6512,0.4697
im_0227_s95_a04,16.1057,0.5689
im_0227_s95_a05,14.1679,0.5671
im_0227_s95_a06,16.0111,0.6128
im_0228_s100_a04,16.9424,0.6059
im_0228_s100_a05,13.5391,0.6383
im_0228_s100_a06,16.5260,0.4861
im_0228_s80_a04,16.6187,0.4214
im_0228_s80_a05,18.7829,0.5685
im_0228_s80_a06,17.4927,0.5364
im_0228_s85_a04,11.2361,0.5114
im_0228_s85_a05,16.5821,0.4974
im_0228_s85_a06,12.3845,0.5082
im_0228_s90_a04,16.0697,0.5201
im_0228_s90_a05,17.5172,0.4056
im_0228_s90_a06,12.7725,0.4632
im_0228_s95_a04,11.8026,0.4942
im_0228_s95_a05,11.0823,0.4789
im_0228_s95_a06,11.1423,0.5170
im_0229_s100_a04,17.1270,0.5770
im_0229_s100_a05,11.7945,0.4940
im_0229_s100_a06,14.4638,0.5007
im_0229_s80_a04,17.6635,0.6041
im_0229_s80_a05,16.1523,0.5404
im_0229_s80_a06,19.7931,0.6900
im_0229_s85_a04,17.9147,0.6470
im_0229_s85_a05,14.8313,0.5696
im_0229_s85_a06,18.6366,0.6159
im_0229_s90_a04,16.2788,0.6038
im_0229_s90_a05,11.8243,0.5053
im_0229_s90_a06,18.3265,0.6578
im_0229_s95_a04,17.9358,0.6345
im_0229_s95_a05,19.5191,0.6574
im_0229_s95_a06,17.3482,0.6382
im_0230_s100_a04,9.6078,0.4014
im_0230_s100_a05,8.6079,0.3970
im_0230_s100_a06,9.6992,0.4388
im_0230_s80_a04,8.0332,0.3869
im_0230_s80_a05,16.5888,0.6044
im_0230_s80_a06,16.5519,0.6429
im_0230_s85_a04,16.2794,0.5171
im_0230_s85_a05,14.6711,0.4978
im_0230_s85_a06,16.0609,0.5363
im_0230_s90_a04,15.1711,0.4694
im_0230_s90_a05,10.3639,0.3716
im_0230_s90_a06,10.6327,0.4214
im_0230_s95_a04,12.3959,0.4435
im_0230_s95_a05,10.8433,0.4703
im_0230_s95_a06,13.8118,0.4720
im_0231_s100_a04,13.2605,0.5116
im_0231_s100_a05,15.7481,0.6026
im_0231_s100_a06,11.0354,0.4625
im_0231_s80_a04,13.4316,0.5324
im_0231_s80_a05,9.9902,0.4964
im_0231_s80_a06,13.1704,0.5735
im_0231_s85_a04,18.7891,0.5907
im_0231_s85_a05,18.3352,0.5449
im_0231_s85_a06,19.1510,0.5853
im_0231_s90_a04,9.6032,0.5108
im_0231_s90_a05,14.8193,0.5895
im_0231_s90_a06,11.2563,0.5337
im_0231_s95_a04,10.5448,0.5313
im_0231_s95_a05,18.9573,0.6494
im_0231_s95_a06,12.4406,0.5209
im_0232_s100_a04,15.3150,0.5834
im_0232_s100_a05,13.8800,0.6169
im_0232_s100_a06,12.4644,0.5898
im_0232_s80_a04,14.0352,0.5894
im_0232_s80_a05,9.2605,0.4456
im_0232_s80_a06,12.3821,0.5317
im_0232_s85_a04,11.8540,0.5313
im_0232_s85_a05,12.3588,0.5436
im_0232_s85_a06,14.8124,0.5187
im_0232_s90_a04,14.3484,0.5288
im_0232_s90_a05,15.9097,0.5662
im_0232_s90_a06,10.7671,0.4312
im_0232_s95_a04,13.8221,0.5936
im_0232_s95_a05,10.8800,0.5320
im_0232_s95_a06,15.5405,0.5960
im_0233_s100_a04,17.5275,0.4486
im_0233_s100_a05,15.1904,0.4933
im_0233_s100_a06,18.7396,0.5160
im_0233_s80_a04,17.1917,0.5297
im_0233_s80_a05,19.0920,0.4552
im_0233_s80_a06,18.9838,0.5794
im_0233_s85_a04,19.0493,0.6064
im_0233_s85_a05,10.6873,0.5765
im_0233_s85_a06,10.6481,0.5510
im_0233_s90_a04,13.2951,0.4927
im_0233_s90_a05,19.4473,0.5264
im_0233_s90_a06,17.0812,0.4574
im_0233_s95_a04,12.1257,0.4661
im_0233_s95_a05,10.2529,0.4248
im_0233_s95_a06,13.2437,0.4202
im_0234_s100_a04,10.1594,0.5188
im_0234_s100_a05,11.1166,0.5445
im_0234_s100_a06,11.7486,0.5148
im_0234_s80_a04,9.7334,0.4679
im_0234_s80_a05,9.5566,0.4932
im_0234_s80_a06,6.9641,0.4771
im_0234_s85_a04,13.0660,0.5544
im_0234_s85_a05,9.7291,0.5975
im_0234_s85_a06,7.3471,0.4740
im_0234_s90_a04,7.5573,0.4503
im_0234_s90_a05,7.6640,0.4762
im_0234_s90_a06,6.4197,0.4533
im_0234_s95_a04,10.5511,0.5574
im_0234_s95_a05,10.3725,0.4925
im_0234_s95_a06,10.8146,0.5294
im_0235_s100_a04,11.0339,0.5966
im_0235_s100_a05,10.2557,0.5359
im_0235_s100_a06,10.6776,0.6256
im_0235_s80_a04,9.5823,0.5609
im_0235_s80_a05,8.8538,0.5663
im_0235_s80_a06,9.3956,0.5392
im_0235_s85_a04,11.7654,0.6171
im_0235_s85_a05,10.7010,0.5439
im_0235_s85_a06,7.1141,0.4956
im_0235_s90_a04,11.7452,0.6017
im_0235_s90_a05,10.6968,0.5910
im_0235_s90_a06,11.6454,0.5955
im_0235_s95_a04,9.2542,0.5426
im_0235_s95_a05,10.1832,0.6282
im_0235_s95_a06,9.5878,0.5239
im_0236_s100_a04,18.5963,0.5949
im_0236_s100_a05,14.7533,0.6352
im_0236_s100_a06,10.9258,0.5507
im_0236_s80_a04,10.5933,0.4925
im_0236_s80_a05,17.5178,0.5569
im_0236_s80_a06,18.4652,0.6658
im_0236_s85_a04,12.2373,0.5027
im_0236_s85_a05,18.8834,0.5663
im_0236_s85_a06,17.4958,0.5263
im_0236_s90_a04,19.3132,0.6814
im_0236_s90_a05,19.1924,0.5574
im_0236_s90_a06,18.7907,0.5382
im_0236_s95_a04,12.2858,0.5066
im_0236_s95_a05,18.6787,0.6374
im_0236_s95_a06,17.2851,0.6454
im_0237_s100_a04,13.0947,0.6131
im_0237_s100_a05,10.1327,0.5470
im_0237_s100_a06,14.3949,0.6678
im_0237_s80_a04,11.6355,0.6640
im_0237_s80_a05,13.3883,0.5905
im_0237_s80_a06,13.1176,0.6338
im_0237_s85_a04,10.6344,0.5831
im_0237_s85_a05,10.7741,0.6488
im_0237_s85_a06,10.8084,0.5675
im_0237_s90_a04,13.6720,0.6771
im_0237_s90_a05,10.5537,0.6312
im_0237_s90_a06,9.8314,0.5408
im_0237_s95_a04,13.5399,0.7047
im_0237_s95_a05,11.6174,0.6060
im_0237_s95_a06,10.9544,0.6176
im_0238_s100_a04,11.5268,0.4565
im_0238_s100_a05,7.3996,0.3379
im_0238_s100_a06,9.7064,0.3618
im_0238_s80_a04,13.3446,0.6263
im_0238_s80_a05,12.5073,0.4898
im_0238_s80_a06,9.3238,0.3679
im_0238_s85_a04,6.7774,0.3402
im_0238_s85_a05,7.1599,0.3624
im_0238_s85_a06,12.0016,0.4413
im_0238_s90_a04,9.8394,0.4172
im_0238_s90_a05,12.5191,0.4419
im_0238_s90_a06,7.5733,0.3710
im_0238_s95_a04,10.0808,0.4109
im_0238_s95_a05,6.0555,0.3553
im_0238_s95_a06,13.5019,0.6206
im_0239_s100_a04,11.0839,0.6187
im_0239_s100_a05,14.2958,0.6612
im_0239_s100_a06,10.9381,0.6090
im_0239_s80_a04,10.6204,0.6165
im_0239_s80_a05,9.1169,0.5789
im_0239_s80_a06,11.1583,0.6168
im_0239_s85_a04,9.6305,0.5711
im_0239_s85_a05,10.8498,0.6097
im_0239_s85_a06,10.8947,0.6399
im_0239_s90_a04,13.5240,0.6534
im_0239_s90_a05,15.3977,0.6395
im_0239_s90_a06,13.1560,0.6313
im_0239_s95_a04,12.1020,0.6736
im_0239_s95_a05,10.4091,0.6152
im_0239_s95_a06,8.5954,0.5606
im_0240_s100_a04,16.0764,0.6666
im_0240_s100_a05,15.7458,0.5384
im_0240_s100_a06,17.1771,0.5834
im_0240_s80_a04,17.1533,0.6363
im_0240_s80_a05,8.5561,0.4691
im_0240_s80_a06,16.4187,0.6692
im_0240_s85_a04,16.0349,0.6258
im_0240_s85_a05,8.5729,0.4704
im_0240_s85_a06,17.1883,0.6830
im_0240_s90_a04,12.9947,0.6000
im_0240_s90_a05,15.9414,0.6465
im_0240_s90_a06,15.1219,0.6491
im_0240_s95_a04,15.8845,0.6808
im_0240_s95_a05,12.6191,0.6011
im_0240_s95_a06,8.9872,0.4924
im_0241_s100_a04,18.2421,0.6979
im_0241_s100_a05,19.3339,0.6718
im_0241_s100_a06,18.1794,0.6611
im_0241_s80_a04,14.4391,0.5917
im_0241_s80_a05,17.8652,0.6547
im_0241_s80_a06,19.3174,0.6506
im_0241_s85_a04,19.7369,0.7229
im_0241_s85_a05,14.9050,0.6020
im_0241_s85_a06,18.8101,0.6957
im_0241_s90_a04,13.0745,0.5935
im_0241_s90_a05,15.7513,0.7100
im_0241_s90_a06,19.1955,0.6330
im_0241_s95_a04,19.4250,0.7232
im_0241_s95_a05,17.6605,0.6938
im_0241_s95_a06,18.8562,0.7070
im_0242_s100_a04,12.2381,0.5136
im_0242_s100_a05,16.5283,0.6017
im_0242_s100_a06,17.1871,0.7313
im_0242_s80_a04,16.1592,0.6060
im_0242_s80_a05,15.8315,0.5446
im_0242_s80_a06,15.9635,0.6449
im_0242_s85_a04,16.3049,0.6686
im_0242_s85_a05,13.1852,0.5758
im_0242_s85_a06,12.2863,0.6080
im_0242_s90_a04,16.3847,0.5388
im_0242_s90_a05,12.7266,0.6204
im_0242_s90_a06,14.3784,0.6613
im_0242_s95_a04,14.4336,0.4959
im_0242_s95_a05,14.2646,0.5353
im_0242_s95_a06,13.4518,0.6307
im_0243_s100_a04,19.0928,0.8049
im_0243_s100_a05,15.4440,0.6171
im_0243_s100_a06,17.3190,0.7148
im_0243_s80_a04,15.8430,0.6382
im_0243_s80_a05,16.7130,0.5945
im_0243_s80_a06,11.8728,0.4932
im_0243_s85_a04,16.9124,0.6567
im_0243_s85_a05,13.9165,0.5797
im_0243_s85_a06,17.4563,0.6533
im_0243_s90_a04,15.2997,0.6096
im_0243_s90_a05,14.8145,0.6033
im_0243_s90_a06,16.5346,0.5961
im_0243_s95_a04,18.0772,0.6996
im_0243_s95_a05,17.7761,0.6634
im_0243_s95_a06,16.4033,0.6726
im_0244_s100_a04,11.6756,0.4777
im_0244_s100_a05,16.3743,0.6656
im_0244_s100_a06,9.1067,0.4617
im_0244_s80_a04,15.4771,0.6080
im_0244_s80_a05,16.6953,0.5669
im_0244_s80_a06,13.3039,0.4783
im_0244_s85_a04,15.9601,0.6663
im_0244_s85_a05,16.5962,0.6673
im_0244_s85_a06,11.6914,0.6274
im_0244_s90_a04,12.0679,0.5131
im_0244_s90_a05,15.8119,0.6370
im_0244_s90_a06,10.9694,0.5432
im_0244_s95_a04,16.1960,0.5943
im_0244_s95_a05,16.4056,0.5739
im_0244_s95_a06,16.4271,0.6501
im_0245_s100_a04,11.0816,0.4438
im_0245_s100_a05,11.4941,0.4584
im_0245_s100_a06,7.1752,0.4067
im_0245_s80_a04,6.2827,0.2994
im_0245_s80_a05,13.4032,0.4868
im_0245_s80_a06,11.1464,0.4445
im_0245_s85_a04,8.6964,0.3998
im_0245_s85_a05,7.7110,0.3948
im_0245_s85_a06,6.7895,0.3746
im_0245_s90_a04,12.8668,0.4479
im_0245_s90_a05,14.6947,0.5750
im_0245_s90_a06,10.4827,0.4418
im_0245_s95_a04,12.0489,0.4778
im_0245_s95_a05,7.7107,0.3972
im_0245_s95_a06,14.1214,0.5217
im_0246_s100_a04,12.6551,0.5619
im_0246_s100_a05,15.5732,0.5674
im_0246_s100_a06,15.2779,0.6137
im_0246_s80_a04,17.0544,0.6620
im_0246_s80_a05,12.1800,0.6472
im_0246_s80_a06,14.7952,0.6301
im_0246_s85_a04,15.4041,0.6864
im_0246_s85_a05,15.0365,0.6897
im_0246_s85_a06,11.4144,0.6109
im_0246_s90_a04,15.5167,0.5975
im_0246_s90_a05,16.3749,0.7116
im_0246_s90_a06,14.7812,0.6097
im_0246_s95_a04,16.4530,0.7055
im_0246_s95_a05,14.8717,0.6387
im_0246_s95_a06,13.0604,0.6276
im_0247_s100_a04,8.1747,0.3443
im_0247_s100_a05,9.3501,0.4864
im_0247_s100_a06,8.7714,0.4068
im_0247_s80_a04,11.7122,0.4537
im_0247_s80_a05,12.9854,0.5439
im_0247_s80_a06,11.8010,0.4817
im_0247_s85_a04,10.7211,0.4963
im_0247_s85_a05,17.9990,0.5226
im_0247_s85_a06,13.5779,0.5405
im_0247_s90_a04,19.1418,0.5328
im_0247_s90_a05,9.9095,0.4906
im_0247_s90_a06,18.8374,0.5978
im_0247_s95_a04,15.9595,0.6501
im_0247_s95_a05,8.4603,0.4229
im_0247_s95_a06,16.5525,0.5729
im_0248_s100_a04,14.7154,0.6441
im_0248_s100_a05,10.9670,0.5977
im_0248_s100_a06,9.3868,0.4738
im_0248_s80_a04,14.9048,0.5592
im_0248_s80_a05,8.7778,0.5130
im_0248_s80_a06,15.4924,0.6077
im_0248_s85_a04,13.2453,0.5790
im_0248_s85_a05,7.6185,0.4894
im_0248_s85_a06,8.2478,0.4870
im_0248_s90_a04,14.5613,0.5804
im_0248_s90_a05,14.3941,0.5848
im_0248_s90_a06,9.9721,0.5439
im_0248_s95_a04,8.1773,0.4472
im_0248_s95_a05,17.4055,0.5868
im_0248_s95_a06,14.4642,0.6064
im_0249_s100_a04,16.7365,0.5365
im_0249_s100_a05,9.6096,0.2479
im_0249_s100_a06,4.7098,0.1999
im_0249_s80_a04,12.8302,0.3609
im_0249_s80_a05,4.4373,0.2318
im_0249_s80_a06,5.0411,0.2098
im_0249_s85_a04,9.6929,0.2603
im_0249_s85_a05,18.3388,0.5619
im_0249_s85_a06,4.7366,0.1903
im_0249_s90_a04,11.1460,0.2681
im_0249_s90_a05,11.5399,0.2407
im_0249_s90_a06,5.6240,0.2300
im_0249_s95_a04,4.9924,0.2374
im_0249_s95_a05,12.6186,0.3780
im_0249_s95_a06,11.8042,0.2920
im_0250_s100_a04,17.9072,0.5292
im_0250_s100_a05,10.7896,0.4991
im_0250_s100_a06,15.7663,0.6740
im_0250_s80_a04,19.5123,0.6383
im_0250_s80_a05,15.1863,0.6017
im_0250_s80_a06,12.2531,0.5050
im_0250_s85_a04,10.3661,0.5451
im_0250_s85_a05,11.7175,0.5646
im_0250_s85_a06,19.8377,0.5486
im_0250_s90_a04,20.4885,0.6395
im_0250_s90_a05,15.4320,0.6279
im_0250_s90_a06,16.9357,0.6438
im_0250_s95_a04,20.1318,0.6709
im_0250_s95_a05,17.7728,0.6109
im_0250_s95_a06,20.8667,0.6549
im_0251_s100_a04,11.2294,0.5922
im_0251_s100_a05,16.7981,0.6897
im_0251_s100_a06,12.2353,0.5914
im_0251_s80_a04,11.4324,0.6229
im_0251_s80_a05,19.7047,0.7703
im_0251_s80_a06,17.4387,0.7384
im_0251_s85_a04,17.0149,0.7093
im_0251_s85_a05,19.7697,0.6518
im_0251_s85_a06,19.4341,0.6433
im_0251_s90_a04,14.8281,0.7123
im_0251_s90_a05,19.2831,0.7496
im_0251_s90_a06,11.7088,0.6184
im_0251_s95_a04,19.2109,0.6358
im_0251_s95_a05,17.9644,0.6783
im_0251_s95_a06,13.2176,0.7147
im_0252_s100_a04,9.9077,0.6200
im_0252_s100_a05,10.8913,0.5714
im_0252_s100_a06,9.0712,0.5655
im_0252_s80_a04,13.5033,0.5982
im_0252_s80_a05,13.0235,0.6494
im_0252_s80_a06,10.2949,0.6265
im_0252_s85_a04,8.7377,0.5579
im_0252_s85_a05,12.6966,0.6108
im_0252_s85_a06,12.5917,0.6532
im_0252_s90_a04,10.1237,0.5673
im_0252_s90_a05,11.8700,0.5152
im_0252_s90_a06,12.7467,0.5989
im_0252_s95_a04,12.9204,0.6319
im_0252_s95_a05,13.3136,0.6059
im_0252_s95_a06,13.4551,0.6541
im_0253_s100_a04,18.9868,0.5889
im_0253_s100_a05,19.8008,0.6387
im_0253_s100_a06,19.6127,0.7228
im_0253_s80_a04,9.8729,0.5208
im_0253_s80_a05,19.9234,0.7269
im_0253_s80_a06,14.6844,0.5815
im_0253_s85_a04,19.7819,0.7116
im_0253_s85_a05,9.0572,0.5403
im_0253_s85_a06,15.0331,0.6002
im_0253_s90_a04,18.8637,0.6229
im_0253_s90_a05,9.0011,0.4832
im_0253_s90_a06,11.4560,0.4557
im_0253_s95_a04,20.1237,0.7347
im_0253_s95_a05,9.4363,0.5431
im_0253_s95_a06,14.8894,0.6942
im_0254_s100_a04,15.7707,0.5968
im_0254_s100_a05,9.7729,0.4539
im_0254_s100_a06,9.7737,0.3832
im_0254_s80_a04,16.1106,0.5869
im_0254_s80_a05,12.7805,0.3890
im_0254_s80_a06,9.0330,0.3878
im_0254_s85_a04,11.9357,0.4222
im_0254_s85_a05,15.3177,0.5466
im_0254_s85_a06,16.2775,0.5634
im_0254_s90_a04,17.4126,0.6438
im_0254_s90_a05,8.4096,0.3634
im_0254_s90_a06,8.6347,0.4192
im_0254_s95_a04,15.3360,0.5226
im_0254_s95_a05,12.3096,0.4588
im_0254_s95_a06,8.9367,0.3884
im_0255_s100_a04,14.4386,0.6090
im_0255_s100_a05,13.7808,0.5349
im_0255_s100_a06,13.7322,0.6150
im_0255_s80_a04,14.9029,0.5055
im_0255_s80_a05,12.6870,0.4877
im_0255_s80_a06,10.5876,0.5207
im_0255_s85_a04,8.9099,0.4435
im_0255_s85_a05,11.8806,0.4178
im_0255_s85_a06,16.5360,0.5922
im_0255_s90_a04,10.2854,0.4423
im_0255_s90_a05,14.3405,0.4978
im_0255_s90_a06,9.3512,0.3896
im_0255_s95_a04,15.4539,0.6299
im_0255_s95_a05,16.9944,0.5708
im_0255_s95_a06,12.1975,0.4634
im_0256_s100_a04,12.7746,0.5264
im_0256_s100_a05,12.3141,0.5190
im_0256_s100_a06,10.1441,0.4945
im_0256_s80_a04,10.8318,0.4321
im_0256_s80_a05,13.1131,0.5715
im_0256_s80_a06,17.0130,0.5374
im_0256_s85_a04,16.6554,0.6314
im_0256_s85_a05,17.2214,0.6544
im_0256_s85_a06,17.1098,0.6430
im_0256_s90_a04,17.1081,0.6010
im_0256_s90_a05,17.3454,0.6072
im_0256_s90_a06,14.8976,0.5689
im_0256_s95_a04,10.3159,0.5018
im_0256_s95_a05,17.3714,0.6394
im_0256_s95_a06,16.6027,0.5514
im_0257_s100_a04,14.1695,0.5110
im_0257_s100_a05,13.8920,0.5055
im_0257_s100_a06,14.9825,0.5473
im_0257_s80_a04,14.1835,0.4868
im_0257_s80_a05,13.9212,0.5389
im_0257_s80_a06,15.1397,0.5146
im_0257_s85_a04,13.9529,0.5315
im_0257_s85_a05,15.7101,0.5790
im_0257_s85_a06,13.6619,0.5154
im_0257_s90_a04,13.3771,0.4337
im_0257_s90_a05,16.4351,0.5353
im_0257_s90_a06,14.6128,0.6385
im_0257_s95_a04,14.2504,0.5952
im_0257_s95_a05,15.0969,0.6392
im_0257_s95_a06,15.1745,0.5762
im_0258_s100_a04,14.6695,0.6535
im_0258_s100_a05,14.2429,0.6199
im_0258_s100_a06,15.7683,0.6483
im_0258_s80_a04,10.5680,0.5197
im_0258_s80_a05,12.5143,0.5647
im_0258_s80_a06,13.4146,0.5322
im_0258_s85_a04,18.3759,0.7200
im_0258_s85_a05,14.2332,0.6140
im_0258_s85_a06,13.9725,0.5538
im_0258_s90_a04,14.3232,0.6250
im_0258_s90_a05,14.2669,0.6083
im_0258_s90_a06,16.2657,0.5409
im_0258_s95_a04,12.6408,0.5354
im_0258_s95_a05,16.2258,0.5903
im_0258_s95_a06,11.6443,0.5360
im_0259_s100_a04,15.4252,0.7253
im_0259_s100_a05,16.0924,0.6768
im_0259_s100_a06,15.3312,0.6518
im_0259_s80_a04,16.5870,0.7071
im_0259_s80_a05,15.7124,0.6361
im_0259_s80_a06,16.7913,0.6230
im_0259_s85_a04,15.2791,0.6678
im_0259_s85_a05,16.4287,0.7008
im_0259_s85_a06,15.2208,0.7365
im_0259_s90_a04,16.9822,0.7419
im_0259_s90_a05,17.0667,0.6597
im_0259_s90_a06,14.9588,0.6570
im_0259_s95_a04,15.5133,0.6645
im_0259_s95_a05,17.3877,0.7434
im_0259_s95_a06,13.5834,0.6206
im_0260_s100_a04,10.1974,0.4398
im_0260_s100_a05,10.8965,0.4765
im_0260_s100_a06,13.7218,0.5474
im_0260_s80_a04,13.4779,0.4692
im_0260_s80_a05,8.7116,0.4262
im_0260_s80_a06,11.2757,0.4846
im_0260_s85_a04,7.2390,0.4282
im_0260_s85_a05,6.6760,0.3821
im_0260_s85_a06,9.8836,0.4742
im_0260_s90_a04,12.8812,0.5045
im_0260_s90_a05,13.3759,0.5667
im_0260_s90_a06,14.6907,0.6551
im_0260_s95_a04,15.5222,0.7130
im_0260_s95_a05,13.0771,0.4970
im_0260_s95_a06,13.4827,0.5202
im_0261_s100_a04,14.4671,0.5018
im_0261_s100_a05,11.7686,0.5481
im_0261_s100_a06,9.3403,0.5154
im_0261_s80_a04,9.5547,0.5123
im_0261_s80_a05,15.4435,0.6365
im_0261_s80_a06,14.1727,0.5998
im_0261_s85_a04,11.6059,0.5338
im_0261_s85_a05,9.1344,0.4525
im_0261_s85_a06,15.3940,0.5767
im_0261_s90_a04,13.3845,0.5907
im_0261_s90_a05,15.9829,0.5730
im_0261_s90_a06,14.4384,0.6801
im_0261_s95_a04,10.4780,0.5701
im_0261_s95_a05,15.8779,0.6229
im_0261_s95_a06,13.1062,0.5198
im_0262_s100_a04,8.6190,0.4768
im_0262_s100_a05,9.0555,0.4388
im_0262_s100_a06,10.8602,0.4904
im_0262_s80_a04,11.5959,0.4941
im_0262_s80_a05,12.3998,0.5579
im_0262_s80_a06,11.1309,0.5058
im_0262_s85_a04,9.4063,0.6458
im_0262_s85_a05,8.3159,0.4647
im_0262_s85_a06,9.3445,0.5049
im_0262_s90_a04,10.7497,0.4719
im_0262_s90_a05,11.4042,0.5721
im_0262_s90_a06,11.6670,0.5733
im_0262_s95_a04,10.5231,0.5212
im_0262_s95_a05,11.4596,0.5512
im_0262_s95_a06,8.4550,0.4765
im_0263_s100_a04,8.4575,0.3737
im_0263_s100_a05,7.1327,0.3337
im_0263_s100_a06,11.3266,0.3652
im_0263_s80_a04,15.2927,0.4442
im_0263_s80_a05,10.6683,0.3679
im_0263_s80_a06,15.1411,0.4361
im_0263_s85_a04,8.6940,0.3359
im_0263_s85_a05,11.3470,0.3538
im_0263_s85_a06,14.6564,0.4325
im_0263_s90_a04,16.4848,0.4244
im_0263_s90_a05,14.7325,0.4087
im_0263_s90_a06,10.1674,0.3444
im_0263_s95_a04,10.2794,0.3669
im_0263_s95_a05,8.1056,0.3687
im_0263_s95_a06,9.6565,0.3914
im_0264_s100_a04,17.0736,0.6064
im_0264_s100_a05,16.9126,0.6425
im_0264_s100_a06,17.4724,0.6356
im_0264_s80_a04,15.7716,0.5035
im_0264_s80_a05,15.1090,0.5690
im_0264_s80_a06,15.9015,0.6298
im_0264_s85_a04,11.5029,0.5499
im_0264_s85_a05,11.2811,0.5043
im_0264_s85_a06,16.3753,0.6629
im_0264_s90_a04,15.5990,0.6313
im_0264_s90_a05,11.5435,0.4865
im_0264_s90_a06,10.6574,0.5610
im_0264_s95_a04,15.6697,0.6907
im_0264_s95_a05,11.0606,0.5387
im_0264_s95_a06,11.2381,0.5827
im_0265_s100_a04,15.7261,0.6632
im_0265_s100_a05,16.1113,0.6571
im_0265_s100_a06,19.4217,0.7491
im_0265_s80_a04,15.5957,0.5706
im_0265_s80_a05,15.9848,0.6232
im_0265_s80_a06,18.1425,0.6331
im_0265_s85_a04,15.6325,0.5924
im_0265_s85_a05,17.7782,0.6015
im_0265_s85_a06,18.5089,0.6542
im_0265_s90_a04,17.3751,0.6651
im_0265_s90_a05,17.9212,0.6807
im_0265_s90_a06,17.1739,0.6865
im_0265_s95_a04,14.5072,0.6751
im_0265_s95_a05,11.2096,0.4917
im_0265_s95_a06,18.2137,0.6495
im_0266_s100_a04,14.3587,0.5546
im_0266_s100_a05,13.5366,0.4542
im_0266_s100_a06,10.3338,0.5171
im_0266_s80_a04,9.6256,0.4673
im_0266_s80_a05,12.0824,0.4525
im_0266_s80_a06,6.9481,0.4267
im_0266_s85_a04,14.3957,0.5530
im_0266_s85_a05,9.5980,0.5060
im_0266_s85_a06,12.9235,0.5224
im_0266_s90_a04,14.1731,0.5645
im_0266_s90_a05,12.9794,0.5118
im_0266_s90_a06,12.8848,0.4409
im_0266_s95_a04,12.6278,0.5424
im_0266_s95_a05,12.5568,0.5245
im_0266_s95_a06,13.0161,0.5180
im_0267_s100_a04,13.8292,0.5897
im_0267_s100_a05,13.1800,0.6675
im_0267_s100_a06,11.9525,0.5947
im_0267_s80_a04,12.0979,0.5757
im_0267_s80_a05,13.2181,0.5347
im_0267_s80_a06,13.5834,0.5332
im_0267_s85_a04,11.0861,0.5595
im_0267_s85_a05,13.9430,0.5842
im_0267_s85_a06,13.3324,0.5996
im_0267_s90_a04,12.7133,0.6104
im_0267_s90_a05,12.1575,0.5688
im_0267_s90_a06,11.3379,0.6041
im_0267_s95_a04,13.7705,0.5602
im_0267_s95_a05,13.4675,0.6960
im_0267_s95_a06,10.0719,0.4955
im_0268_s100_a04,11.9011,0.5072
im_0268_s100_a05,16.9723,0.6415
im_0268_s100_a06,20.7460,0.6674
im_0268_s80_a04,14.0227,0.4591
im_0268_s80_a05,20.7056,0.6295
im_0268_s80_a06,20.0661,0.6456
im_0268_s85_a04,16.5926,0.5205
im_0268_s85_a05,18.0033,0.5457
im_0268_s85_a06,19.0947,0.6003
im_0268_s90_a04,19.6343,0.6367
im_0268_s90_a05,17.6054,0.4758
im_0268_s90_a06,17.3679,0.5899
im_0268_s95_a04,18.2336,0.5377
im_0268_s95_a05,12.9833,0.4975
im_0268_s95_a06,9.1550,0.4769
im_0269_s100_a04,16.1632,0.5873
im_0269_s100_a05,8.6903,0.5035
im_0269_s100_a06,9.9704,0.4544
im_0269_s80_a04,14.1018,0.5196
im_0269_s80_a05,16.3698,0.5687
im_0269_s80_a06,16.6639,0.4234
im_0269_s85_a04,12.3731,0.5668
im_0269_s85_a05,9.4171,0.4426
im_0269_s85_a06,15.4506,0.5914
im_0269_s90_a04,14.4534,0.5656
im_0269_s90_a05,16.9500,0.5346
im_0269_s90_a06,9.7122,0.5259
im_0269_s95_a04,16.5691,0.5917
im_0269_s95_a05,15.1748,0.6670
im_0269_s95_a06,17.3196,0.4624
im_0270_s100_a04,14.0165,0.5965
im_0270_s100_a05,14.1166,0.6021
im_0270_s100_a06,12.5521,0.5904
im_0270_s80_a04,13.9559,0.6146
im_0270_s80_a05,9.9489,0.5146
im_0270_s80_a06,13.3754,0.5660
im_0270_s85_a04,13.1021,0.6440
im_0270_s85_a05,14.0656,0.6718
im_0270_s85_a06,13.8854,0.6095
im_0270_s90_a04,12.7715,0.5197
im_0270_s90_a05,14.2627,0.6439
im_0270_s90_a06,12.7999,0.5018
im_0270_s95_a04,14.2759,0.5500
im_0270_s95_a05,14.0386,0.6694
im_0270_s95_a06,13.2480,0.6922
im_0271_s100_a04,12.6875,0.5732
im_0271_s100_a05,10.6896,0.5727
im_0271_s100_a06,14.1242,0.5547
im_0271_s80_a04,9.9318,0.5054
im_0271_s80_a05,15.6527,0.6614
im_0271_s80_a06,13.5438,0.5718
im_0271_s85_a04,10.8600,0.5651
im_0271_s85_a05,14.4104,0.5585
im_0271_s85_a06,8.1954,0.4966
im_0271_s90_a04,11.6886,0.5887
im_0271_s90_a05,14.7043,0.5117
im_0271_s90_a06,15.5239,0.5894
im_0271_s95_a04,11.4235,0.5667
im_0271_s95_a05,8.1727,0.4709
im_0271_s95_a06,14.5383,0.5528
im_0272_s100_a04,13.1075,0.6270
im_0272_s100_a05,10.5384,0.6028
im_0272_s100_a06,11.5219,0.5780
im_0272_s80_a04,10.1482,0.5498
im_0272_s80_a05,9.1518,0.5432
im_0272_s80_a06,9.0770,0.5204
im_0272_s85_a04,11.6488,0.6003
im_0272_s85_a05,10.2181,0.5997
im_0272_s85_a06,10.1910,0.5542
im_0272_s90_a04,11.3845,0.5554
im_0272_s90_a05,10.6033,0.5057
im_0272_s90_a06,9.9667,0.5733
im_0272_s95_a04,7.9146,0.5217
im_0272_s95_a05,10.0711,0.5751
im_0272_s95_a06,12.6344,0.5943
im_0273_s100_a04,11.2381,0.5260
im_0273_s100_a05,13.8523,0.5854
im_0273_s100_a06,11.4950,0.5171
im_0273_s80_a04,18.2548,0.6011
im_0273_s80_a05,14.1893,0.5797
im_0273_s80_a06,12.4471,0.5210
im_0273_s85_a04,16.5986,0.5662
im_0273_s85_a05,16.7976,0.5429
im_0273_s85_a06,12.1169,0.5421
im_0273_s90_a04,13.8328,0.4700
im_0273_s90_a05,10.9821,0.4475
im_0273_s90_a06,17.7985,0.5698
im_0273_s95_a04,10.3858,0.5019
im_0273_s95_a05,9.4583,0.4625
im_0273_s95_a06,16.7491,0.6151
im_0274_s100_a04,13.2025,0.5333
im_0274_s100_a05,10.5104,0.5787
im_0274_s100_a06,15.6110,0.5449
im_0274_s80_a04,9.3662,0.5059
im_0274_s80_a05,15.4921,0.7107
im_0274_s80_a06,14.1785,0.4966
im_0274_s85_a04,17.5610,0.6855
im_0274_s85_a05,13.1523,0.5514
im_0274_s85_a06,10.3594,0.5500
im_0274_s90_a04,14.9439,0.4354
im_0274_s90_a05,17.5897,0.5786
im_0274_s90_a06,15.8120,0.5639
im_0274_s95_a04,15.2892,0.5119
im_0274_s95_a05,13.7259,0.4919
im_0274_s95_a06,14.6198,0.5521
im_0275_s100_a04,15.1777,0.6821
im_0275_s100_a05,11.5621,0.5049
im_0275_s100_a06,15.4057,0.5578
im_0275_s80_a04,15.7818,0.6256
im_0275_s80_a05,11.5464,0.4582
im_0275_s80_a06,15.1043,0.5776
im_0275_s85_a04,12.7328,0.5022
im_0275_s85_a05,12.6563,0.5096
im_0275_s85_a06,16.7536,0.6563
im_0275_s90_a04,14.8021,0.6346
im_0275_s90_a05,13.8875,0.5440
im_0275_s90_a06,12.8959,0.5412
im_0275_s95_a04,16.4610,0.6595
im_0275_s95_a05,15.1264,0.6109
im_0275_s95_a06,15.8288,0.5817
im_0276_s100_a04,15.4336,0.5603
im_0276_s100_a05,16.9673,0.5524
im_0276_s100_a06,13.7594,0.5946
im_0276_s80_a04,16.1359,0.4781
im_0276_s80_a05,14.4578,0.5896
im_0276_s80_a06,13.2254,0.5119
im_0276_s85_a04,12.5157,0.5365
im_0276_s85_a05,17.4224,0.5877
im_0276_s85_a06,17.6782,0.6048
im_0276_s90_a04,17.5595,0.5190
im_0276_s90_a05,14.8504,0.4817
im_0276_s90_a06,12.5918,0.4677
im_0276_s95_a04,17.4003,0.5973
im_0276_s95_a05,17.0213,0.6008
im_0276_s95_a06,14.6876,0.5823
im_0277_s100_a04,12.5453,0.5676
im_0277_s100_a05,8.8096,0.4680
im_0277_s100_a06,10.8114,0.5320
im_0277_s80_a04,10.7159,0.5686
im_0277_s80_a05,9.7540,0.5117
im_0277_s80_a06,12.5409,0.4694
im_0277_s85_a04,9.8464,0.4781
im_0277_s85_a05,12.6715,0.6026
im_0277_s85_a06,11.9775,0.5228
im_0277_s90_a04,12.1785,0.4898
im_0277_s90_a05,13.0704,0.4991
im_0277_s90_a06,9.6225,0.4515
im_0277_s95_a04,12.7803,0.5352
im_0277_s95_a05,12.3967,0.5583
im_0277_s95_a06,11.6270,0.4751
im_0278_s100_a04,12.6713,0.6485
im_0278_s100_a05,11.4482,0.6376
im_0278_s100_a06,9.3340,0.5711
im_0278_s80_a04,14.8750,0.6767
im_0278_s80_a05,13.5276,0.6044
im_0278_s80_a06,12.2950,0.5440
im_0278_s85_a04,9.3815,0.6021
im_0278_s85_a05,10.7949,0.5742
im_0278_s85_a06,12.3346,0.5475
im_0278_s90_a04,12.1359,0.6434
im_0278_s90_a05,11.9736,0.4976
im_0278_s90_a06,11.5096,0.5901
im_0278_s95_a04,10.9160,0.5785
im_0278_s95_a05,12.4595,0.5696
im_0278_s95_a06,11.0040,0.5536
im_0279_s100_a04,15.0365,0.5806
im_0279_s100_a05,16.6030,0.5688
im_0279_s100_a06,12.1014,0.4779
im_0279_s80_a04,12.4391,0.5195
im_0279_s80_a05,9.6954,0.4903
im_0279_s80_a06,10.4463,0.4947
im_0279_s85_a04,17.3118,0.5384
im_0279_s85_a05,18.1278,0.5119
im_0279_s85_a06,15.6535,0.6414
im_0279_s90_a04,18.6437,0.5349
im_0279_s90_a05,18.7699,0.6517
im_0279_s90_a06,12.6872,0.5910
im_0279_s95_a04,18.8345,0.5472
im_0279_s95_a05,12.5192,0.5393
im_0279_s95_a06,11.7906,0.5434
im_0280_s100_a04,11.5949,0.4599
im_0280_s100_a05,17.5199,0.6689
im_0280_s100_a06,13.0398,0.4734
im_0280_s80_a04,13.5266,0.6070
im_0280_s80_a05,15.3950,0.6201
im_0280_s80_a06,15.5561,0.5442
im_0280_s85_a04,12.7805,0.5643
im_0280_s85_a05,17.2920,0.6453
im_0280_s85_a06,18.4375,0.6091
im_0280_s90_a04,13.6320,0.5341
im_0280_s90_a05,15.6312,0.5019
im_0280_s90_a06,15.1947,0.6136
im_0280_s95_a04,11.7864,0.5635
im_0280_s95_a05,17.7175,0.5834
im_0280_s95_a06,17.1223,0.6834
im_0281_s100_a04,14.2733,0.6095
im_0281_s100_a05,15.3575,0.4976
im_0281_s100_a06,17.0715,0.5100
im_0281_s80_a04,15.8090,0.4836
im_0281_s80_a05,16.2954,0.6688
im_0281_s80_a06,16.3620,0.6127
im_0281_s85_a04,14.7500,0.5868
im_0281_s85_a05,17.0488,0.5852
im_0281_s85_a06,17.9680,0.6340
im_0281_s90_a04,16.5488,0.5007
im_0281_s90_a05,12.7291,0.6052
im_0281_s90_a06,14.4592,0.4921
im_0281_s95_a04,16.6503,0.5513
im_0281_s95_a05,15.9981,0.5024
im_0281_s95_a06,13.3252,0.6289
im_0282_s100_a04,17.1893,0.6102
im_0282_s100_a05,16.2180,0.6533
im_0282_s100_a06,16.5270,0.6265
im_0282_s80_a04,11.5103,0.6470
im_0282_s80_a05,14.6663,0.6392
im_0282_s80_a06,13.4194,0.5475
im_0282_s85_a04,16.7092,0.6036
im_0282_s85_a05,14.9465,0.6677
im_0282_s85_a06,16.3905,0.6204
im_0282_s90_a04,15.3102,0.6803
im_0282_s90_a05,14.9840,0.5762
im_0282_s90_a06,9.2093,0.4541
im_0282_s95_a04,16.7860,0.5979
im_0282_s95_a05,12.7666,0.5880
im_0282_s95_a06,16.4308,0.6282
im_0283_s100_a04,16.0733,0.6391
im_0283_s100_a05,13.5511,0.6350
im_0283_s100_a06,16.8488,0.5927
im_0283_s80_a04,10.3755,0.5334
im_0283_s80_a05,18.1911,0.7159
im_0283_s80_a06,17.5187,0.6110
im_0283_s85_a04,17.4939,0.6902
im_0283_s85_a05,15.2742,0.6658
im_0283_s85_a06,11.2393,0.5211
im_0283_s90_a04,14.0854,0.5208
im_0283_s90_a05,12.8396,0.5622
im_0283_s90_a06,16.6415,0.6750
im_0283_s95_a04,17.5062,0.6245
im_0283_s95_a05,17.9652,0.6945
im_0283_s95_a06,17.4171,0.6616
im_0284_s100_a04,14.0720,0.5746
im_0284_s100_a05,13.8645,0.5577
im_0284_s100_a06,13.5784,0.5787
im_0284_s80_a04,11.7389,0.6073
im_0284_s80_a05,9.0224,0.4940
im_0284_s80_a06,12.4704,0.5682
im_0284_s85_a04,12.9922,0.6012
im_0284_s85_a05,13.6961,0.5876
im_0284_s85_a06,13.8350,0.6245
im_0284_s90_a04,10.6088,0.5490
im_0284_s90_a05,12.3582,0.6165
im_0284_s90_a06,13.1552,0.5761
im_0284_s95_a04,13.9632,0.6417
im_0284_s95_a05,10.4749,0.6045
im_0284_s95_a06,11.7664,0.5773
im_0285_s100_a04,11.0933,0.5988
im_0285_s100_a05,11.8642,0.6632
im_0285_s100_a06,12.1716,0.6298
im_0285_s80_a04,11.3678,0.6215
im_0285_s80_a05,11.4941,0.6418
im_0285_s80_a06,14.2123,0.6813
im_0285_s85_a04,11.5472,0.6390
im_0285_s85_a05,14.2836,0.7011
im_0285_s85_a06,13.7327,0.6569
im_0285_s90_a04,11.2020,0.5569
im_0285_s90_a05,9.8928,0.6164
im_0285_s90_a06,9.6560,0.5229
im_0285_s95_a04,13.7529,0.6955
im_0285_s95_a05,11.5262,0.6116
im_0285_s95_a06,12.5930,0.6730
im_0286_s100_a04,9.0080,0.4253
im_0286_s100_a05,11.9161,0.4750
im_0286_s100_a06,13.7353,0.6048
im_0286_s80_a04,12.6589,0.5663
im_0286_s80_a05,9.0391,0.4418
im_0286_s80_a06,12.9665,0.4578
im_0286_s85_a04,13.6140,0.6367
im_0286_s85_a05,13.1540,0.5598
im_0286_s85_a06,13.6138,0.6412
im_0286_s90_a04,13.2115,0.4824
im_0286_s90_a05,12.5666,0.4996
im_0286_s90_a06,8.0368,0.3876
im_0286_s95_a04,14.1644,0.5832
im_0286_s95_a05,13.4054,0.5801
im_0286_s95_a06,8.6759,0.4393
im_0287_s100_a04,9.2009,0.5024
im_0287_s100_a05,9.5629,0.4705
im_0287_s100_a06,10.4865,0.5177
im_0287_s80_a04,10.9237,0.5526
im_0287_s80_a05,12.8479,0.5336
im_0287_s80_a06,10.6665,0.5378
im_0287_s85_a04,9.8962,0.6068
im_0287_s85_a05,12.7378,0.5879
im_0287_s85_a06,15.9099,0.6232
im_0287_s90_a04,11.2645,0.6268
im_0287_s90_a05,10.5330,0.4893
im_0287_s90_a06,12.3910,0.5761
im_0287_s95_a04,12.4182,0.5829
im_0287_s95_a05,11.3938,0.6245
im_0287_s95_a06,15.9205,0.6770
im_0288_s100_a04,12.7454,0.6128
im_0288_s100_a05,12.5170,0.4901
im_0288_s100_a06,13.8699,0.4973
im_0288_s80_a04,11.2337,0.4925
im_0288_s80_a05,12.2094,0.4731
im_0288_s80_a06,12.4299,0.5648
im_0288_s85_a04,13.7023,0.5637
im_0288_s85_a05,7.7482,0.4508
im_0288_s85_a06,12.8455,0.5106
im_0288_s90_a04,13.8221,0.4528
im_0288_s90_a05,9.6467,0.3935
im_0288_s90_a06,12.3230,0.4740
im_0288_s95_a04,7.5129,0.4820
im_0288_s95_a05,14.7301,0.5476
im_0288_s95_a06,13.9787,0.4985
im_0289_s100_a04,13.7620,0.6400
im_0289_s100_a05,13.8043,0.5648
im_0289_s100_a06,12.9851,0.6513
im_0289_s80_a04,14.1686,0.6315
im_0289_s80_a05,16.0103,0.6540
im_0289_s80_a06,19.7143,0.7390
im_0289_s85_a04,19.5858,0.6102
im_0289_s85_a05,16.8528,0.5685
im_0289_s85_a06,15.4341,0.5699
im_0289_s90_a04,20.2554,0.6142
im_0289_s90_a05,12.6536,0.6390
im_0289_s90_a06,14.0999,0.6043
im_0289_s95_a04,21.0616,0.7040
im_0289_s95_a05,13.3601,0.6685
im_0289_s95_a06,17.8156,0.7027
im_0290_s100_a04,18.8023,0.6265
im_0290_s100_a05,12.3383,0.4995
im_0290_s100_a06,11.9519,0.5271
im_0290_s80_a04,13.5371,0.5120
im_0290_s80_a05,18.5330,0.6109
im_0290_s80_a06,14.1132,0.5646
im_0290_s85_a04,13.6081,0.5747
im_0290_s85_a05,12.8625,0.5237
im_0290_s85_a06,15.2078,0.5026
im_0290_s90_a04,13.0241,0.5848
im_0290_s90_a05,18.7867,0.5630
im_0290_s90_a06,15.3935,0.4547
im_0290_s95_a04,20.2127,0.6434
im_0290_s95_a05,19.5754,0.6276
im_0290_s95_a06,19.0292,0.6237
im_0291_s100_a04,15.4014,0.5906
im_0291_s100_a05,15.8854,0.6583
im_0291_s100_a06,16.2771,0.6335
im_0291_s80_a04,12.5171,0.5566
im_0291_s80_a05,13.9458,0.6855
im_0291_s80_a06,15.1098,0.6063
im_0291_s85_a04,16.0994,0.7332
im_0291_s85_a05,12.2254,0.6362
im_0291_s85_a06,11.2728,0.6554
im_0291_s90_a04,16.5609,0.7102
im_0291_s90_a05,13.8186,0.6621
im_0291_s90_a06,15.3914,0.7044
im_0291_s95_a04,15.4544,0.6017
im_0291_s95_a05,14.3674,0.6789
im_0291_s95_a06,15.5948,0.6181
im_0292_s100_a04,11.0701,0.5291
im_0292_s100_a05,13.3933,0.6277
im_0292_s100_a06,12.9317,0.6001
im_0292_s80_a04,11.4418,0.5911
im_0292_s80_a05,13.8303,0.6510
im_0292_s80_a06,12.5623,0.6521
im_0292_s85_a04,11.4477,0.6124
im_0292_s85_a05,12.9879,0.5960
im_0292_s85_a06,12.2615,0.5620
im_0292_s90_a04,11.1259,0.6276
im_0292_s90_a05,15.6164,0.7290
im_0292_s90_a06,10.0830,0.5734
im_0292_s95_a04,10.7063,0.5857
im_0292_s95_a05,14.3264,0.6990
im_0292_s95_a06,11.3714,0.6192
im_0293_s100_a04,16.5931,0.6533
im_0293_s100_a05,10.3875,0.4813
im_0293_s100_a06,9.2700,0.5106
im_0293_s80_a04,10.3185,0.4913
im_0293_s80_a05,18.1246,0.5855
im_0293_s80_a06,16.9464,0.5928
im_0293_s85_a04,15.4071,0.5747
im_0293_s85_a05,10.9454,0.5139
im_0293_s85_a06,16.5307,0.5668
im_0293_s90_a04,16.5060,0.5713
im_0293_s90_a05,16.8824,0.4863
im_0293_s90_a06,15.4619,0.5690
im_0293_s95_a04,17.3142,0.6110
im_0293_s95_a05,13.3936,0.6144
im_0293_s95_a06,16.6385,0.6440
im_0294_s100_a04,12.4489,0.6123
im_0294_s100_a05,10.8639,0.6676
im_0294_s100_a06,12.4641,0.5928
im_0294_s80_a04,15.4061,0.6538
im_0294_s80_a05,12.8767,0.5928
im_0294_s80_a06,13.3245,0.6851
im_0294_s85_a04,12.4011,0.6245
im_0294_s85_a05,12.8412,0.6945
im_0294_s85_a06,14.0931,0.6049
im_0294_s90_a04,10.6670,0.5800
im_0294_s90_a05,11.2686,0.6187
im_0294_s90_a06,13.9398,0.6767
im_0294_s95_a04,14.1075,0.6487
im_0294_s95_a05,12.2458,0.5932
im_0294_s95_a06,12.4957,0.6633
im_0295_s100_a04,15.2029,0.6546
im_0295_s100_a05,15.0647,0.6434
im_0295_s100_a06,14.1056,0.6861
im_0295_s80_a04,15.1101,0.6173
im_0295_s80_a05,13.6859,0.6801
im_0295_s80_a06,14.4922,0.6777
im_0295_s85_a04,14.7065,0.5996
im_0295_s85_a05,14.6811,0.6485
im_0295_s85_a06,12.3981,0.6035
im_0295_s90_a04,14.7854,0.6604
im_0295_s90_a05,12.8174,0.5937
im_0295_s90_a06,15.2234,0.5912
im_0295_s95_a04,14.4466,0.6555
im_0295_s95_a05,14.2049,0.6278
im_0295_s95_a06,14.7651,0.5870
im_0296_s100_a04,13.4812,0.6388
im_0296_s100_a05,15.4997,0.6562
im_0296_s100_a06,15.7538,0.6362
im_0296_s80_a04,16.3313,0.6154
im_0296_s80_a05,15.6681,0.5984
im_0296_s80_a06,17.0732,0.6454
im_0296_s85_a04,12.1352,0.5978
im_0296_s85_a05,14.3944,0.5093
im_0296_s85_a06,17.9110,0.7052
im_0296_s90_a04,11.3333,0.5390
im_0296_s90_a05,14.3189,0.5328
im_0296_s90_a06,14.4016,0.6108
im_0296_s95_a04,15.8715,0.5898
im_0296_s95_a05,16.9957,0.6581
im_0296_s95_a06,16.9858,0.5948
im_0297_s100_a04,11.5352,0.6253
im_0297_s100_a05,17.3810,0.6930
im_0297_s100_a06,18.1947,0.6823
im_0297_s80_a04,18.4839,0.6834
im_0297_s80_a05,18.9841,0.7591
im_0297_s80_a06,17.5574,0.6941
im_0297_s85_a04,13.0493,0.6450
im_0297_s85_a05,16.3209,0.6698
im_0297_s85_a06,14.2778,0.6592
im_0297_s90_a04,15.3893,0.6224
im_0297_s90_a05,13.1760,0.6023
im_0297_s90_a06,11.8730,0.5614
im_0297_s95_a04,18.0424,0.6830
im_0297_s95_a05,15.6651,0.6373
im_0297_s95_a06,13.2170,0.5930
im_0298_s100_a04,16.1196,0.5000
im_0298_s100_a05,13.8949,0.5298
im_0298_s100_a06,18.0857,0.6007
im_0298_s80_a04,20.2983,0.6851
im_0298_s80_a05,13.2450,0.4611
im_0298_s80_a06,18.8327,0.5797
im_0298_s85_a04,20.3632,0.7029
im_0298_s85_a05,10.7866,0.5120
im_0298_s85_a06,19.0387,0.6046
im_0298_s90_a04,12.5640,0.4116
im_0298_s90_a05,18.5033,0.5698
im_0298_s90_a06,19.7720,0.6320
im_0298_s95_a04,14.4285,0.4769
im_0298_s95_a05,15.0045,0.4577
im_0298_s95_a06,12.9308,0.4403
im_0299_s100_a04,12.4654,0.5668
im_0299_s100_a05,17.6066,0.6859
im_0299_s100_a06,18.4800,0.5902
im_0299_s80_a04,18.0410,0.5074
im_0299_s80_a05,17.8951,0.5586
im_0299_s80_a06,20.5289,0.6469
im_0299_s85_a04,19.0745,0.5788
im_0299_s85_a05,17.8504,0.6204
im_0299_s85_a06,19.6302,0.5681
im_0299_s90_a04,17.9274,0.4763
im_0299_s90_a05,18.2275,0.5475
im_0299_s90_a06,18.5375,0.6093
im_0299_s95_a04,14.7534,0.6078
im_0299_s95_a05,17.8468,0.6127
im_0299_s95_a06,20.4335,0.6821
im_0300_s100_a04,16.2213,0.6068
im_0300_s100_a05,11.8421,0.6031
im_0300_s100_a06,15.4782,0.5971
im_0300_s80_a04,15.1784,0.5440
im_0300_s80_a05,15.9488,0.5685
im_0300_s80_a06,10.0692,0.6258
im_0300_s85_a04,10.5927,0.6610
im_0300_s85_a05,12.5733,0.5929
im_0300_s85_a06,14.6866,0.5853
im_0300_s90_a04,10.4304,0.5038
im_0300_s90_a05,11.8269,0.6136
im_0300_s90_a06,9.9979,0.4848
im_0300_s95_a04,11.8712,0.6587
im_0300_s95_a05,16.3481,0.6911
im_0300_s95_a06,16.2047,0.6972
im_0301_s100_a04,18.6599,0.6715
im_0301_s100_a05,18.7261,0.7641
im_0301_s100_a06,16.0893,0.6855
im_0301_s80_a04,17.2515,0.6575
im_0301_s80_a05,17.2273,0.6490
im_0301_s80_a06,16.3730,0.6125
im_0301_s85_a04,19.1125,0.6020
im_0301_s85_a05,13.3381,0.5429
im_0301_s85_a06,13.4143,0.6315
im_0301_s90_a04,17.9284,0.6175
im_0301_s90_a05,14.6322,0.5843
im_0301_s90_a06,18.5836,0.5480
im_0301_s95_a04,15.9606,0.7002
im_0301_s95_a05,16.9031,0.5938
im_0301_s95_a06,13.5025,0.6262
im_0302_s100_a04,15.1683,0.4430
im_0302_s100_a05,16.7631,0.4287
im_0302_s100_a06,15.3222,0.4340
im_0302_s80_a04,13.8289,0.4776
im_0302_s80_a05,11.7787,0.4820
im_0302_s80_a06,8.9604,0.4061
im_0302_s85_a04,9.1322,0.3960
im_0302_s85_a05,13.9912,0.3901
im_0302_s85_a06,17.6571,0.4783
im_0302_s90_a04,14.8758,0.4066
im_0302_s90_a05,13.7120,0.4789
im_0302_s90_a06,17.5444,0.4099
im_0302_s95_a04,8.3872,0.3836
im_0302_s95_a05,13.9803,0.4617
im_0302_s95_a06,13.5372,0.4790
im_0303_s100_a04,16.4567,0.6470
im_0303_s100_a05,10.3153,0.4888
im_0303_s100_a06,10.6634,0.5815
im_0303_s80_a04,10.8096,0.4931
im_0303_s80_a05,13.6308,0.6110
im_0303_s80_a06,14.0151,0.6411
im_0303_s85_a04,15.2685,0.6685
im_0303_s85_a05,15.6205,0.6494
im_0303_s85_a06,17.1568,0.6657
im_0303_s90_a04,14.5575,0.6052
im_0303_s90_a05,18.7274,0.4981
im_0303_s90_a06,10.7712,0.5405
im_0303_s95_a04,18.4717,0.6144
im_0303_s95_a05,13.7053,0.5912
im_0303_s95_a06,16.9443,0.4999
im_0304_s100_a04,14.8787,0.5863
im_0304_s100_a05,14.7130,0.6004
im_0304_s100_a06,12.4742,0.5775
im_0304_s80_a04,9.4726,0.5418
im_0304_s80_a05,11.7134,0.5728
im_0304_s80_a06,11.2332,0.5838
im_0304_s85_a04,12.9318,0.6001
im_0304_s85_a05,12.0447,0.6287
im_0304_s85_a06,15.0399,0.6194
im_0304_s90_a04,13.2110,0.5348
im_0304_s90_a05,8.9634,0.4832
im_0304_s90_a06,13.1903,0.4450
im_0304_s95_a04,13.2403,0.5803
im_0304_s95_a05,13.6283,0.5472
im_0304_s95_a06,14.0024,0.6479
im_0305_s100_a04,19.0290,0.5659
im_0305_s100_a05,11.1164,0.4910
im_0305_s100_a06,18.7816,0.5836
im_0305_s80_a04,18.3678,0.4955
im_0305_s80_a05,11.8700,0.5336
im_0305_s80_a06,10.9496,0.5683
im_0305_s85_a04,18.5559,0.6655
im_0305_s85_a05,18.3707,0.6459
im_0305_s85_a06,18.3951,0.5875
im_0305_s90_a04,18.9562,0.6648
im_0305_s90_a05,11.9217,0.6031
im_0305_s90_a06,19.1499,0.5881
im_0305_s95_a04,10.6346,0.5690
im_0305_s95_a05,13.3192,0.6099
im_0305_s95_a06,18.5867,0.6742
im_0306_s100_a04,10.3891,0.5434
im_0306_s100_a05,12.1360,0.5218
im_0306_s100_a06,13.7475,0.6351
im_0306_s80_a04,15.1861,0.6328
im_0306_s80_a05,11.3204,0.5630
im_0306_s80_a06,15.3699,0.5577
im_0306_s85_a04,16.4610,0.6627
im_0306_s85_a05,13.8506,0.6511
im_0306_s85_a06,15.0618,0.6225
im_0306_s90_a04,14.7579,0.6149
im_0306_s90_a05,15.7072,0.5958
im_0306_s90_a06,10.3499,0.5166
im_0306_s95_a04,10.4381,0.4447
im_0306_s95_a05,15.1435,0.6406
im_0306_s95_a06,15.4655,0.6606
im_0307_s100_a04,16.9742,0.6290
im_0307_s100_a05,11.0130,0.5006
im_0307_s100_a06,18.3882,0.6744
im_0307_s80_a04,12.6147,0.5254
im_0307_s80_a05,10.0906,0.5068
im_0307_s80_a06,19.9354,0.6089
im_0307_s85_a04,18.9042,0.6680
im_0307_s85_a05,19.2248,0.6803
im_0307_s85_a06,19.1328,0.5878
im_0307_s90_a04,17.6728,0.5207
im_0307_s90_a05,14.9046,0.5346
im_0307_s90_a06,17.6463,0.5739
im_0307_s95_a04,19.7452,0.6892
im_0307_s95_a05,11.9580,0.4553
im_0307_s95_a06,18.3168,0.6554
im_0308_s100_a04,16.4259,0.6136
im_0308_s100_a05,10.9389,0.5323
im_0308_s100_a06,17.1542,0.6569
im_0308_s80_a04,14.7111,0.5732
im_0308_s80_a05,10.1564,0.4539
im_0308_s80_a06,11.9096,0.4806
im_0308_s85_a04,17.2370,0.6578
im_0308_s85_a05,12.4900,0.5631
im_0308_s85_a06,16.2006,0.5302
im_0308_s90_a04,11.0858,0.4871
im_0308_s90_a05,9.7785,0.4161
im_0308_s90_a06,9.9337,0.4584
im_0308_s95_a04,17.5510,0.6266
im_0308_s95_a05,12.5254,0.5970
im_0308_s95_a06,16.0642,0.6120
im_0309_s100_a04,15.0459,0.5984
im_0309_s100_a05,17.5026,0.7497
im_0309_s100_a06,16.2525,0.7480
im_0309_s80_a04,17.3548,0.6338
im_0309_s80_a05,16.9007,0.7601
im_0309_s80_a06,14.0201,0.6849
im_0309_s85_a04,15.9133,0.5862
im_0309_s85_a05,13.9774,0.6290
im_0309_s85_a06,16.6559,0.7676
im_0309_s90_a04,16.2049,0.6848
im_0309_s90_a05,15.0190,0.6627
im_0309_s90_a06,14.4874,0.6698
im_0309_s95_a04,16.6942,0.7201
im_0309_s95_a05,16.7789,0.6750
im_0309_s95_a06,16.7987,0.6801
im_0310_s100_a04,16.1102,0.6595
im_0310_s100_a05,15.4252,0.6227
im_0310_s100_a06,16.5029,0.6237
im_0310_s80_a04,15.4951,0.6102
im_0310_s80_a05,13.5935,0.6366
im_0310_s80_a06,13.2022,0.6379
im_0310_s85_a04,14.8245,0.6241
im_0310_s85_a05,15.5851,0.6272
im_0310_s85_a06,12.5813,0.5355
im_0310_s90_a04,13.3397,0.6122
im_0310_s90_a05,15.2621,0.5500
im_0310_s90_a06,15.6090,0.5829
im_0310_s95_a04,15.6806,0.6411
im_0310_s95_a05,15.9261,0.6686
im_0310_s95_a06,15.3693,0.6229
im_0311_s100_a04,19.2459,0.7174
im_0311_s100_a05,8.9949,0.4989
im_0311_s100_a06,9.2362,0.4471
im_0311_s80_a04,19.0572,0.6655
im_0311_s80_a05,19.7768,0.6822
im_0311_s80_a06,18.8064,0.5581
im_0311_s85_a04,18.0274,0.6952
im_0311_s85_a05,12.8011,0.5316
im_0311_s85_a06,13.2722,0.5942
im_0311_s90_a04,13.5583,0.4851
im_0311_s90_a05,17.1199,0.6790
im_0311_s90_a06,14.4399,0.5615
im_0311_s95_a04,18.1964,0.7050
im_0311_s95_a05,20.2465,0.7694
im_0311_s95_a06,19.5554,0.6642
im_0312_s100_a04,17.1073,0.6957
im_0312_s100_a05,17.3548,0.6162
im_0312_s100_a06,14.6201,0.6219
im_0312_s80_a04,18.2492,0.6620
im_0312_s80_a05,15.1530,0.6300
im_0312_s80_a06,15.0076,0.5864
im_0312_s85_a04,16.5977,0.6451
im_0312_s85_a05,16.8820,0.5401
im_0312_s85_a06,17.0858,0.6095
im_0312_s90_a04,14.3458,0.6544
im_0312_s90_a05,14.4846,0.6114
im_0312_s90_a06,15.5657,0.5891
im_0312_s95_a04,16.1319,0.6770
im_0312_s95_a05,18.1956,0.6865
im_0312_s95_a06,16.4928,0.7131
im_0313_s100_a04,13.0674,0.6192
im_0313_s100_a05,12.9468,0.6157
im_0313_s100_a06,11.2824,0.5504
im_0313_s80_a04,13.0745,0.6405
im_0313_s80_a05,9.9987,0.6027
im_0313_s80_a06,13.6975,0.6482
im_0313_s85_a04,11.6854,0.6703
im_0313_s85_a05,12.2085,0.6142
im_0313_s85_a06,13.6182,0.6490
im_0313_s90_a04,13.9153,0.6292
im_0313_s90_a05,12.8182,0.5733
im_0313_s90_a06,10.9420,0.5473
im_0313_s95_a04,12.6926,0.5525
im_0313_s95_a05,10.4607,0.5333
im_0313_s95_a06,11.1273,0.5802
im_0314_s100_a04,17.7628,0.6524
im_0314_s100_a05,21.2948,0.7185
im_0314_s100_a06,13.4366,0.5375
im_0314_s80_a04,12.9116,0.5043
im_0314_s80_a05,9.8594,0.5317
im_0314_s80_a06,14.7078,0.5502
im_0314_s85_a04,16.3227,0.5276
im_0314_s85_a05,14.7952,0.5338
im_0314_s85_a06,13.4072,0.6084
im_0314_s90_a04,13.4075,0.4493
im_0314_s90_a05,12.3625,0.5317
im_0314_s90_a06,14.0694,0.4865
im_0314_s95_a04,19.6560,0.6562
im_0314_s95_a05,12.9938,0.6045
im_0314_s95_a06,18.8232,0.5692
im_0315_s100_a04,17.0427,0.7012
im_0315_s100_a05,18.3051,0.6443
im_0315_s100_a06,16.0030,0.6269
im_0315_s80_a04,17.2097,0.6249
im_0315_s80_a05,16.1222,0.5494
im_0315_s80_a06,13.3156,0.5289
im_0315_s85_a04,13.0988,0.6573
im_0315_s85_a05,16.7204,0.6393
im_0315_s85_a06,16.2320,0.5331
im_0315_s90_a04,16.1177,0.6423
im_0315_s90_a05,16.3544,0.6378
im_0315_s90_a06,11.9941,0.4970
im_0315_s95_a04,14.8939,0.6140
im_0315_s95_a05,12.5157,0.5620
im_0315_s95_a06,18.1140,0.6488
im_0316_s100_a04,15.5253,0.5464
im_0316_s100_a05,11.0921,0.5734
im_0316_s100_a06,13.5295,0.6163
im_0316_s80_a04,12.2228,0.5276
im_0316_s80_a05,11.3618,0.6062
im_0316_s80_a06,14.4367,0.6491
im_0316_s85_a04,10.8979,0.6322
im_0316_s85_a05,15.2020,0.5866
im_0316_s85_a06,13.5388,0.7000
im_0316_s90_a04,16.1868,0.5807
im_0316_s90_a05,16.5497,0.5798
im_0316_s90_a06,15.3787,0.5758
im_0316_s95_a04,13.4193,0.6647
im_0316_s95_a05,12.1613,0.6208
im_0316_s95_a06,11.8421,0.6223
im_0317_s100_a04,12.2892,0.5536
im_0317_s100_a05,14.8681,0.6273
im_0317_s100_a06,11.7514,0.5306
im_0317_s80_a04,14.5824,0.5284
im_0317_s80_a05,14.1139,0.5136
im_0317_s80_a06,9.4165,0.4482
im_0317_s85_a04,14.6621,0.5954
im_0317_s85_a05,14.9494,0.6334
im_0317_s85_a06,14.9964,0.6030
im_0317_s90_a04,8.4182,0.4611
im_0317_s90_a05,14.7210,0.6101
im_0317_s90_a06,14.6063,0.5618
im_0317_s95_a04,13.9767,0.5896
im_0317_s95_a05,10.0821,0.4730
im_0317_s95_a06,12.4045,0.5493
im_0318_s100_a04,12.3474,0.5233
im_0318_s100_a05,19.0467,0.5086
im_0318_s100_a06,18.8839,0.6025
im_0318_s80_a04,17.5700,0.5349
im_0318_s80_a05,10.3235,0.4779
im_0318_s80_a06,18.8871,0.4585
im_0318_s85_a04,16.3327,0.5240
im_0318_s85_a05,10.1573,0.5050
im_0318_s85_a06,19.6332,0.5931
im_0318_s90_a04,19.6463,0.5884
im_0318_s90_a05,9.1262,0.4548
im_0318_s90_a06,19.1772,0.5059
im_0318_s95_a04,18.5176,0.6648
im_0318_s95_a05,18.1368,0.5198
im_0318_s95_a06,18.8651,0.4932
im_0319_s100_a04,17.9547,0.6222
im_0319_s100_a05,16.3812,0.5979
im_0319_s100_a06,17.4664,0.6307
im_0319_s80_a04,18.1033,0.6790
im_0319_s80_a05,17.2135,0.6729
im_0319_s80_a06,12.6791,0.6065
im_0319_s85_a04,18.1828,0.7212
im_0319_s85_a05,14.7961,0.6264
im_0319_s85_a06,16.5207,0.6440
im_0319_s90_a04,11.2725,0.5365
im_0319_s90_a05,18.1089,0.6671
im_0319_s90_a06,18.4736,0.6875
im_0319_s95_a04,18.6357,0.6864
im_0319_s95_a05,16.4042,0.6729
im_0319_s95_a06,10.9703,0.5553
im_0320_s100_a04,17.8360,0.5921
im_0320_s100_a05,18.3136,0.7139
im_0320_s100_a06,14.3946,0.5145
im_0320_s80_a04,17.0944,0.6498
im_0320_s80_a05,17.0177,0.6397
im_0320_s80_a06,11.7750,0.5154
im_0320_s85_a04,18.4751,0.6646
im_0320_s85_a05,12.6583,0.5635
im_0320_s85_a06,14.5483,0.5964
im_0320_s90_a04,15.5357,0.4805
im_0320_s90_a05,13.8721,0.5191
im_0320_s90_a06,17.1142,0.5405
im_0320_s95_a04,16.2374,0.5782
im_0320_s95_a05,16.8803,0.5321
im_0320_s95_a06,17.5442,0.5691
im_0321_s100_a04,9.2107,0.4861
im_0321_s100_a05,14.6429,0.5830
im_0321_s100_a06,11.8648,0.6157
im_0321_s80_a04,16.8194,0.6748
im_0321_s80_a05,18.7174,0.6801
im_0321_s80_a06,12.4174,0.6300
im_0321_s85_a04,16.4694,0.7210
im_0321_s85_a05,15.2753,0.6835
im_0321_s85_a06,11.0383,0.5496
im_0321_s90_a04,18.5861,0.6850
im_0321_s90_a05,16.9548,0.5799
im_0321_s90_a06,17.0624,0.5767
im_0321_s95_a04,9.6548,0.4592
im_0321_s95_a05,9.8873,0.4620
im_0321_s95_a06,9.1209,0.5204
im_0322_s100_a04,13.6459,0.5967
im_0322_s100_a05,17.6312,0.7174
im_0322_s100_a06,18.8415,0.7538
im_0322_s80_a04,11.4301,0.5698
im_0322_s80_a05,11.3294,0.5352
im_0322_s80_a06,14.0233,0.6323
im_0322_s85_a04,18.3144,0.7122
im_0322_s85_a05,18.4734,0.6946
im_0322_s85_a06,17.5064,0.6472
im_0322_s90_a04,12.0584,0.6419
im_0322_s90_a05,18.6403,0.7099
im_0322_s90_a06,13.4711,0.6329
im_0322_s95_a04,17.2928,0.6997
im_0322_s95_a05,18.3276,0.7241
im_0322_s95_a06,16.9101,0.6847
im_0323_s100_a04,14.5659,0.6970
im_0323_s100_a05,11.6413,0.5621
im_0323_s100_a06,12.3785,0.5820
im_0323_s80_a04,12.6255,0.5916
im_0323_s80_a05,13.0125,0.5663
im_0323_s80_a06,14.0668,0.6925
im_0323_s85_a04,12.3675,0.5736
im_0323_s85_a05,13.8361,0.6558
im_0323_s85_a06,15.2104,0.6496
im_0323_s90_a04,12.3325,0.5785
im_0323_s90_a05,11.1482,0.5626
im_0323_s90_a06,11.9819,0.4886
im_0323_s95_a04,14.0667,0.5641
im_0323_s95_a05,12.4474,0.5972
im_0323_s95_a06,12.6075,0.6053
im_0324_s100_a04,13.7403,0.5317
im_0324_s100_a05,16.1067,0.5450
im_0324_s100_a06,14.4494,0.5630
im_0324_s80_a04,18.3983,0.6585
im_0324_s80_a05,12.9277,0.5459
im_0324_s80_a06,15.1928,0.6062
im_0324_s85_a04,14.8096,0.5856
im_0324_s85_a05,18.3990,0.6856
im_0324_s85_a06,12.7004,0.5653
im_0324_s90_a04,13.2145,0.5635
im_0324_s90_a05,13.7286,0.5925
im_0324_s90_a06,18.7388,0.6867
im_0324_s95_a04,11.4173,0.4882
im_0324_s95_a05,16.6021,0.6243
im_0324_s95_a06,15.3230,0.6075
im_0325_s100_a04,10.3277,0.5367
im_0325_s100_a05,17.6250,0.5945
im_0325_s100_a06,18.7179,0.5916
im_0325_s80_a04,17.0091,0.5662
im_0325_s80_a05,17.5863,0.6482
im_0325_s80_a06,14.6708,0.4976
im_0325_s85_a04,16.9345,0.5782
im_0325_s85_a05,16.1511,0.5549
im_0325_s85_a06,17.9958,0.5995
im_0325_s90_a04,10.2923,0.5531
im_0325_s90_a05,17.6938,0.6474
im_0325_s90_a06,11.3247,0.5392
im_0325_s95_a04,18.6717,0.6060
im_0325_s95_a05,17.3246,0.6539
im_0325_s95_a06,15.1471,0.6017
im_0326_s100_a04,11.6369,0.5235
im_0326_s100_a05,10.0954,0.5399
im_0326_s100_a06,12.8148,0.4764
im_0326_s80_a04,13.6689,0.5950
im_0326_s80_a05,9.3113,0.4895
im_0326_s80_a06,16.3584,0.5139
im_0326_s85_a04,10.5062,0.5023
im_0326_s85_a05,15.6893,0.5096
im_0326_s85_a06,10.9991,0.6009
im_0326_s90_a04,13.2147,0.4814
im_0326_s90_a05,13.2494,0.6173
im_0326_s90_a06,13.5499,0.5278
im_0326_s95_a04,13.7734,0.5562
im_0326_s95_a05,15.0540,0.5911
im_0326_s95_a06,14.4753,0.5554
im_0327_s100_a04,12.5574,0.5412
im_0327_s100_a05,18.7941,0.6736
im_0327_s100_a06,18.4851,0.6811
im_0327_s80_a04,11.6193,0.4677
im_0327_s80_a05,17.4733,0.5458
im_0327_s80_a06,9.3169,0.4067
im_0327_s85_a04,12.0714,0.4643
im_0327_s85_a05,14.6118,0.5667
im_0327_s85_a06,16.4980,0.6552
im_0327_s90_a04,17.5162,0.5528
im_0327_s90_a05,17.9445,0.5192
im_0327_s90_a06,16.1266,0.6513
im_0327_s95_a04,17.2297,0.5717
im_0327_s95_a05,13.5750,0.5500
im_0327_s95_a06,14.4811,0.6199
im_0328_s100_a04,8.6310,0.3386
im_0328_s100_a05,13.4719,0.3146
im_0328_s100_a06,10.3512,0.3293
im_0328_s80_a04,8.0360,0.3097
im_0328_s80_a05,16.8496,0.5168
im_0328_s80_a06,10.0004,0.3594
im_0328_s85_a04,14.5636,0.4044
im_0328_s85_a05,9.0532,0.2954
im_0328_s85_a06,12.5749,0.3839
im_0328_s90_a04,14.2325,0.3299
im_0328_s90_a05,9.4301,0.3205
im_0328_s90_a06,14.2792,0.3544
im_0328_s95_a04,10.9370,0.3848
im_0328_s95_a05,12.5343,0.2819
im_0328_s95_a06,13.1535,0.3486
im_0329_s100_a04,18.6903,0.6045
im_0329_s100_a05,15.1146,0.5530
im_0329_s100_a06,17.6082,0.5681
im_0329_s80_a04,12.8624,0.5038
im_0329_s80_a05,10.4333,0.4008
im_0329_s80_a06,10.2219,0.4557
im_0329_s85_a04,13.5011,0.5075
im_0329_s85_a05,18.5591,0.5550
im_0329_s85_a06,13.3236,0.5253
im_0329_s90_a04,9.2855,0.3879
im_0329_s90_a05,10.2898,0.3878
im_0329_s90_a06,15.6333,0.5787
im_0329_s95_a04,13.9474,0.5170
im_0329_s95_a05,17.5479,0.5114
im_0329_s95_a06,15.7656,0.5980
im_0330_s100_a04,12.4139,0.4435
im_0330_s100_a05,17.0086,0.5877
im_0330_s100_a06,5.9033,0.3577
im_0330_s80_a04,14.2948,0.4319
im_0330_s80_a05,7.8001,0.4022
im_0330_s80_a06,6.0933,0.3294
im_0330_s85_a04,8.3312,0.4059
im_0330_s85_a05,9.1731,0.4634
im_0330_s85_a06,7.9758,0.3622
im_0330_s90_a04,16.8644,0.4576
im_0330_s90_a05,11.1769,0.3893
im_0330_s90_a06,6.4701,0.3455
im_0330_s95_a04,11.0648,0.4239
im_0330_s95_a05,17.2350,0.5853
im_0330_s95_a06,8.1904,0.4112
im_0331_s100_a04,18.1521,0.6752
im_0331_s100_a05,12.4770,0.4699
im_0331_s100_a06,14.1921,0.5638
im_0331_s80_a04,13.1651,0.4613
im_0331_s80_a05,15.9273,0.6005
im_0331_s80_a06,20.5505,0.6066
im_0331_s85_a04,15.9203,0.5983
im_0331_s85_a05,16.7699,0.5978
im_0331_s85_a06,15.3387,0.5078
im_0331_s90_a04,13.3064,0.4469
im_0331_s90_a05,14.6536,0.4614
im_0331_s90_a06,10.8003,0.4887
im_0331_s95_a04,11.6976,0.5287
im_0331_s95_a05,9.9131,0.4895
im_0331_s95_a06,14.7509,0.5121
im_0332_s100_a04,13.8165,0.5305
im_0332_s100_a05,15.5589,0.5321
im_0332_s100_a06,13.1179,0.5520
im_0332_s80_a04,16.1658,0.5007
im_0332_s80_a05,14.4196,0.4780
im_0332_s80_a06,9.4945,0.4718
im_0332_s85_a04,11.9112,0.5454
im_0332_s85_a05,10.0739,0.4746
im_0332_s85_a06,17.4107,0.5745
im_0332_s90_a04,16.6995,0.5009
im_0332_s90_a05,15.1624,0.4904
im_0332_s90_a06,16.7123,0.5345
im_0332_s95_a04,9.1541,0.4500
im_0332_s95_a05,18.2307,0.6282
im_0332_s95_a06,16.2082,0.5769
im_0333_s100_a04,16.2789,0.5883
im_0333_s100_a05,12.1027,0.5687
im_0333_s100_a06,18.1261,0.5975
im_0333_s80_a04,16.3329,0.6802
im_0333_s80_a05,17.5432,0.5851
im_0333_s80_a06,12.8112,0.5934
im_0333_s85_a04,17.2582,0.7347
im_0333_s85_a05,19.5825,0.6635
im_0333_s85_a06,15.8314,0.6703
im_0333_s90_a04,17.5121,0.6676
im_0333_s90_a05,17.6110,0.6596
im_0333_s90_a06,17.6800,0.6443
im_0333_s95_a04,19.6347,0.7546
im_0333_s95_a05,17.3396,0.6382
im_0333_s95_a06,16.5857,0.6167
im_0334_s100_a04,16.3222,0.5981
im_0334_s100_a05,16.6716,0.5575
im_0334_s100_a06,16.6410,0.5116
im_0334_s80_a04,16.8715,0.5512
im_0334_s80_a05,17.7462,0.5787
im_0334_s80_a06,13.5775,0.5780
im_0334_s85_a04,16.9427,0.4992
im_0334_s85_a05,18.0455,0.7054
im_0334_s85_a06,18.2400,0.6164
im_0334_s90_a04,18.1040,0.5334
im_0334_s90_a05,16.0233,0.5692
im_0334_s90_a06,15.3611,0.5198
im_0334_s95_a04,14.8551,0.5670
im_0334_s95_a05,15.2508,0.6253
im_0334_s95_a06,16.4648,0.4693
im_0335_s100_a04,14.0674,0.5235
im_0335_s100_a05,13.4978,0.4954
im_0335_s100_a06,8.8158,0.4759
im_0335_s80_a04,7.2901,0.3802
im_0335_s80_a05,7.6572,0.3834
im_0335_s80_a06,10.3197,0.4769
im_0335_s85_a04,15.1714,0.4595
im_0335_s85_a05,13.9590,0.4543
im_0335_s85_a06,9.5590,0.5132
im_0335_s90_a04,7.7455,0.4008
im_0335_s90_a05,10.5298,0.4492
im_0335_s90_a06,10.8954,0.5382
im_0335_s95_a04,7.5721,0.4729
im_0335_s95_a05,15.2209,0.4613
im_0335_s95_a06,12.6105,0.5581
im_0336_s100_a04,15.8875,0.6722
im_0336_s100_a05,14.5939,0.6165
im_0336_s100_a06,14.8955,0.7313
im_0336_s80_a04,15.6018,0.6287
im_0336_s80_a05,14.6902,0.6544
im_0336_s80_a06,13.3460,0.6397
im_0336_s85_a04,11.0512,0.5641
im_0336_s85_a05,13.9352,0.5880
im_0336_s85_a06,10.9123,0.5773
im_0336_s90_a04,15.2096,0.7108
im_0336_s90_a05,15.5921,0.7073
im_0336_s90_a06,12.2329,0.5246
im_0336_s95_a04,12.0285,0.5482
im_0336_s95_a05,14.7829,0.5949
im_0336_s95_a06,15.4679,0.5911
im_0337_s100_a04,14.7146,0.5866
im_0337_s100_a05,16.8822,0.5870
im_0337_s100_a06,15.4236,0.5616
im_0337_s80_a04,12.2546,0.4861
im_0337_s80_a05,13.9292,0.4764
im_0337_s80_a06,14.2300,0.4891
im_0337_s85_a04,14.7545,0.5583
im_0337_s85_a05,9.8307,0.4812
im_0337_s85_a06,14.5893,0.5780
im_0337_s90_a04,16.3549,0.5665
im_0337_s90_a05,15.1192,0.4861
im_0337_s90_a06,10.6169,0.4081
im_0337_s95_a04,17.8669,0.6578
im_0337_s95_a05,13.9085,0.5108
im_0337_s95_a06,16.1628,0.5373
im_0338_s100_a04,14.1739,0.5563
im_0338_s100_a05,12.9722,0.4677
im_0338_s100_a06,8.7196,0.4560
im_0338_s80_a04,13.0798,0.4367
im_0338_s80_a05,8.5071,0.3774
im_0338_s80_a06,19.8365,0.6489
im_0338_s85_a04,14.7036,0.5637
im_0338_s85_a05,16.6410,0.5389
im_0338_s85_a06,18.1488,0.6408
im_0338_s90_a04,8.6330,0.4658
im_0338_s90_a05,9.6350,0.4464
im_0338_s90_a06,18.1524,0.5438
im_0338_s95_a04,12.9301,0.5410
im_0338_s95_a05,14.8300,0.4953
im_0338_s95_a06,12.7104,0.4878
im_0339_s100_a04,7.1433,0.5418
im_0339_s100_a05,9.4220,0.4861
im_0339_s100_a06,10.2914,0.5114
im_0339_s80_a04,10.5969,0.5159
im_0339_s80_a05,10.8330,0.5455
im_0339_s80_a06,10.7951,0.5182
im_0339_s85_a04,11.6759,0.5408
im_0339_s85_a05,10.9320,0.5038
im_0339_s85_a06,7.6395,0.5417
im_0339_s90_a04,10.6351,0.4988
im_0339_s90_a05,7.8286,0.5006
im_0339_s90_a06,11.2550,0.5129
im_0339_s95_a04,8.2399,0.5077
im_0339_s95_a05,9.8322,0.4746
im_0339_s95_a06,11.0220,0.5617
im_0340_s100_a04,10.9482,0.4800
im_0340_s100_a05,13.7532,0.6213
im_0340_s100_a06,15.8168,0.6582
im_0340_s80_a04,13.6206,0.4467
im_0340_s80_a05,13.6480,0.5514
im_0340_s80_a06,15.9462,0.5841
im_0340_s85_a04,16.9732,0.6220
im_0340_s85_a05,16.0944,0.5927
im_0340_s85_a06,15.7723,0.5515
im_0340_s90_a04,15.5152,0.5516
im_0340_s90_a05,13.0135,0.4244
im_0340_s90_a06,15.7178,0.5772
im_0340_s95_a04,15.8171,0.6204
im_0340_s95_a05,14.7130,0.6241
im_0340_s95_a06,16.0768,0.5350
im_0341_s100_a04,12.8503,0.5355
im_0341_s100_a05,15.0167,0.6242
im_0341_s100_a06,19.5262,0.6457
im_0341_s80_a04,19.2855,0.6685
im_0341_s80_a05,11.9967,0.5148
im_0341_s80_a06,15.9227,0.5536
im_0341_s85_a04,19.8065,0.6923
im_0341_s85_a05,19.7952,0.5847
im_0341_s85_a06,15.4240,0.5812
im_0341_s90_a04,18.4541,0.5000
im_0341_s90_a05,13.0089,0.5861
im_0341_s90_a06,14.1583,0.5173
im_0341_s95_a04,20.3044,0.6804
im_0341_s95_a05,17.4575,0.6524
im_0341_s95_a06,12.9746,0.5594
im_0342_s100_a04,16.6572,0.5891
im_0342_s100_a05,15.9083,0.6463
im_0342_s100_a06,16.3409,0.5700
im_0342_s80_a04,17.5529,0.7095
im_0342_s80_a05,17.6929,0.6813
im_0342_s80_a06,17.4158,0.6751
im_0342_s85_a04,16.8785,0.6921
im_0342_s85_a05,17.3635,0.6898
im_0342_s85_a06,16.2702,0.6441
im_0342_s90_a04,17.0142,0.5793
im_0342_s90_a05,18.3082,0.6615
im_0342_s90_a06,15.8093,0.5291
im_0342_s95_a04,16.7575,0.6284
im_0342_s95_a05,16.7110,0.6335
im_0342_s95_a06,17.9374,0.6896
im_0343_s100_a04,7.6337,0.3640
im_0343_s100_a05,12.9759,0.5052
im_0343_s100_a06,12.1527,0.5148
im_0343_s80_a04,12.7009,0.4776
im_0343_s80_a05,11.3000,0.5235
im_0343_s80_a06,14.6181,0.5258
im_0343_s85_a04,13.4920,0.4720
im_0343_s85_a05,9.4891,0.4841
im_0343_s85_a06,12.8807,0.4495
im_0343_s90_a04,11.4712,0.4454
im_0343_s90_a05,14.5716,0.5363
im_0343_s90_a06,11.3260,0.4280
im_0343_s95_a04,12.9757,0.4813
im_0343_s95_a05,14.5125,0.5937
im_0343_s95_a06,13.9397,0.5381
im_0344_s100_a04,13.2691,0.5554
im_0344_s100_a05,11.9317,0.5160
im_0344_s100_a06,15.2760,0.5226
im_0344_s80_a04,14.3767,0.5261
im_0344_s80_a05,13.3824,0.5779
im_0344_s80_a06,9.9795,0.5183
im_0344_s85_a04,12.4708,0.5199
im_0344_s85_a05,16.0389,0.5257
im_0344_s85_a06,9.2558,0.4759
im_0344_s90_a04,10.0585,0.4703
im_0344_s90_a05,13.2307,0.5062
im_0344_s90_a06,13.2702,0.5364
im_0344_s95_a04,14.3689,0.5186
im_0344_s95_a05,10.4870,0.5762
im_0344_s95_a06,9.4667,0.5391
im_0345_s100_a04,11.3419,0.3940
im_0345_s100_a05,7.1694,0.3171
im_0345_s100_a06,13.6450,0.4714
im_0345_s80_a04,15.8615,0.5239
im_0345_s80_a05,5.3252,0.2780
im_0345_s80_a06,10.7591,0.3686
im_0345_s85_a04,16.0270,0.4888
im_0345_s85_a05,8.7456,0.3472
im_0345_s85_a06,7.3751,0.3130
im_0345_s90_a04,17.9213,0.5789
im_0345_s90_a05,17.0800,0.5273
im_0345_s90_a06,6.6870,0.2740
im_0345_s95_a04,17.9359,0.5711
im_0345_s95_a05,11.4266,0.4025
im_0345_s95_a06,7.3893,0.3360
im_0346_s100_a04,7.9109,0.4749
im_0346_s100_a05,17.5775,0.6879
im_0346_s100_a06,13.0988,0.5147
im_0346_s80_a04,9.3288,0.4762
im_0346_s80_a05,15.5541,0.5493
im_0346_s80_a06,10.6824,0.5304
im_0346_s85_a04,13.8165,0.5256
im_0346_s85_a05,9.2357,0.4729
im_0346_s85_a06,11.7117,0.5869
im_0346_s90_a04,14.6526,0.5596
im_0346_s90_a05,16.8104,0.6954
im_0346_s90_a06,13.7971,0.4761
im_0346_s95_a04,15.0655,0.6037
im_0346_s95_a05,10.8582,0.5404
im_0346_s95_a06,7.5640,0.4543
im_0347_s100_a04,13.0660,0.4833
im_0347_s100_a05,15.1949,0.6108
im_0347_s100_a06,15.5024,0.6097
im_0347_s80_a04,16.4755,0.6338
im_0347_s80_a05,12.9713,0.5283
im_0347_s80_a06,16.3084,0.6297
im_0347_s85_a04,15.8983,0.5563
im_0347_s85_a05,15.2091,0.6430
im_0347_s85_a06,14.9167,0.6034
im_0347_s90_a04,9.5123,0.4792
im_0347_s90_a05,15.8895,0.5025
im_0347_s90_a06,12.9183,0.5068
im_0347_s95_a04,14.4544,0.5251
im_0347_s95_a05,14.6978,0.5700
im_0347_s95_a06,14.8592,0.5064
im_0348_s100_a04,14.8359,0.5824
im_0348_s100_a05,14.8908,0.5683
im_0348_s100_a06,16.9793,0.6606
im_0348_s80_a04,12.1744,0.6438
im_0348_s80_a05,14.1298,0.6643
im_0348_s80_a06,13.8640,0.5950
im_0348_s85_a04,14.4177,0.6061
im_0348_s85_a05,16.1772,0.7678
im_0348_s85_a06,12.7316,0.5318
im_0348_s90_a04,12.1200,0.4954
im_0348_s90_a05,12.3647,0.4499
im_0348_s90_a06,14.6634,0.6261
im_0348_s95_a04,15.8230,0.6684
im_0348_s95_a05,15.2674,0.6360
im_0348_s95_a06,16.0664,0.6669
im_0349_s100_a04,12.5218,0.4348
im_0349_s100_a05,11.4315,0.5004
im_0349_s100_a06,11.7689,0.4943
im_0349_s80_a04,11.5317,0.4933
im_0349_s80_a05,11.1696,0.3922
im_0349_s80_a06,11.5229,0.4197
im_0349_s85_a04,10.8655,0.4303
im_0349_s85_a05,17.9667,0.5932
im_0349_s85_a06,12.4784,0.4479
im_0349_s90_a04,12.6144,0.4417
im_0349_s90_a05,14.2337,0.5192
im_0349_s90_a06,12.9670,0.5010
im_0349_s95_a04,13.3441,0.5471
im_0349_s95_a05,16.7555,0.6399
im_0349_s95_a06,11.3337,0.4280
im_0350_s100_a04,15.7803,0.6347
im_0350_s100_a05,14.6117,0.5193
im_0350_s100_a06,11.4245,0.5308
im_0350_s80_a04,15.0786,0.5802
im_0350_s80_a05,11.6742,0.5519
im_0350_s80_a06,9.8456,0.4698
im_0350_s85_a04,15.6395,0.6759
im_0350_s85_a05,9.3913,0.4723
im_0350_s85_a06,14.0572,0.6186
im_0350_s90_a04,11.1174,0.5149
im_0350_s90_a05,14.9181,0.5927
im_0350_s90_a06,14.3817,0.5378
im_0350_s95_a04,16.4033,0.6532
im_0350_s95_a05,11.9880,0.5840
im_0350_s95_a06,14.7874,0.5386
im_0351_s100_a04,9.6389,0.6214
im_0351_s100_a05,16.7162,0.7073
im_0351_s100_a06,9.3369,0.6280
im_0351_s80_a04,9.7339,0.5588
im_0351_s80_a05,9.1858,0.5871
im_0351_s80_a06,14.6886,0.6961
im_0351_s85_a04,8.3260,0.5207
im_0351_s85_a05,9.0820,0.5602
im_0351_s85_a06,16.2906,0.6503
im_0351_s90_a04,11.7348,0.6075
im_0351_s90_a05,9.6577,0.6426
im_0351_s90_a06,13.3458,0.6290
im_0351_s95_a04,15.0219,0.6291
im_0351_s95_a05,13.7740,0.6898
im_0351_s95_a06,9.7192,0.6131
im_0352_s100_a04,13.4278,0.4194
im_0352_s100_a05,14.8811,0.5418
im_0352_s100_a06,9.7162,0.4018
im_0352_s80_a04,7.4051,0.3540
im_0352_s80_a05,16.4636,0.5986
im_0352_s80_a06,9.2644,0.4317
im_0352_s85_a04,10.2717,0.3972
im_0352_s85_a05,13.0521,0.5077
im_0352_s85_a06,8.9938,0.3480
im_0352_s90_a04,13.3848,0.4471
im_0352_s90_a05,15.7327,0.5790
im_0352_s90_a06,9.1539,0.3839
im_0352_s95_a04,7.1766,0.3295
im_0352_s95_a05,14.6140,0.5496
im_0352_s95_a06,13.6670,0.5350
im_0353_s100_a04,14.6871,0.4923
im_0353_s100_a05,17.6323,0.5829
im_0353_s100_a06,16.5383,0.4997
im_0353_s80_a04,16.6797,0.4976
im_0353_s80_a05,20.1902,0.6426
im_0353_s80_a06,18.6463,0.5531
im_0353_s85_a04,18.6090,0.5541
im_0353_s85_a05,19.1181,0.4992
im_0353_s85_a06,10.4541,0.5836
im_0353_s90_a04,9.5607,0.5817
im_0353_s90_a05,16.2422,0.4448
im_0353_s90_a06,18.5207,0.4718
im_0353_s95_a04,9.9057,0.5718
im_0353_s95_a05,18.7507,0.4955
im_0353_s95_a06,10.7266,0.6048
im_0354_s100_a04,14.9015,0.5787
im_0354_s100_a05,11.9858,0.5550
im_0354_s100_a06,16.5851,0.5021
im_0354_s80_a04,17.8915,0.6010
im_0354_s80_a05,17.4366,0.6116
im_0354_s80_a06,11.9182,0.4758
im_0354_s85_a04,14.4387,0.5028
im_0354_s85_a05,17.1386,0.5465
im_0354_s85_a06,11.0531,0.4878
im_0354_s90_a04,16.0181,0.6296
im_0354_s90_a05,16.3731,0.5471
im_0354_s90_a06,12.2661,0.4996
im_0354_s95_a04,17.7715,0.6555
im_0354_s95_a05,17.3141,0.6147
im_0354_s95_a06,13.5435,0.6074
im_0355_s100_a04,13.8789,0.5094
im_0355_s100_a05,17.7314,0.4848
im_0355_s100_a06,18.7848,0.6398
im_0355_s80_a04,18.3777,0.5572
im_0355_s80_a05,19.5221,0.6212
im_0355_s80_a06,14.6704,0.6568
im_0355_s85_a04,18.0327,0.7001
im_0355_s85_a05,15.6704,0.6612
im_0355_s85_a06,19.2658,0.5777
im_0355_s90_a04,11.7353,0.5394
im_0355_s90_a05,11.2859,0.5161
im_0355_s90_a06,14.6940,0.6403
im_0355_s95_a04,18.5816,0.5422
im_0355_s95_a05,19.6839,0.7189
im_0355_s95_a06,15.2910,0.5633
im_0356_s100_a04,12.7344,0.5664
im_0356_s100_a05,12.5383,0.6516
im_0356_s100_a06,9.4627,0.5625
im_0356_s80_a04,13.8976,0.6012
im_0356_s80_a05,13.0453,0.5661
im_0356_s80_a06,13.9601,0.6657
im_0356_s85_a04,14.6037,0.6292
im_0356_s85_a05,11.1170,0.6087
im_0356_s85_a06,14.7110,0.5730
im_0356_s90_a04,8.9114,0.5663
im_0356_s90_a05,9.6063,0.5612
im_0356_s90_a06,10.0744,0.5682
im_0356_s95_a04,10.4125,0.5400
im_0356_s95_a05,14.4315,0.6399
im_0356_s95_a06,10.7720,0.5679
im_0357_s100_a04,10.5134,0.4949
im_0357_s100_a05,10.0083,0.5049
im_0357_s100_a06,15.2746,0.5017
im_0357_s80_a04,16.2758,0.6294
im_0357_s80_a05,9.5340,0.4468
im_0357_s80_a06,9.6222,0.5261
im_0357_s85_a04,17.2791,0.5928
im_0357_s85_a05,16.7375,0.6202
im_0357_s85_a06,15.0765,0.5863
im_0357_s90_a04,9.7652,0.4693
im_0357_s90_a05,17.7760,0.5540
im_0357_s90_a06,10.5000,0.5197
im_0357_s95_a04,12.8616,0.4985
im_0357_s95_a05,15.6071,0.6349
im_0357_s95_a06,11.4453,0.5028
im_0358_s100_a04,11.7019,0.5008
im_0358_s100_a05,15.7503,0.6466
im_0358_s100_a06,11.5048,0.5443
im_0358_s80_a04,14.7766,0.5312
im_0358_s80_a05,9.5372,0.4321
im_0358_s80_a06,13.5493,0.5727
im_0358_s85_a04,16.3316,0.6097
im_0358_s85_a05,15.8737,0.5981
im_0358_s85_a06,14.5930,0.5652
im_0358_s90_a04,14.7057,0.4792
im_0358_s90_a05,15.3307,0.5495
im_0358_s90_a06,15.1730,0.5586
im_0358_s95_a04,13.6412,0.5531
im_0358_s95_a05,10.2819,0.4185
im_0358_s95_a06,13.2388,0.5045
im_0359_s100_a04,9.7403,0.5272
im_0359_s100_a05,11.7213,0.5457
im_0359_s100_a06,12.1012,0.5318
im_0359_s80_a04,11.3790,0.4569
im_0359_s80_a05,11.7635,0.4940
im_0359_s80_a06,8.0841,0.4689
im_0359_s85_a04,12.9856,0.5707
im_0359_s85_a05,9.5877,0.4797
im_0359_s85_a06,11.3088,0.4540
im_0359_s90_a04,12.4190,0.5168
im_0359_s90_a05,8.2709,0.4954
im_0359_s90_a06,8.2622,0.4809
im_0359_s95_a04,8.2146,0.4678
im_0359_s95_a05,8.3760,0.4647
im_0359_s95_a06,10.0751,0.4880
im_0360_s100_a04,8.1152,0.4110
im_0360_s100_a05,6.2560,0.3394
im_0360_s100_a06,14.0502,0.3619
im_0360_s80_a04,13.1923,0.3743
im_0360_s80_a05,5.2663,0.3499
im_0360_s80_a06,5.4719,0.3370
im_0360_s85_a04,15.2218,0.3795
im_0360_s85_a05,12.8436,0.3632
im_0360_s85_a06,6.9395,0.3063
im_0360_s90_a04,16.1168,0.4510
im_0360_s90_a05,12.3439,0.3781
im_0360_s90_a06,12.8034,0.4018
im_0360_s95_a04,11.8219,0.3943
im_0360_s95_a05,12.5742,0.3732
im_0360_s95_a06,11.1364,0.4182
im_0361_s100_a04,14.0242,0.6729
im_0361_s100_a05,10.1244,0.6272
im_0361_s100_a06,11.1650,0.5309
im_0361_s80_a04,12.8569,0.6755
im_0361_s80_a05,10.1815,0.6531
im_0361_s80_a06,10.4781,0.6144
im_0361_s85_a04,10.0718,0.6062
im_0361_s85_a05,10.3703,0.6424
im_0361_s85_a06,11.0376,0.5726
im_0361_s90_a04,11.1811,0.5776
im_0361_s90_a05,11.4239,0.6283
im_0361_s90_a06,13.3780,0.6433
im_0361_s95_a04,11.4052,0.7245
im_0361_s95_a05,11.3875,0.6530
im_0361_s95_a06,12.1653,0.6320
im_0362_s100_a04,12.6579,0.6742
im_0362_s100_a05,19.7566,0.6562
im_0362_s100_a06,20.3220,0.7271
im_0362_s80_a04,18.5283,0.5595
im_0362_s80_a05,21.0199,0.7278
im_0362_s80_a06,19.7275,0.6198
im_0362_s85_a04,19.5335,0.6745
im_0362_s85_a05,12.5310,0.6384
im_0362_s85_a06,16.5073,0.6446
im_0362_s90_a04,15.8638,0.5565
im_0362_s90_a05,15.2212,0.6177
im_0362_s90_a06,17.4162,0.6421
im_0362_s95_a04,21.0769,0.7175
im_0362_s95_a05,12.1799,0.6365
im_0362_s95_a06,19.2762,0.6788
im_0363_s100_a04,16.7611,0.6203
im_0363_s100_a05,14.7348,0.5228
im_0363_s100_a06,13.0967,0.5243
im_0363_s80_a04,10.4529,0.5185
im_0363_s80_a05,17.7012,0.6554
im_0363_s80_a06,8.7549,0.5059
im_0363_s85_a04,12.6632,0.4933
im_0363_s85_a05,11.9730,0.5289
im_0363_s85_a06,17.8105,0.6347
im_0363_s90_a04,18.5977,0.5545
im_0363_s90_a05,18.2041,0.5777
im_0363_s90_a06,12.9918,0.6105
im_0363_s95_a04,16.4139,0.6361
im_0363_s95_a05,17.2460,0.5479
im_0363_s95_a06,10.5962,0.5284
im_0364_s100_a04,10.5297,0.4807
im_0364_s100_a05,9.6899,0.5193
im_0364_s100_a06,15.9097,0.6667
im_0364_s80_a04,12.4578,0.5715
im_0364_s80_a05,11.2321,0.4770
im_0364_s80_a06,18.5776,0.5179
im_0364_s85_a04,9.9476,0.5610
im_0364_s85_a05,10.5337,0.5490
im_0364_s85_a06,18.5049,0.5021
im_0364_s90_a04,16.2707,0.6338
im_0364_s90_a05,17.8379,0.4555
im_0364_s90_a06,17.0102,0.4369
im_0364_s95_a04,17.9998,0.4223
im_0364_s95_a05,8.2929,0.4491
im_0364_s95_a06,12.3958,0.5760
im_0365_s100_a04,17.2774,0.6314
im_0365_s100_a05,17.9605,0.6840
im_0365_s100_a06,11.8378,0.6152
im_0365_s80_a04,16.8684,0.6149
im_0365_s80_a05,17.1255,0.7038
im_0365_s80_a06,18.0053,0.6912
im_0365_s85_a04,18.3317,0.6803
im_0365_s85_a05,18.0083,0.6645
im_0365_s85_a06,16.9758,0.6321
im_0365_s90_a04,15.6757,0.5466
im_0365_s90_a05,11.6893,0.5418
im_0365_s90_a06,16.3695,0.5267
im_0365_s95_a04,10.9021,0.5158
im_0365_s95_a05,15.9508,0.6128
im_0365_s95_a06,16.5301,0.6253
im_0366_s100_a04,17.6848,0.5379
im_0366_s100_a05,11.2676,0.5250
im_0366_s100_a06,17.8094,0.7211
im_0366_s80_a04,12.7537,0.5888
im_0366_s80_a05,10.1463,0.5361
im_0366_s80_a06,18.8316,0.6115
im_0366_s85_a04,18.0558,0.5992
im_0366_s85_a05,13.6049,0.6705
im_0366_s85_a06,15.8868,0.6455
im_0366_s90_a04,16.4300,0.5363
im_0366_s90_a05,10.9832,0.5684
im_0366_s90_a06,19.4362,0.6152
im_0366_s95_a04,9.5196,0.5008
im_0366_s95_a05,18.6854,0.6553
im_0366_s95_a06,10.5298,0.5204
im_0367_s100_a04,14.6836,0.6244
im_0367_s100_a05,12.3823,0.5626
im_0367_s100_a06,14.5251,0.6064
im_0367_s80_a04,12.7569,0.5848
im_0367_s80_a05,11.2727,0.5632
im_0367_s80_a06,9.7092,0.5329
im_0367_s85_a04,12.1066,0.5101
im_0367_s85_a05,14.9533,0.6658
im_0367_s85_a06,11.2515,0.5291
im_0367_s90_a04,12.3707,0.5721
im_0367_s90_a05,11.5796,0.5167
im_0367_s90_a06,11.7844,0.4384
im_0367_s95_a04,12.2048,0.6407
im_0367_s95_a05,14.8108,0.6289
im_0367_s95_a06,13.0661,0.5869
im_0368_s100_a04,14.4318,0.5065
im_0368_s100_a05,15.2669,0.5208
im_0368_s100_a06,14.7706,0.5466
im_0368_s80_a04,11.2652,0.5434
im_0368_s80_a05,13.8938,0.5668
im_0368_s80_a06,11.9243,0.5561
im_0368_s85_a04,11.9272,0.5568
im_0368_s85_a05,14.9856,0.5338
im_0368_s85_a06,11.5392,0.5594
im_0368_s90_a04,13.2717,0.4409
im_0368_s90_a05,9.7541,0.4692
im_0368_s90_a06,14.6719,0.4957
im_0368_s95_a04,14.6478,0.5409
im_0368_s95_a05,12.7353,0.5166
im_0368_s95_a06,9.9506,0.5070
im_0369_s100_a04,16.6529,0.6553
im_0369_s100_a05,13.6575,0.5749
im_0369_s100_a06,15.9947,0.6793
im_0369_s80_a04,12.5624,0.5328
im_0369_s80_a05,12.9838,0.5041
im_0369_s80_a06,14.0255,0.6039
im_0369_s85_a04,15.2681,0.6183
im_0369_s85_a05,14.2161,0.5923
im_0369_s85_a06,14.6031,0.6301
im_0369_s90_a04,15.9689,0.6541
im_0369_s90_a05,13.2269,0.5596
im_0369_s90_a06,15.8377,0.6787
im_0369_s95_a04,12.1159,0.5949
im_0369_s95_a05,15.6899,0.6859
im_0369_s95_a06,15.7112,0.5606
im_0370_s100_a04,15.9340,0.6681
im_0370_s100_a05,14.5288,0.6729
im_0370_s100_a06,13.0228,0.6748
im_0370_s80_a04,12.1874,0.5950
im_0370_s80_a05,13.5617,0.5730
im_0370_s80_a06,13.9246,0.5784
im_0370_s85_a04,13.4462,0.6653
im_0370_s85_a05,15.7192,0.6979
im_0370_s85_a06,11.6996,0.5604
im_0370_s90_a04,13.6463,0.5778
im_0370_s90_a05,12.3169,0.5690
im_0370_s90_a06,15.0008,0.5922
im_0370_s95_a04,13.8954,0.6878
im_0370_s95_a05,14.6470,0.7247
im_0370_s95_a06,16.3137,0.6929
im_0371_s100_a04,18.1669,0.6091
im_0371_s100_a05,17.9516,0.5996
im_0371_s100_a06,11.4495,0.5080
im_0371_s80_a04,18.1843,0.6414
im_0371_s80_a05,11.8595,0.4966
im_0371_s80_a06,16.8615,0.5733
im_0371_s85_a04,10.2868,0.4774
im_0371_s85_a05,17.6582,0.6092
im_0371_s85_a06,18.1246,0.5937
im_0371_s90_a04,17.8049,0.6285
im_0371_s90_a05,10.6103,0.4605
im_0371_s90_a06,18.5557,0.5867
im_0371_s95_a04,18.0174,0.5250
im_0371_s95_a05,14.6657,0.5787
im_0371_s95_a06,10.3485,0.5432
im_0372_s100_a04,11.5132,0.5129
im_0372_s100_a05,10.4144,0.4718
im_0372_s100_a06,12.7700,0.5550
im_0372_s80_a04,13.9514,0.5067
im_0372_s80_a05,16.2790,0.4923
im_0372_s80_a06,17.9015,0.5553
im_0372_s85_a04,11.7744,0.4744
im_0372_s85_a05,13.2461,0.4320
im_0372_s85_a06,12.9879,0.5711
im_0372_s90_a04,15.1925,0.5929
im_0372_s90_a05,13.2626,0.4469
im_0372_s90_a06,11.7275,0.5159
im_0372_s95_a04,10.6442,0.5313
im_0372_s95_a05,15.9603,0.5691
im_0372_s95_a06,12.2995,0.4902
im_0373_s100_a04,19.3140,0.6329
im_0373_s100_a05,17.4582,0.5585
im_0373_s100_a06,18.6165,0.6261
im_0373_s80_a04,17.1633,0.5872
im_0373_s80_a05,17.5513,0.6258
im_0373_s80_a06,17.1468,0.6073
im_0373_s85_a04,12.1115,0.6184
im_0373_s85_a05,12.3062,0.6092
im_0373_s85_a06,16.0110,0.5274
im_0373_s90_a04,12.9543,0.6034
im_0373_s90_a05,13.9570,0.5232
im_0373_s90_a06,17.0332,0.6196
im_0373_s95_a04,12.4227,0.6373
im_0373_s95_a05,16.4679,0.6153
im_0373_s95_a06,17.3288,0.5509
im_0374_s100_a04,16.1277,0.6928
im_0374_s100_a05,16.6047,0.6914
im_0374_s100_a06,12.4851,0.5770
im_0374_s80_a04,16.8208,0.5543
im_0374_s80_a05,16.7153,0.6076
im_0374_s80_a06,11.9295,0.5936
im_0374_s85_a04,19.2721,0.7191
im_0374_s85_a05,15.7220,0.6177
im_0374_s85_a06,18.2185,0.5556
im_0374_s90_a04,14.1524,0.6654
im_0374_s90_a05,12.6105,0.6645
im_0374_s90_a06,15.7858,0.6380
im_0374_s95_a04,16.1821,0.6521
im_0374_s95_a05,13.9581,0.6665
im_0374_s95_a06,17.4378,0.6858
im_0375_s100_a04,13.1739,0.5554
im_0375_s100_a05,14.2856,0.5685
im_0375_s100_a06,12.8757,0.4704
im_0375_s80_a04,11.3161,0.4387
im_0375_s80_a05,14.5293,0.6030
im_0375_s80_a06,13.3397,0.5185
im_0375_s85_a04,13.9103,0.5721
im_0375_s85_a05,13.4212,0.5066
im_0375_s85_a06,13.6031,0.4588
im_0375_s90_a04,14.8462,0.5602
im_0375_s90_a05,12.3058,0.4307
im_0375_s90_a06,13.6387,0.5461
im_0375_s95_a04,13.5693,0.5482
im_0375_s95_a05,13.8471,0.5603
im_0375_s95_a06,12.4204,0.5109
im_0376_s100_a04,14.3160,0.6038
im_0376_s100_a05,15.0042,0.4743
im_0376_s100_a06,16.4047,0.5483
im_0376_s80_a04,17.2345,0.4912
im_0376_s80_a05,12.1389,0.5757
im_0376_s80_a06,15.4675,0.5334
im_0376_s85_a04,17.9270,0.5247
im_0376_s85_a05,12.5964,0.5886
im_0376_s85_a06,19.8719,0.6598
im_0376_s90_a04,17.0310,0.5929
im_0376_s90_a05,19.5404,0.6044
im_0376_s90_a06,16.6621,0.6620
im_0376_s95_a04,16.9905,0.6550
im_0376_s95_a05,18.9246,0.7187
im_0376_s95_a06,18.4671,0.6435
im_0377_s100_a04,11.8039,0.6073
im_0377_s100_a05,8.8284,0.4998
im_0377_s100_a06,10.7153,0.5323
im_0377_s80_a04,12.5367,0.7054
im_0377_s80_a05,13.1974,0.5893
im_0377_s80_a06,10.3318,0.5104
im_0377_s85_a04,12.8321,0.5534
im_0377_s85_a05,11.0526,0.5616
im_0377_s85_a06,13.2060,0.6308
im_0377_s90_a04,12.0010,0.5435
im_0377_s90_a05,13.6608,0.6124
im_0377_s90_a06,12.3635,0.5208
im_0377_s95_a04,11.6443,0.5391
im_0377_s95_a05,11.0039,0.6240
im_0377_s95_a06,13.1603,0.6705
im_0378_s100_a04,15.1969,0.5289
im_0378_s100_a05,13.7699,0.5792
im_0378_s100_a06,8.5122,0.4556
im_0378_s80_a04,7.9614,0.4033
im_0378_s80_a05,16.9048,0.6316
im_0378_s80_a06,14.9750,0.4723
im_0378_s85_a04,15.8471,0.5464
im_0378_s85_a05,9.5921,0.4905
im_0378_s85_a06,9.8384,0.4886
im_0378_s90_a04,10.5531,0.4184
im_0378_s90_a05,16.3583,0.5529
im_0378_s90_a06,11.2516,0.5016
im_0378_s95_a04,16.9357,0.5983
im_0378_s95_a05,15.8511,0.5609
im_0378_s95_a06,14.3694,0.5303
im_0379_s100_a04,13.5756,0.5168
im_0379_s100_a05,17.1917,0.6541
im_0379_s100_a06,12.4734,0.4946
im_0379_s80_a04,14.1270,0.5212
im_0379_s80_a05,11.7610,0.5015
im_0379_s80_a06,10.1866,0.5008
im_0379_s85_a04,12.2662,0.5149
im_0379_s85_a05,15.8194,0.5527
im_0379_s85_a06,16.9431,0.6493
im_0379_s90_a04,14.2457,0.5311
im_0379_s90_a05,9.4934,0.4828
im_0379_s90_a06,8.8494,0.4224
im_0379_s95_a04,9.9809,0.5136
im_0379_s95_a05,14.7826,0.5455
im_0379_s95_a06,18.0735,0.6966
im_0380_s100_a04,9.3497,0.4941
im_0380_s100_a05,16.1505,0.6933
im_0380_s100_a06,11.3502,0.5620
im_0380_s80_a04,13.7872,0.6077
im_0380_s80_a05,15.5545,0.5880
im_0380_s80_a06,13.5543,0.5578
im_0380_s85_a04,14.7762,0.6710
im_0380_s85_a05,14.1507,0.6510
im_0380_s85_a06,11.8995,0.5314
im_0380_s90_a04,12.3278,0.5767
im_0380_s90_a05,8.8271,0.5562
im_0380_s90_a06,11.0176,0.5699
im_0380_s95_a04,14.4024,0.6386
im_0380_s95_a05,15.1333,0.5771
im_0380_s95_a06,16.3784,0.7301
im_0381_s100_a04,16.9602,0.6029
im_0381_s100_a05,17.1717,0.6550
im_0381_s100_a06,12.1825,0.5893
im_0381_s80_a04,11.7057,0.5395
im_0381_s80_a05,12.0996,0.6347
im_0381_s80_a06,11.8802,0.5610
im_0381_s85_a04,11.5014,0.5975
im_0381_s85_a05,14.5877,0.5639
im_0381_s85_a06,9.5302,0.5462
im_0381_s90_a04,17.7420,0.6007
im_0381_s90_a05,11.5706,0.4891
im_0381_s90_a06,13.0015,0.5669
im_0381_s95_a04,15.3671,0.5921
im_0381_s95_a05,18.3718,0.6541
im_0381_s95_a06,10.7755,0.6231
im_0382_s100_a04,12.1916,0.5574
im_0382_s100_a05,12.7172,0.5754
im_0382_s100_a06,11.5111,0.5035
im_0382_s80_a04,11.9757,0.4932
im_0382_s80_a05,7.0143,0.4297
im_0382_s80_a06,11.1823,0.4827
im_0382_s85_a04,12.3752,0.6285
im_0382_s85_a05,12.3371,0.5549
im_0382_s85_a06,12.0220,0.5697
im_0382_s90_a04,11.4495,0.4921
im_0382_s90_a05,11.7018,0.4650
im_0382_s90_a06,11.2985,0.6378
im_0382_s95_a04,12.6706,0.5295
im_0382_s95_a05,11.6264,0.5109
im_0382_s95_a06,11.2174,0.5153
im_0383_s100_a04,17.0687,0.6830
im_0383_s100_a05,17.4286,0.7233
im_0383_s100_a06,10.5720,0.5132
im_0383_s80_a04,18.3267,0.6619
im_0383_s80_a05,15.3050,0.6625
im_0383_s80_a06,15.1651,0.5959
im_0383_s85_a04,15.9407,0.6378
im_0383_s85_a05,19.3166,0.7075
im_0383_s85_a06,16.8991,0.5893
im_0383_s90_a04,15.1501,0.5985
im_0383_s90_a05,16.8825,0.5649
im_0383_s90_a06,18.3985,0.6762
im_0383_s95_a04,17.8007,0.6678
im_0383_s95_a05,18.9380,0.6755
im_0383_s95_a06,13.0105,0.5572
im_0384_s100_a04,14.4029,0.6032
im_0384_s100_a05,18.2571,0.7074
im_0384_s100_a06,16.0722,0.7065
im_0384_s80_a04,13.3763,0.5354
im_0384_s80_a05,15.3413,0.5102
im_0384_s80_a06,18.8522,0.6769
im_0384_s85_a04,18.8915,0.6483
im_0384_s85_a05,18.1047,0.5770
im_0384_s85_a06,11.0809,0.5956
im_0384_s90_a04,12.3740,0.5828
im_0384_s90_a05,17.2798,0.5358
im_0384_s90_a06,17.6487,0.6016
im_0384_s95_a04,13.9962,0.6409
im_0384_s95_a05,16.5850,0.6607
im_0384_s95_a06,18.8222,0.6964
im_0385_s100_a04,17.8460,0.4795
im_0385_s100_a05,15.2898,0.5279
im_0385_s100_a06,18.2088,0.5198
im_0385_s80_a04,13.3905,0.6051
im_0385_s80_a05,17.7023,0.6792
im_0385_s80_a06,13.7992,0.6431
im_0385_s85_a04,18.0843,0.6148
im_0385_s85_a05,16.9887,0.6876
im_0385_s85_a06,15.4073,0.4589
im_0385_s90_a04,13.6273,0.5124
im_0385_s90_a05,12.3434,0.5425
im_0385_s90_a06,12.9910,0.4793
im_0385_s95_a04,15.2669,0.5016
im_0385_s95_a05,10.8280,0.5122
im_0385_s95_a06,11.0963,0.4931
im_0386_s100_a04,10.0563,0.5136
im_0386_s100_a05,15.5998,0.6050
im_0386_s100_a06,15.9386,0.6075
im_0386_s80_a04,15.6458,0.6091
im_0386_s80_a05,10.4037,0.4679
im_0386_s80_a06,16.2060,0.5839
im_0386_s85_a04,14.3164,0.5194
im_0386_s85_a05,15.7555,0.5662
im_0386_s85_a06,14.6990,0.5757
im_0386_s90_a04,10.0686,0.3747
im_0386_s90_a05,14.8839,0.5910
im_0386_s90_a06,8.9219,0.4128
im_0386_s95_a04,14.7723,0.6009
im_0386_s95_a05,8.2757,0.4027
im_0386_s95_a06,9.9558,0.4370
im_0387_s100_a04,11.0847,0.5282
im_0387_s100_a05,14.9913,0.5184
im_0387_s100_a06,17.2814,0.6231
im_0387_s80_a04,13.8552,0.6099
im_0387_s80_a05,19.2172,0.6565
im_0387_s80_a06,14.6775,0.4665
im_0387_s85_a04,20.9581,0.5767
im_0387_s85_a05,11.8677,0.5485
im_0387_s85_a06,12.2682,0.5633
im_0387_s90_a04,14.5821,0.4055
im_0387_s90_a05,19.0311,0.5006
im_0387_s90_a06,19.3314,0.5150
im_0387_s95_a04,13.2895,0.5606
im_0387_s95_a05,10.0245,0.5160
im_0387_s95_a06,13.6945,0.5959
im_0388_s100_a04,10.2639,0.4189
im_0388_s100_a05,10.0120,0.3697
im_0388_s100_a06,8.7300,0.3988
im_0388_s80_a04,12.1006,0.4395
im_0388_s80_a05,20.3807,0.6584
im_0388_s80_a06,13.9227,0.4709
im_0388_s85_a04,14.4590,0.4278
im_0388_s85_a05,19.4317,0.5951
im_0388_s85_a06,9.1139,0.4487
im_0388_s90_a04,9.0286,0.3422
im_0388_s90_a05,8.0318,0.3621
im_0388_s90_a06,8.5470,0.4419
im_0388_s95_a04,11.2731,0.4399
im_0388_s95_a05,11.1192,0.4562
im_0388_s95_a06,19.4214,0.6642
im_0389_s100_a04,13.6220,0.6447
im_0389_s100_a05,14.5036,0.5693
im_0389_s100_a06,11.2775,0.5766
im_0389_s80_a04,14.9650,0.5337
im_0389_s80_a05,13.0308,0.5196
im_0389_s80_a06,13.3175,0.5398
im_0389_s85_a04,14.3100,0.5015
im_0389_s85_a05,8.9617,0.5055
im_0389_s85_a06,10.0080,0.5514
im_0389_s90_a04,14.6716,0.5994
im_0389_s90_a05,15.7124,0.5326
im_0389_s90_a06,15.5483,0.5547
im_0389_s95_a04,15.8969,0.6322
im_0389_s95_a05,15.3480,0.5982
im_0389_s95_a06,13.7348,0.6153
im_0390_s100_a04,18.2275,0.5853
im_0390_s100_a05,19.1917,0.7169
im_0390_s100_a06,19.1467,0.7195
im_0390_s80_a04,18.9122,0.6375
im_0390_s80_a05,14.7398,0.4571
im_0390_s80_a06,18.2992,0.5355
im_0390_s85_a04,18.1881,0.6459
im_0390_s85_a05,16.1554,0.6000
im_0390_s85_a06,18.7037,0.6517
im_0390_s90_a04,16.8397,0.4376
im_0390_s90_a05,17.6802,0.5920
im_0390_s90_a06,18.6585,0.6111
im_0390_s95_a04,18.3387,0.6666
im_0390_s95_a05,16.3376,0.5440
im_0390_s95_a06,17.2800,0.6225
im_0391_s100_a04,9.2634,0.4739
im_0391_s100_a05,17.3094,0.5575
im_0391_s100_a06,16.6286,0.4794
im_0391_s80_a04,14.7273,0.4504
im_0391_s80_a05,8.6268,0.4843
im_0391_s80_a06,9.1918,0.4243
im_0391_s85_a04,16.6328,0.5100
im_0391_s85_a05,18.0992,0.5326
im_0391_s85_a06,7.7069,0.3995
im_0391_s90_a04,17.2723,0.4653
im_0391_s90_a05,14.9637,0.4898
im_0391_s90_a06,11.2362,0.5225
im_0391_s95_a04,17.2282,0.6068
im_0391_s95_a05,9.2876,0.4260
im_0391_s95_a06,15.6828,0.5169
im_0392_s100_a04,20.2093,0.7324
im_0392_s100_a05,10.3263,0.4481
im_0392_s100_a06,14.8489,0.5124
im_0392_s80_a04,12.6525,0.5479
im_0392_s80_a05,9.6667,0.4267
im_0392_s80_a06,9.3318,0.4999
im_0392_s85_a04,8.1583,0.4442
im_0392_s85_a05,16.6147,0.5751
im_0392_s85_a06,11.1999,0.5644
im_0392_s90_a04,16.4947,0.6085
im_0392_s90_a05,13.8438,0.4728
im_0392_s90_a06,8.9746,0.4691
im_0392_s95_a04,16.6022,0.6107
im_0392_s95_a05,18.1575,0.5976
im_0392_s95_a06,8.6847,0.5085
im_0393_s100_a04,16.8244,0.6262
im_0393_s100_a05,15.9859,0.5896
im_0393_s100_a06,17.2056,0.5927
im_0393_s80_a04,16.9025,0.6213
im_0393_s80_a05,16.7462,0.6520
im_0393_s80_a06,15.9207,0.6510
im_0393_s85_a04,12.4975,0.5973
im_0393_s85_a05,17.5069,0.6480
im_0393_s85_a06,12.9825,0.6116
im_0393_s90_a04,17.2080,0.6805
im_0393_s90_a05,15.9796,0.6167
im_0393_s90_a06,15.8720,0.5962
im_0393_s95_a04,14.2060,0.5978
im_0393_s95_a05,16.0750,0.6071
im_0393_s95_a06,15.3115,0.6423
im_0394_s100_a04,16.6392,0.7406
im_0394_s100_a05,16.8851,0.5712
im_0394_s100_a06,16.2834,0.5413
im_0394_s80_a04,18.1571,0.6557
im_0394_s80_a05,17.4635,0.7303
im_0394_s80_a06,14.0187,0.6495
im_0394_s85_a04,17.6151,0.6971
im_0394_s85_a05,16.8912,0.6278
im_0394_s85_a06,17.9132,0.7571
im_0394_s90_a04,18.5633,0.7290
im_0394_s90_a05,14.9665,0.5843
im_0394_s90_a06,16.7542,0.5967
im_0394_s95_a04,16.8113,0.6486
im_0394_s95_a05,17.1196,0.6676
im_0394_s95_a06,17.4774,0.7191
im_0395_s100_a04,18.2249,0.6531
im_0395_s100_a05,13.7094,0.6143
im_0395_s100_a06,16.6205,0.6576
im_0395_s80_a04,14.2007,0.6568
im_0395_s80_a05,12.7860,0.5739
im_0395_s80_a06,15.8172,0.6694
im_0395_s85_a04,13.2961,0.6459
im_0395_s85_a05,18.1120,0.6834
im_0395_s85_a06,18.9886,0.6678
im_0395_s90_a04,17.0219,0.6145
im_0395_s90_a05,12.6659,0.6429
im_0395_s90_a06,18.8332,0.6090
im_0395_s95_a04,12.4531,0.6779
im_0395_s95_a05,19.6199,0.6731
im_0395_s95_a06,17.3953,0.6018
im_0396_s100_a04,16.9035,0.6072
im_0396_s100_a05,13.1861,0.5519
im_0396_s100_a06,16.6816,0.6406
im_0396_s80_a04,16.6216,0.6386
im_0396_s80_a05,17.9454,0.6230
im_0396_s80_a06,17.1587,0.6773
im_0396_s85_a04,17.0153,0.6616
im_0396_s85_a05,17.4198,0.6657
im_0396_s85_a06,16.6217,0.6352
im_0396_s90_a04,17.0754,0.5517
im_0396_s90_a05,14.0411,0.5444
im_0396_s90_a06,16.0979,0.6784
im_0396_s95_a04,16.5983,0.5520
im_0396_s95_a05,16.5895,0.5770
im_0396_s95_a06,15.5733,0.6909
im_0397_s100_a04,12.4211,0.5177
im_0397_s100_a05,15.5150,0.6716
im_0397_s100_a06,15.2405,0.5485
im_0397_s80_a04,15.6350,0.5621
im_0397_s80_a05,13.9867,0.6490
im_0397_s80_a06,11.9367,0.4944
im_0397_s85_a04,15.0079,0.5734
im_0397_s85_a05,15.9052,0.6072
im_0397_s85_a06,15.0010,0.5565
im_0397_s90_a04,15.2456,0.5846
im_0397_s90_a05,14.5002,0.5521
im_0397_s90_a06,14.9611,0.5195
im_0397_s95_a04,13.0700,0.6429
im_0397_s95_a05,13.2070,0.6162
im_0397_s95_a06,13.2252,0.6193
im_0398_s100_a04,10.7868,0.7206
im_0398_s100_a05,13.8952,0.7011
im_0398_s100_a06,11.2577,0.7768
im_0398_s80_a04,14.2508,0.7493
im_0398_s80_a05,13.3651,0.7211
im_0398_s80_a06,14.4232,0.7090
im_0398_s85_a04,14.1789,0.7550
im_0398_s85_a05,11.0787,0.6565
im_0398_s85_a06,11.6845,0.7835
im_0398_s90_a04,17.1916,0.7809
im_0398_s90_a05,16.6808,0.7672
im_0398_s90_a06,11.6604,0.7669
im_0398_s95_a04,13.4548,0.7256
im_0398_s95_a05,12.3373,0.7550
im_0398_s95_a06,13.0936,0.7786
im_0399_s100_a04,15.7052,0.5700
im_0399_s100_a05,10.7560,0.4853
im_0399_s100_a06,16.5717,0.5836
im_0399_s80_a04,14.6899,0.5724
im_0399_s80_a05,16.2413,0.5964
im_0399_s80_a06,12.9614,0.5943
im_0399_s85_a04,15.2876,0.5993
im_0399_s85_a05,11.7987,0.5592
im_0399_s85_a06,10.3585,0.5622
im_0399_s90_a04,14.8899,0.5962
im_0399_s90_a05,14.3277,0.5926
im_0399_s90_a06,16.2619,0.5303
im_0399_s95_a04,15.2778,0.6122
im_0399_s95_a05,18.4544,0.6979
im_0399_s95_a06,14.1740,0.5876
im_0400_s100_a04,10.6077,0.5839
im_0400_s100_a05,20.4000,0.6523
im_0400_s100_a06,9.9386,0.5087
im_0400_s80_a04,14.6434,0.5995
im_0400_s80_a05,14.8206,0.5887
im_0400_s80_a06,16.8850,0.6274
im_0400_s85_a04,11.6165,0.5896
im_0400_s85_a05,20.3769,0.7084
im_0400_s85_a06,17.5798,0.6491
im_0400_s90_a04,15.2947,0.6598
im_0400_s90_a05,18.6430,0.6723
im_0400_s90_a06,19.4581,0.5436
im_0400_s95_a04,14.8364,0.6764
im_0400_s95_a05,20.2377,0.6573
im_0400_s95_a06,12.5135,0.5958
im_0401_s100_a04,17.9741,0.7044
im_0401_s100_a05,15.3218,0.5672
im_0401_s100_a06,15.4690,0.5637
im_0401_s80_a04,15.9262,0.6190
im_0401_s80_a05,17.4127,0.5975
im_0401_s80_a06,16.7594,0.5930
im_0401_s85_a04,13.5523,0.5876
im_0401_s85_a05,18.8571,0.6115
im_0401_s85_a06,19.2325,0.6559
im_0401_s90_a04,15.7217,0.6364
im_0401_s90_a05,16.9396,0.5070
im_0401_s90_a06,19.1997,0.4873
im_0401_s95_a04,16.0855,0.6284
im_0401_s95_a05,17.1470,0.6547
im_0401_s95_a06,17.6934,0.6592
im_0402_s100_a04,16.7231,0.6551
im_0402_s100_a05,10.8215,0.5129
im_0402_s100_a06,15.6290,0.6016
im_0402_s80_a04,13.5205,0.6180
im_0402_s80_a05,10.7426,0.5457
im_0402_s80_a06,16.1525,0.6020
im_0402_s85_a04,16.1098,0.6021
im_0402_s85_a05,12.9111,0.5915
im_0402_s85_a06,10.7857,0.5899
im_0402_s90_a04,15.8289,0.5442
im_0402_s90_a05,10.8007,0.5168
im_0402_s90_a06,11.0109,0.5057
im_0402_s95_a04,15.4200,0.5571
im_0402_s95_a05,16.2864,0.5998
im_0402_s95_a06,15.6472,0.5736
im_0403_s100_a04,13.8750,0.5286
im_0403_s100_a05,15.9460,0.6615
im_0403_s100_a06,9.5365,0.4359
im_0403_s80_a04,8.9274,0.4404
im_0403_s80_a05,14.6840,0.5758
im_0403_s80_a06,12.6578,0.5533
im_0403_s85_a04,15.3953,0.5912
im_0403_s85_a05,10.9582,0.5081
im_0403_s85_a06,15.7228,0.6184
im_0403_s90_a04,9.6783,0.4727
im_0403_s90_a05,12.4017,0.5528
im_0403_s90_a06,10.9821,0.5034
im_0403_s95_a04,12.9033,0.5788
im_0403_s95_a05,14.7873,0.6414
im_0403_s95_a06,15.9094,0.6503
im_0404_s100_a04,10.2205,0.4666
im_0404_s100_a05,10.1106,0.5102
im_0404_s100_a06,13.1594,0.5392
im_0404_s80_a04,12.8063,0.5894
im_0404_s80_a05,11.1038,0.5153
im_0404_s80_a06,12.7741,0.5617
im_0404_s85_a04,17.8344,0.5950
im_0404_s85_a05,10.7825,0.5165
im_0404_s85_a06,12.1089,0.5752
im_0404_s90_a04,16.4094,0.5848
im_0404_s90_a05,10.4007,0.5112
im_0404_s90_a06,15.7582,0.5945
im_0404_s95_a04,12.8336,0.5615
im_0404_s95_a05,12.7411,0.5797
im_0404_s95_a06,15.2187,0.5604
im_0405_s100_a04,18.0171,0.6527
im_0405_s100_a05,18.3860,0.7155
im_0405_s100_a06,18.2640,0.7044
im_0405_s80_a04,18.4973,0.7174
im_0405_s80_a05,12.8233,0.5359
im_0405_s80_a06,18.9391,0.7386
im_0405_s85_a04,18.1939,0.6962
im_0405_s85_a05,16.3748,0.6094
im_0405_s85_a06,14.4421,0.5607
im_0405_s90_a04,16.7862,0.6977
im_0405_s90_a05,15.7812,0.6347
im_0405_s90_a06,10.6536,0.5759
im_0405_s95_a04,16.9530,0.6745
im_0405_s95_a05,15.7680,0.6620
im_0405_s95_a06,17.6143,0.6081
im_0406_s100_a04,16.8924,0.5860
im_0406_s100_a05,19.2818,0.6915
im_0406_s100_a06,12.3835,0.5111
im_0406_s80_a04,18.6922,0.6970
im_0406_s80_a05,17.3483,0.5340
im_0406_s80_a06,18.5305,0.7187
im_0406_s85_a04,15.6190,0.6645
im_0406_s85_a05,12.2136,0.6595
im_0406_s85_a06,11.2095,0.6182
im_0406_s90_a04,13.4232,0.5249
im_0406_s90_a05,12.2811,0.5307
im_0406_s90_a06,17.9568,0.6749
im_0406_s95_a04,14.0446,0.6841
im_0406_s95_a05,17.1405,0.5297
im_0406_s95_a06,17.9256,0.6608
im_0407_s100_a04,13.8495,0.5487
im_0407_s100_a05,17.5356,0.6547
im_0407_s100_a06,15.7453,0.6398
im_0407_s80_a04,15.2362,0.5667
im_0407_s80_a05,15.6055,0.6357
im_0407_s80_a06,15.7527,0.6436
im_0407_s85_a04,16.1587,0.5977
im_0407_s85_a05,11.4946,0.5101
im_0407_s85_a06,13.1043,0.5290
im_0407_s90_a04,17.2277,0.5318
im_0407_s90_a05,15.7984,0.5985
im_0407_s90_a06,16.4816,0.5764
im_0407_s95_a04,17.9404,0.6781
im_0407_s95_a05,15.0106,0.5986
im_0407_s95_a06,14.9457,0.5912
im_0408_s100_a04,19.3746,0.7949
im_0408_s100_a05,17.0831,0.6395
im_0408_s100_a06,19.5505,0.7518
im_0408_s80_a04,18.8727,0.6326
im_0408_s80_a05,12.1083,0.6164
im_0408_s80_a06,13.6372,0.6584
im_0408_s85_a04,17.8700,0.7529
im_0408_s85_a05,17.1569,0.6171
im_0408_s85_a06,18.2890,0.6463
im_0408_s90_a04,18.9090,0.6639
im_0408_s90_a05,18.4155,0.7271
im_0408_s90_a06,18.2690,0.7095
im_0408_s95_a04,18.7377,0.7291
im_0408_s95_a05,17.0107,0.7388
im_0408_s95_a06,15.6462,0.7423
im_0409_s100_a04,13.5322,0.4656
im_0409_s100_a05,9.4058,0.5155
im_0409_s100_a06,10.3000,0.4594
im_0409_s80_a04,7.5207,0.4783
im_0409_s80_a05,7.5637,0.3963
im_0409_s80_a06,16.9976,0.5707
im_0409_s85_a04,8.0890,0.4950
im_0409_s85_a05,8.8205,0.4533
im_0409_s85_a06,15.9494,0.6348
im_0409_s90_a04,19.0371,0.6102
im_0409_s90_a05,9.3106,0.4474
im_0409_s90_a06,8.1407,0.4937
im_0409_s95_a04,12.8827,0.5406
im_0409_s95_a05,15.0872,0.5209
im_0409_s95_a06,7.6084,0.5327
im_0410_s100_a04,16.6990,0.5928
im_0410_s100_a05,14.8909,0.5295
im_0410_s100_a06,12.8204,0.5111
im_0410_s80_a04,10.9793,0.5390
im_0410_s80_a05,18.6007,0.6025
im_0410_s80_a06,8.5972,0.4621
im_0410_s85_a04,19.2920,0.6051
im_0410_s85_a05,18.0609,0.5478
im_0410_s85_a06,14.7059,0.5190
im_0410_s90_a04,9.9914,0.4833
im_0410_s90_a05,9.3259,0.4980
im_0410_s90_a06,15.5839,0.4745
im_0410_s95_a04,18.7747,0.6286
im_0410_s95_a05,9.6933,0.5178
im_0410_s95_a06,9.5262,0.5058
im_0411_s100_a04,16.7741,0.5804
im_0411_s100_a05,15.4610,0.6086
im_0411_s100_a06,11.0166,0.4830
im_0411_s80_a04,12.4365,0.5863
im_0411_s80_a05,12.5543,0.5210
im_0411_s80_a06,15.6592,0.6108
im_0411_s85_a04,12.0270,0.5819
im_0411_s85_a05,9.4181,0.5064
im_0411_s85_a06,9.5491,0.5199
im_0411_s90_a04,11.7922,0.4906
im_0411_s90_a05,13.8785,0.5050
im_0411_s90_a06,12.1596,0.4904
im_0411_s95_a04,10.4675,0.4551
im_0411_s95_a05,16.7757,0.6197
im_0411_s95_a06,18.2080,0.7275
im_0412_s100_a04,8.1161,0.4012
im_0412_s100_a05,18.6688,0.5292
im_0412_s100_a06,8.2445,0.4947
im_0412_s80_a04,9.3621,0.4202
im_0412_s80_a05,17.5473,0.5213
im_0412_s80_a06,7.5843,0.4364
im_0412_s85_a04,8.5513,0.4944
im_0412_s85_a05,13.0989,0.5394
im_0412_s85_a06,7.9557,0.4647
im_0412_s90_a04,9.9159,0.4302
im_0412_s90_a05,15.3320,0.4212
im_0412_s90_a06,16.5455,0.4451
im_0412_s95_a04,16.8881,0.5341
im_0412_s95_a05,8.0033,0.4496
im_0412_s95_a06,16.4383,0.5352
im_0413_s100_a04,12.0057,0.4920
im_0413_s100_a05,9.1341,0.4719
im_0413_s100_a06,12.9196,0.4266
im_0413_s80_a04,13.0930,0.5420
im_0413_s80_a05,14.4351,0.5466
im_0413_s80_a06,14.2544,0.5104
im_0413_s85_a04,7.3725,0.3989
im_0413_s85_a05,12.1353,0.5142
im_0413_s85_a06,8.6941,0.4293
im_0413_s90_a04,7.9127,0.4153
im_0413_s90_a05,11.1228,0.4062
im_0413_s90_a06,9.5542,0.4457
im_0413_s95_a04,15.3247,0.5725
im_0413_s95_a05,12.2320,0.4118
im_0413_s95_a06,10.2376,0.4564
im_0414_s100_a04,15.2092,0.6232
im_0414_s100_a05,15.7095,0.6037
im_0414_s100_a06,14.1811,0.6120
im_0414_s80_a04,17.4008,0.6027
im_0414_s80_a05,11.4061,0.4899
im_0414_s80_a06,16.9726,0.6269
im_0414_s85_a04,18.5778,0.6124
im_0414_s85_a05,18.1995,0.6305
im_0414_s85_a06,11.0104,0.5498
im_0414_s90_a04,11.7378,0.5653
im_0414_s90_a05,18.2544,0.5972
im_0414_s90_a06,17.8619,0.5755
im_0414_s95_a04,18.5502,0.5834
im_0414_s95_a05,18.6978,0.6277
im_0414_s95_a06,17.4767,0.6125
im_0415_s100_a04,9.9296,0.5220
im_0415_s100_a05,14.1479,0.5123
im_0415_s100_a06,12.4290,0.5897
im_0415_s80_a04,9.4111,0.4647
im_0415_s80_a05,15.5241,0.5738
im_0415_s80_a06,18.1397,0.5644
im_0415_s85_a04,15.3751,0.5732
im_0415_s85_a05,15.5820,0.5936
im_0415_s85_a06,18.0605,0.5758
im_0415_s90_a04,16.6178,0.5106
im_0415_s90_a05,9.7282,0.5341
im_0415_s90_a06,12.0623,0.5487
im_0415_s95_a04,15.7672,0.5892
im_0415_s95_a05,16.1731,0.6264
im_0415_s95_a06,13.6365,0.6341
im_0416_s100_a04,12.1748,0.5191
im_0416_s100_a05,16.5227,0.6124
im_0416_s100_a06,19.3805,0.7266
im_0416_s80_a04,11.6732,0.5659
im_0416_s80_a05,10.9542,0.5338
im_0416_s80_a06,18.0114,0.7153
im_0416_s85_a04,13.6191,0.6496
im_0416_s85_a05,16.8844,0.6820
im_0416_s85_a06,17.7987,0.7099
im_0416_s90_a04,10.7207,0.5424
im_0416_s90_a05,16.4089,0.6176
im_0416_s90_a06,21.6398,0.7771
im_0416_s95_a04,16.0198,0.6495
im_0416_s95_a05,18.6442,0.6693
im_0416_s95_a06,12.1783,0.6458
im_0417_s100_a04,17.1732,0.6153
im_0417_s100_a05,16.7808,0.5579
im_0417_s100_a06,15.9989,0.5920
im_0417_s80_a04,16.5296,0.6168
im_0417_s80_a05,13.9372,0.5397
im_0417_s80_a06,14.2989,0.6320
im_0417_s85_a04,10.4495,0.5703
im_0417_s85_a05,13.1973,0.5805
im_0417_s85_a06,12.7562,0.5404
im_0417_s90_a04,16.6023,0.5750
im_0417_s90_a05,13.9559,0.5169
im_0417_s90_a06,17.8162,0.6509
im_0417_s95_a04,16.7901,0.6200
im_0417_s95_a05,11.6112,0.5574
im_0417_s95_a06,11.1317,0.5032
im_0418_s100_a04,18.4942,0.5892
im_0418_s100_a05,13.7607,0.6176
im_0418_s100_a06,19.6948,0.5313
im_0418_s80_a04,18.0847,0.6324
im_0418_s80_a05,19.7932,0.5628
im_0418_s80_a06,20.5272,0.6362
im_0418_s85_a04,20.3194,0.6417
im_0418_s85_a05,17.1009,0.5544
im_0418_s85_a06,12.4490,0.6349
im_0418_s90_a04,10.7838,0.6112
im_0418_s90_a05,18.5788,0.5384
im_0418_s90_a06,19.4467,0.6030
im_0418_s95_a04,10.8925,0.4954
im_0418_s95_a05,19.6077,0.5650
im_0418_s95_a06,10.7755,0.5352
im_0419_s100_a04,11.9534,0.6286
im_0419_s100_a05,12.3054,0.6844
im_0419_s100_a06,19.4711,0.6070
im_0419_s80_a04,19.7109,0.6505
im_0419_s80_a05,11.6354,0.6564
im_0419_s80_a06,17.3268,0.4961
im_0419_s85_a04,15.4885,0.6690
im_0419_s85_a05,19.6069,0.6542
im_0419_s85_a06,18.5204,0.5941
im_0419_s90_a04,12.4915,0.6664
im_0419_s90_a05,18.8322,0.4861
im_0419_s90_a06,13.5959,0.6998
im_0419_s95_a04,19.9501,0.6455
im_0419_s95_a05,19.7018,0.5926
im_0419_s95_a06,14.4922,0.6980
im_0420_s100_a04,9.9378,0.4166
im_0420_s100_a05,10.4906,0.3729
im_0420_s100_a06,14.1512,0.4544
im_0420_s80_a04,15.2085,0.4933
im_0420_s80_a05,9.0938,0.4027
im_0420_s80_a06,10.1974,0.3826
im_0420_s85_a04,11.2374,0.3861
im_0420_s85_a05,11.1494,0.4555
im_0420_s85_a06,8.2859,0.4013
im_0420_s90_a04,15.6895,0.4514
im_0420_s90_a05,15.6975,0.5348
im_0420_s90_a06,9.7151,0.3471
im_0420_s95_a04,10.6973,0.3681
im_0420_s95_a05,9.4735,0.4011
im_0420_s95_a06,15.8004,0.5576
im_0421_s100_a04,16.0755,0.6861
im_0421_s100_a05,11.8987,0.6007
im_0421_s100_a06,10.3904,0.5455
im_0421_s80_a04,14.2193,0.5964
im_0421_s80_a05,14.7529,0.6746
im_0421_s80_a06,14.9309,0.6045
im_0421_s85_a04,12.8507,0.6423
im_0421_s85_a05,14.5694,0.6292
im_0421_s85_a06,12.1270,0.5269
im_0421_s90_a04,12.6656,0.4821
im_0421_s90_a05,12.8268,0.6180
im_0421_s90_a06,16.0013,0.6143
im_0421_s95_a04,11.8231,0.6243
im_0421_s95_a05,13.0978,0.6012
im_0421_s95_a06,12.3010,0.5695
im_0422_s100_a04,18.1768,0.6637
im_0422_s100_a05,17.1331,0.5864
im_0422_s100_a06,16.1221,0.6185
im_0422_s80_a04,18.5504,0.6512
im_0422_s80_a05,18.4645,0.6848
im_0422_s80_a06,18.3131,0.6733
im_0422_s85_a04,18.4327,0.6547
im_0422_s85_a05,19.1834,0.6383
im_0422_s85_a06,15.1057,0.5938
im_0422_s90_a04,11.2538,0.5652
im_0422_s90_a05,14.0456,0.4916
im_0422_s90_a06,17.3607,0.5855
im_0422_s95_a04,13.3177,0.6134
im_0422_s95_a05,18.1527,0.6587
im_0422_s95_a06,18.6238,0.6829
im_0423_s100_a04,14.6858,0.5400
im_0423_s100_a05,18.5484,0.6790
im_0423_s100_a06,19.7601,0.7057
im_0423_s80_a04,19.8812,0.6636
im_0423_s80_a05,14.4299,0.5746
im_0423_s80_a06,17.1617,0.5448
im_0423_s85_a04,18.0121,0.6139
im_0423_s85_a05,18.4507,0.6801
im_0423_s85_a06,19.8875,0.6934
im_0423_s90_a04,19.3475,0.6849
im_0423_s90_a05,18.7559,0.5780
im_0423_s90_a06,17.5168,0.6306
im_0423_s95_a04,18.0300,0.6780
im_0423_s95_a05,18.5276,0.6131
im_0423_s95_a06,18.5796,0.6421
im_0424_s100_a04,14.5862,0.6523
im_0424_s100_a05,12.2640,0.5425
im_0424_s100_a06,12.0036,0.5349
im_0424_s80_a04,11.4464,0.5611
im_0424_s80_a05,15.0173,0.5519
im_0424_s80_a06,15.9840,0.6132
im_0424_s85_a04,15.7580,0.5521
im_0424_s85_a05,14.8412,0.5273
im_0424_s85_a06,16.8656,0.6788
im_0424_s90_a04,12.3045,0.5509
im_0424_s90_a05,13.1674,0.5325
im_0424_s90_a06,16.2889,0.6586
im_0424_s95_a04,12.1603,0.5447
im_0424_s95_a05,14.5893,0.5486
im_0424_s95_a06,11.5141,0.5316
im_0425_s100_a04,11.7434,0.5737
im_0425_s100_a05,18.2392,0.5779
im_0425_s100_a06,8.7564,0.4226
im_0425_s80_a04,14.6878,0.5302
im_0425_s80_a05,8.9237,0.5623
im_0425_s80_a06,9.9714,0.5090
im_0425_s85_a04,17.4170,0.6318
im_0425_s85_a05,11.3782,0.5165
im_0425_s85_a06,17.2165,0.5533
im_0425_s90_a04,8.9703,0.5638
im_0425_s90_a05,16.8006,0.5560
im_0425_s90_a06,11.5345,0.5293
im_0425_s95_a04,10.5277,0.6116
im_0425_s95_a05,8.8993,0.4655
im_0425_s95_a06,15.2553,0.5447
im_0426_s100_a04,14.9737,0.4975
im_0426_s100_a05,14.0565,0.5479
im_0426_s100_a06,15.3834,0.5544
im_0426_s80_a04,14.3197,0.5368
im_0426_s80_a05,14.9883,0.4820
im_0426_s80_a06,15.4755,0.5648
im_0426_s85_a04,14.6854,0.5285
im_0426_s85_a05,14.3916,0.4460
im_0426_s85_a06,11.3696,0.5201
im_0426_s90_a04,15.9226,0.5454
im_0426_s90_a05,15.7074,0.5283
im_0426_s90_a06,14.8261,0.5907
im_0426_s95_a04,10.6371,0.4572
im_0426_s95_a05,14.5457,0.5667
im_0426_s95_a06,14.5138,0.5172
im_0427_s100_a04,15.4529,0.5343
im_0427_s100_a05,15.9844,0.6182
im_0427_s100_a06,14.1150,0.5205
im_0427_s80_a04,13.0126,0.5738
im_0427_s80_a05,11.6223,0.5676
im_0427_s80_a06,14.7389,0.4833
im_0427_s85_a04,12.7199,0.6170
im_0427_s85_a05,14.4310,0.5651
im_0427_s85_a06,15.8454,0.5630
im_0427_s90_a04,12.1263,0.4993
im_0427_s90_a05,12.5869,0.4227
im_0427_s90_a06,15.5847,0.4994
im_0427_s95_a04,10.0266,0.4979
im_0427_s95_a05,14.5445,0.6136
im_0427_s95_a06,14.6355,0.4664
im_0428_s100_a04,12.1747,0.4799
im_0428_s100_a05,12.8582,0.5044
im_0428_s100_a06,19.4867,0.5168
im_0428_s80_a04,16.8545,0.6298
im_0428_s80_a05,20.8881,0.5341
im_0428_s80_a06,20.7360,0.6358
im_0428_s85_a04,12.8042,0.6061
im_0428_s85_a05,15.8535,0.5863
im_0428_s85_a06,19.7989,0.6026
im_0428_s90_a04,16.2651,0.5763
im_0428_s90_a05,20.7626,0.6826
im_0428_s90_a06,12.4687,0.5717
im_0428_s95_a04,16.4463,0.6702
im_0428_s95_a05,13.7289,0.6211
im_0428_s95_a06,16.5682,0.6553
im_0429_s100_a04,13.6420,0.6555
im_0429_s100_a05,13.6503,0.6773
im_0429_s100_a06,12.9307,0.6582
im_0429_s80_a04,13.0897,0.5775
im_0429_s80_a05,17.2842,0.6753
im_0429_s80_a06,18.0680,0.6942
im_0429_s85_a04,17.9001,0.6470
im_0429_s85_a05,10.5257,0.5852
im_0429_s85_a06,15.7031,0.6554
im_0429_s90_a04,12.2626,0.6261
im_0429_s90_a05,10.2855,0.5180
im_0429_s90_a06,11.4940,0.6063
im_0429_s95_a04,15.6606,0.6051
im_0429_s95_a05,17.2997,0.6975
im_0429_s95_a06,14.2627,0.6906
im_0430_s100_a04,14.3798,0.6003
im_0430_s100_a05,16.7569,0.7025
im_0430_s100_a06,15.6457,0.5960
im_0430_s80_a04,12.7607,0.6172
im_0430_s80_a05,10.7211,0.5369
im_0430_s80_a06,12.0500,0.6025
im_0430_s85_a04,15.7620,0.7008
im_0430_s85_a05,16.2046,0.6698
im_0430_s85_a06,17.3614,0.6856
im_0430_s90_a04,11.1400,0.5223
im_0430_s90_a05,17.2726,0.6594
im_0430_s90_a06,11.0092,0.5813
im_0430_s95_a04,11.8842,0.5856
im_0430_s95_a05,13.8974,0.6393
im_0430_s95_a06,14.6580,0.7025
im_0431_s100_a04,16.7187,0.6277
im_0431_s100_a05,15.5222,0.5735
im_0431_s100_a06,15.9471,0.6174
im_0431_s80_a04,11.3382,0.4905
im_0431_s80_a05,13.8037,0.5139
im_0431_s80_a06,12.8092,0.5246
im_0431_s85_a04,15.2009,0.5134
im_0431_s85_a05,11.9617,0.5918
im_0431_s85_a06,10.2566,0.5444
im_0431_s90_a04,15.4088,0.5180
im_0431_s90_a05,14.9780,0.4674
im_0431_s90_a06,16.1313,0.5184
im_0431_s95_a04,13.8553,0.5490
im_0431_s95_a05,15.8781,0.5623
im_0431_s95_a06,14.8118,0.5111
im_0432_s100_a04,14.1259,0.4608
im_0432_s100_a05,12.1034,0.4642
im_0432_s100_a06,15.0135,0.4938
im_0432_s80_a04,16.1842,0.4986
im_0432_s80_a05,16.2671,0.5166
im_0432_s80_a06,13.9680,0.4587
im_0432_s85_a04,8.0157,0.4793
im_0432_s85_a05,11.8836,0.4449
im_0432_s85_a06,11.6091,0.5529
im_0432_s90_a04,13.8027,0.4961
im_0432_s90_a05,15.0725,0.4539
im_0432_s90_a06,15.7480,0.5282
im_0432_s95_a04,9.7527,0.5257
im_0432_s95_a05,8.2341,0.4669
im_0432_s95_a06,10.6526,0.5169
im_0433_s100_a04,15.8850,0.5114
im_0433_s100_a05,12.4275,0.4839
im_0433_s100_a06,13.1928,0.5035
im_0433_s80_a04,15.8267,0.5225
im_0433_s80_a05,16.9316,0.6556
im_0433_s80_a06,14.8075,0.5567
im_0433_s85_a04,16.2905,0.5174
im_0433_s85_a05,12.0860,0.5871
im_0433_s85_a06,16.3893,0.6255
im_0433_s90_a04,16.8938,0.6318
im_0433_s90_a05,10.4102,0.4400
im_0433_s90_a06,15.1949,0.4591
im_0433_s95_a04,16.0663,0.5306
im_0433_s95_a05,16.5363,0.6028
im_0433_s95_a06,16.6016,0.5338
im_0434_s100_a04,10.2741,0.6575
im_0434_s100_a05,13.5514,0.6663
im_0434_s100_a06,13.2818,0.6580
im_0434_s80_a04,10.9679,0.6685
im_0434_s80_a05,11.6597,0.6338
im_0434_s80_a06,11.3172,0.6409
im_0434_s85_a04,9.1078,0.6365
im_0434_s85_a05,14.4773,0.6882
im_0434_s85_a06,10.6876,0.6827
im_0434_s90_a04,10.3589,0.6493
im_0434_s90_a05,10.7364,0.6150
im_0434_s90_a06,12.9242,0.6600
im_0434_s95_a04,10.9186,0.6862
im_0434_s95_a05,12.1529,0.6568
im_0434_s95_a06,9.2264,0.5671
im_0435_s100_a04,13.5940,0.5180
im_0435_s100_a05,12.6510,0.5661
im_0435_s100_a06,17.2167,0.6411
im_0435_s80_a04,17.4490,0.4997
im_0435_s80_a05,18.1708,0.5231
im_0435_s80_a06,16.6492,0.5860
im_0435_s85_a04,17.8895,0.6779
im_0435_s85_a05,10.8027,0.4534
im_0435_s85_a06,8.1948,0.4303
im_0435_s90_a04,8.0954,0.4211
im_0435_s90_a05,16.8885,0.5940
im_0435_s90_a06,11.4084,0.5055
im_0435_s95_a04,18.5261,0.6482
im_0435_s95_a05,9.7166,0.4637
im_0435_s95_a06,11.3199,0.4505
im_0436_s100_a04,12.4290,0.5238
im_0436_s100_a05,17.4849,0.5427
im_0436_s100_a06,19.0011,0.7032
im_0436_s80_a04,8.3284,0.4785
im_0436_s80_a05,13.0484,0.4806
im_0436_s80_a06,9.9856,0.5150
im_0436_s85_a04,9.5865,0.5302
im_0436_s85_a05,8.4865,0.4968
im_0436_s85_a06,17.6444,0.6583
im_0436_s90_a04,19.2878,0.6489
im_0436_s90_a05,11.0052,0.5484
im_0436_s90_a06,11.2356,0.4776
im_0436_s95_a04,16.8445,0.5809
im_0436_s95_a05,11.1154,0.5859
im_0436_s95_a06,16.7770,0.6414
im_0437_s100_a04,10.0849,0.6173
im_0437_s100_a05,9.7225,0.5773
im_0437_s100_a06,12.0120,0.6777
im_0437_s80_a04,12.3211,0.6727
im_0437_s80_a05,10.8617,0.6609
im_0437_s80_a06,13.2976,0.6649
im_0437_s85_a04,13.8552,0.7176
im_0437_s85_a05,11.7677,0.7095
im_0437_s85_a06,10.9934,0.6384
im_0437_s90_a04,12.6428,0.6762
im_0437_s90_a05,12.2355,0.6428
im_0437_s90_a06,13.7530,0.7020
im_0437_s95_a04,11.2821,0.6669
im_0437_s95_a05,9.9054,0.6277
im_0437_s95_a06,13.6858,0.7136
im_0438_s100_a04,12.6864,0.6287
im_0438_s100_a05,12.9616,0.5989
im_0438_s100_a06,17.8022,0.5841
im_0438_s80_a04,12.0357,0.6849
im_0438_s80_a05,18.0576,0.6173
im_0438_s80_a06,11.7065,0.5467
im_0438_s85_a04,12.2388,0.6216
im_0438_s85_a05,15.2025,0.4842
im_0438_s85_a06,13.7490,0.6221
im_0438_s90_a04,14.0822,0.5805
im_0438_s90_a05,15.1540,0.5262
im_0438_s90_a06,15.2257,0.5707
im_0438_s95_a04,16.1991,0.6120
im_0438_s95_a05,12.4968,0.6307
im_0438_s95_a06,15.9585,0.5804
im_0439_s100_a04,16.4246,0.7275
im_0439_s100_a05,16.5243,0.7315
im_0439_s100_a06,13.5636,0.6479
im_0439_s80_a04,17.9922,0.7309
im_0439_s80_a05,16.9728,0.6477
im_0439_s80_a06,16.7806,0.7255
im_0439_s85_a04,16.8858,0.7147
im_0439_s85_a05,14.9803,0.7197
im_0439_s85_a06,16.3781,0.6929
im_0439_s90_a04,16.2809,0.7001
im_0439_s90_a05,16.2265,0.7093
im_0439_s90_a06,15.3664,0.5547
im_0439_s95_a04,17.4361,0.7273
im_0439_s95_a05,14.4589,0.5407
im_0439_s95_a06,17.4875,0.7304
im_0440_s100_a04,14.4280,0.6581
im_0440_s100_a05,16.3567,0.6481
im_0440_s100_a06,12.1313,0.5800
im_0440_s80_a04,15.8416,0.6388
im_0440_s80_a05,17.7163,0.7006
im_0440_s80_a06,15.7544,0.5676
im_0440_s85_a04,17.1702,0.6233
im_0440_s85_a05,15.7588,0.5801
im_0440_s85_a06,18.3798,0.6600
im_0440_s90_a04,16.5633,0.6463
im_0440_s90_a05,16.4467,0.5584
im_0440_s90_a06,18.0967,0.6539
im_0440_s95_a04,16.8788,0.5451
im_0440_s95_a05,16.9325,0.5869
im_0440_s95_a06,12.6062,0.6477
im_0441_s100_a04,8.5675,0.4806
im_0441_s100_a05,12.4201,0.5341
im_0441_s100_a06,15.3379,0.4572
im_0441_s80_a04,7.3469,0.4206
im_0441_s80_a05,7.9014,0.3720
im_0441_s80_a06,14.0218,0.4545
im_0441_s85_a04,17.4545,0.5823
im_0441_s85_a05,17.1973,0.5559
im_0441_s85_a06,12.1623,0.5034
im_0441_s90_a04,14.3509,0.4871
im_0441_s90_a05,15.3470,0.3741
im_0441_s90_a06,7.3772,0.4341
im_0441_s95_a04,16.3559,0.5578
im_0441_s95_a05,8.7336,0.4543
im_0441_s95_a06,15.8246,0.5510
im_0442_s100_a04,15.7434,0.5309
im_0442_s100_a05,12.8395,0.5544
im_0442_s100_a06,16.4185,0.5394
im_0442_s80_a04,15.0473,0.5782
im_0442_s80_a05,14.1096,0.5547
im_0442_s80_a06,11.6049,0.5347
im_0442_s85_a04,12.5663,0.5898
im_0442_s85_a05,14.2986,0.5501
im_0442_s85_a06,15.5605,0.6217
im_0442_s90_a04,10.8873,0.4835
im_0442_s90_a05,13.0407,0.5336
im_0442_s90_a06,10.8259,0.5174
im_0442_s95_a04,14.4914,0.4785
im_0442_s95_a05,15.2321,0.6199
im_0442_s95_a06,14.0494,0.5590
im_0443_s100_a04,13.7034,0.6498
im_0443_s100_a05,10.6574,0.5874
im_0443_s100_a06,14.2018,0.6225
im_0443_s80_a04,14.8655,0.6683
im_0443_s80_a05,13.4611,0.5543
im_0443_s80_a06,11.9343,0.6027
im_0443_s85_a04,13.4163,0.5645
im_0443_s85_a05,12.8346,0.5550
im_0443_s85_a06,9.5600,0.5201
im_0443_s90_a04,11.6728,0.5614
im_0443_s90_a05,10.2635,0.6058
im_0443_s90_a06,11.3763,0.5651
im_0443_s95_a04,10.2234,0.5055
im_0443_s95_a05,10.2656,0.5424
im_0443_s95_a06,16.2742,0.7360
im_0444_s100_a04,12.0470,0.6159
im_0444_s100_a05,13.9028,0.5570
im_0444_s100_a06,12.9073,0.6301
im_0444_s80_a04,13.5345,0.5455
im_0444_s80_a05,19.5441,0.6717
im_0444_s80_a06,10.7665,0.6043
im_0444_s85_a04,11.3542,0.6339
im_0444_s85_a05,12.4694,0.6103
im_0444_s85_a06,9.5673,0.5875
im_0444_s90_a04,16.4757,0.4915
im_0444_s90_a05,20.3384,0.6261
im_0444_s90_a06,13.5320,0.5855
im_0444_s95_a04,14.2362,0.6934
im_0444_s95_a05,16.9418,0.4780
im_0444_s95_a06,10.4491,0.6088
im_0445_s100_a04,16.1485,0.6642
im_0445_s100_a05,9.2758,0.4299
im_0445_s100_a06,14.1361,0.5251
im_0445_s80_a04,14.9698,0.6007
im_0445_s80_a05,16.3393,0.5290
im_0445_s80_a06,17.2660,0.5724
im_0445_s85_a04,16.1891,0.5820
im_0445_s85_a05,17.1194,0.5351
im_0445_s85_a06,13.3582,0.5686
im_0445_s90_a04,9.9756,0.5428
im_0445_s90_a05,17.2111,0.5671
im_0445_s90_a06,11.4707,0.5704
im_0445_s95_a04,15.7173,0.5636
im_0445_s95_a05,17.5027,0.6376
im_0445_s95_a06,10.7632,0.4807
im_0446_s100_a04,11.9686,0.5069
im_0446_s100_a05,16.1455,0.6321
im_0446_s100_a06,16.5653,0.5600
im_0446_s80_a04,15.5140,0.6217
im_0446_s80_a05,18.3014,0.6431
im_0446_s80_a06,17.5951,0.6830
im_0446_s85_a04,9.9159,0.5116
im_0446_s85_a05,15.6139,0.6523
im_0446_s85_a06,10.8616,0.5206
im_0446_s90_a04,15.2513,0.5811
im_0446_s90_a05,16.8142,0.5657
im_0446_s90_a06,16.1856,0.6678
im_0446_s95_a04,17.7321,0.6922
im_0446_s95_a05,17.3332,0.6740
im_0446_s95_a06,16.6739,0.6708
im_0447_s100_a04,11.1017,0.5587
im_0447_s100_a05,15.3466,0.6040
im_0447_s100_a06,17.6463,0.6639
im_0447_s80_a04,17.9327,0.6239
im_0447_s80_a05,9.6703,0.4768
im_0447_s80_a06,18.3135,0.6914
im_0447_s85_a04,8.5567,0.5016
im_0447_s85_a05,11.6474,0.5323
im_0447_s85_a06,10.4261,0.5360
im_0447_s90_a04,15.7274,0.5411
im_0447_s90_a05,15.6701,0.6164
im_0447_s90_a06,13.1261,0.5161
im_0447_s95_a04,9.5239,0.5565
im_0447_s95_a05,11.3445,0.5086
im_0447_s95_a06,11.4366,0.5585
im_0448_s100_a04,9.6833,0.5536
im_0448_s100_a05,13.7776,0.5755
im_0448_s100_a06,11.6373,0.5992
im_0448_s80_a04,12.6971,0.6582
im_0448_s80_a05,11.4960,0.6258
im_0448_s80_a06,15.7669,0.7525
im_0448_s85_a04,15.4039,0.6985
im_0448_s85_a05,15.5433,0.7364
im_0448_s85_a06,11.4969,0.6676
im_0448_s90_a04,11.7046,0.6113
im_0448_s90_a05,13.1828,0.6453
im_0448_s90_a06,13.0026,0.6569
im_0448_s95_a04,14.5309,0.6608
im_0448_s95_a05,14.3336,0.7502
im_0448_s95_a06,14.7179,0.6209
im_0449_s100_a04,18.2179,0.5769
im_0449_s100_a05,15.1482,0.5711
im_0449_s100_a06,16.7505,0.5900
im_0449_s80_a04,15.9761,0.5715
im_0449_s80_a05,16.5401,0.5563
im_0449_s80_a06,18.6151,0.6791
im_0449_s85_a04,18.8220,0.6863
im_0449_s85_a05,16.2621,0.6208
im_0449_s85_a06,18.0512,0.6394
im_0449_s90_a04,17.6660,0.6288
im_0449_s90_a05,17.8470,0.5985
im_0449_s90_a06,18.9731,0.6059
im_0449_s95_a04,14.3801,0.5775
im_0449_s95_a05,15.0732,0.6636
im_0449_s95_a06,17.6076,0.5716
im_0450_s100_a04,10.1267,0.4642
im_0450_s100_a05,11.9381,0.4287
im_0450_s100_a06,7.6608,0.3918
im_0450_s80_a04,12.4719,0.4685
im_0450_s80_a05,12.4559,0.4259
im_0450_s80_a06,7.5427,0.4202
im_0450_s85_a04,14.0444,0.4376
im_0450_s85_a05,9.8972,0.4136
im_0450_s85_a06,9.6414,0.4608
im_0450_s90_a04,11.9157,0.4603
im_0450_s90_a05,11.5356,0.3780
im_0450_s90_a06,9.1696,0.3741
im_0450_s95_a04,7.1878,0.4119
im_0450_s95_a05,7.5596,0.3850
im_0450_s95_a06,15.2832,0.4424
im_0451_s100_a04,15.1001,0.6182
im_0451_s100_a05,15.8883,0.6362
im_0451_s100_a06,15.8895,0.6688
im_0451_s80_a04,12.4685,0.6125
im_0451_s80_a05,17.7980,0.6895
im_0451_s80_a06,15.9154,0.5453
im_0451_s85_a04,15.5728,0.6179
im_0451_s85_a05,17.1917,0.7062
im_0451_s85_a06,14.6306,0.6722
im_0451_s90_a04,16.0210,0.6908
im_0451_s90_a05,12.7257,0.5649
im_0451_s90_a06,13.4280,0.5167
im_0451_s95_a04,16.1195,0.5735
im_0451_s95_a05,14.1681,0.6572
im_0451_s95_a06,13.9863,0.6340
im_0452_s100_a04,17.4196,0.6799
im_0452_s100_a05,16.7076,0.6309
im_0452_s100_a06,16.3078,0.6810
im_0452_s80_a04,13.8915,0.6138
im_0452_s80_a05,15.7130,0.6202
im_0452_s80_a06,19.0911,0.6740
im_0452_s85_a04,16.8884,0.6239
im_0452_s85_a05,14.6520,0.5872
im_0452_s85_a06,18.7326,0.6483
im_0452_s90_a04,17.9568,0.5466
im_0452_s90_a05,16.6143,0.6065
im_0452_s90_a06,13.9768,0.6095
im_0452_s95_a04,18.7688,0.6400
im_0452_s95_a05,15.4354,0.5814
im_0452_s95_a06,17.5966,0.5969
im_0453_s100_a04,15.3070,0.6769
im_0453_s100_a05,19.4439,0.6661
im_0453_s100_a06,13.8647,0.6252
im_0453_s80_a04,19.6200,0.6190
im_0453_s80_a05,15.8441,0.6450
im_0453_s80_a06,17.4779,0.8007
im_0453_s85_a04,14.5268,0.6242
im_0453_s85_a05,18.8244,0.6478
im_0453_s85_a06,20.1171,0.7110
im_0453_s90_a04,18.3476,0.6153
im_0453_s90_a05,18.6700,0.6979
im_0453_s90_a06,14.3153,0.5530
im_0453_s95_a04,16.4816,0.6342
im_0453_s95_a05,20.4258,0.7312
im_0453_s95_a06,14.8747,0.6293
im_0454_s100_a04,19.8110,0.6956
im_0454_s100_a05,13.6236,0.5516
im_0454_s100_a06,15.3721,0.6556
im_0454_s80_a04,13.6739,0.5609
im_0454_s80_a05,16.0429,0.6313
im_0454_s80_a06,12.5343,0.4708
im_0454_s85_a04,12.8744,0.5618
im_0454_s85_a05,11.2956,0.5379
im_0454_s85_a06,22.0462,0.7310
im_0454_s90_a04,19.3543,0.5788
im_0454_s90_a05,21.0409,0.6216
im_0454_s90_a06,12.7002,0.5812
im_0454_s95_a04,14.7702,0.6167
im_0454_s95_a05,18.8887,0.5722
im_0454_s95_a06,13.2150,0.5618
im_0455_s100_a04,10.3020,0.4031
im_0455_s100_a05,9.4936,0.3817
im_0455_s100_a06,12.1655,0.5086
im_0455_s80_a04,13.3106,0.4512
im_0455_s80_a05,12.2104,0.3885
im_0455_s80_a06,16.4993,0.5547
im_0455_s85_a04,13.4491,0.5376
im_0455_s85_a05,11.2943,0.5038
im_0455_s85_a06,12.1971,0.4134
im_0455_s90_a04,18.2609,0.5833
im_0455_s90_a05,16.9009,0.4748
im_0455_s90_a06,13.6571,0.4765
im_0455_s95_a04,13.5666,0.4282
im_0455_s95_a05,13.6029,0.5356
im_0455_s95_a06,11.9967,0.4591
im_0456_s100_a04,9.2554,0.5582
im_0456_s100_a05,9.4682,0.4987
im_0456_s100_a06,18.4480,0.6992
im_0456_s80_a04,16.0978,0.6411
im_0456_s80_a05,15.9374,0.5318
im_0456_s80_a06,11.3205,0.5087
im_0456_s85_a04,9.4691,0.5259
im_0456_s85_a05,18.5724,0.6090
im_0456_s85_a06,9.1048,0.4700
im_0456_s90_a04,8.3953,0.4074
im_0456_s90_a05,8.7273,0.4436
im_0456_s90_a06,18.7880,0.5183
im_0456_s95_a04,10.5254,0.4442
im_0456_s95_a05,9.4717,0.4538
im_0456_s95_a06,10.1269,0.4271
im_0457_s100_a04,18.7646,0.6950
im_0457_s100_a05,10.4944,0.4923
im_0457_s100_a06,17.4398,0.7002
im_0457_s80_a04,18.3607,0.6097
im_0457_s80_a05,16.5376,0.6796
im_0457_s80_a06,17.7067,0.6903
im_0457_s85_a04,12.0322,0.5767
im_0457_s85_a05,18.4181,0.7527
im_0457_s85_a06,12.9132,0.6358
im_0457_s90_a04,18.3840,0.6430
im_0457_s90_a05,16.5910,0.6145
im_0457_s90_a06,17.6693,0.6281
im_0457_s95_a04,10.3743,0.5038
im_0457_s95_a05,11.0479,0.4967
im_0457_s95_a06,17.6250,0.6513
im_0458_s100_a04,12.5543,0.3670
im_0458_s100_a05,8.1733,0.2524
im_0458_s100_a06,10.3635,0.3054
im_0458_s80_a04,8.8374,0.2537
im_0458_s80_a05,11.1826,0.3042
im_0458_s80_a06,11.8328,0.3194
im_0458_s85_a04,9.5957,0.3009
im_0458_s85_a05,9.1320,0.2737
im_0458_s85_a06,7.5015,0.2472
im_0458_s90_a04,13.0637,0.2953
im_0458_s90_a05,16.8193,0.4610
im_0458_s90_a06,9.3024,0.2692
im_0458_s95_a04,9.7257,0.2735
im_0458_s95_a05,8.1659,0.2356
im_0458_s95_a06,8.7633,0.2865
im_0459_s100_a04,11.6860,0.4703
im_0459_s100_a05,12.2826,0.4630
im_0459_s100_a06,13.4074,0.5525
im_0459_s80_a04,15.2022,0.4501
im_0459_s80_a05,11.2635,0.3943
im_0459_s80_a06,15.6340,0.4805
im_0459_s85_a04,18.1971,0.5587
im_0459_s85_a05,14.2152,0.6062
im_0459_s85_a06,11.9736,0.5647
im_0459_s90_a04,19.9032,0.6377
im_0459_s90_a05,17.3870,0.5792
im_0459_s90_a06,19.6414,0.5363
im_0459_s95_a04,12.3562,0.5138
im_0459_s95_a05,11.7732,0.4992
im_0459_s95_a06,16.3571,0.4965
im_0460_s100_a04,16.0386,0.5996
im_0460_s100_a05,18.8269,0.6347
im_0460_s100_a06,18.5804,0.5998
im_0460_s80_a04,17.2053,0.5283
im_0460_s80_a05,17.0568,0.5654
im_0460_s80_a06,18.5689,0.6539
im_0460_s85_a04,17.3052,0.5925
im_0460_s85_a05,18.0814,0.5913
im_0460_s85_a06,17.3223,0.6258
im_0460_s90_a04,16.2626,0.5613
im_0460_s90_a05,18.8181,0.6022
im_0460_s90_a06,19.2616,0.5876
im_0460_s95_a04,18.4593,0.6494
im_0460_s95_a05,16.6177,0.5512
im_0460_s95_a06,17.6627,0.5492
im_0461_s100_a04,16.4062,0.6838
im_0461_s100_a05,16.0727,0.7018
im_0461_s100_a06,15.5598,0.6397
im_0461_s80_a04,14.9245,0.6342
im_0461_s80_a05,15.2977,0.6684
im_0461_s80_a06,14.3122,0.6369
im_0461_s85_a04,16.9805,0.6952
im_0461_s85_a05,12.4363,0.6371
im_0461_s85_a06,14.6071,0.5950
im_0461_s90_a04,15.9106,0.6002
im_0461_s90_a05,17.3135,0.6856
im_0461_s90_a06,11.6535,0.5567
im_0461_s95_a04,16.9964,0.6826
im_0461_s95_a05,17.8488,0.7733
im_0461_s95_a06,17.7873,0.7781
im_0462_s100_a04,15.0896,0.5812
im_0462_s100_a05,14.5547,0.5641
im_0462_s100_a06,15.7829,0.5981
im_0462_s80_a04,14.2908,0.6182
im_0462_s80_a05,15.5964,0.6337
im_0462_s80_a06,16.5691,0.5182
im_0462_s85_a04,18.3222,0.6918
im_0462_s85_a05,16.7197,0.5756
im_0462_s85_a06,15.7195,0.5718
im_0462_s90_a04,14.9247,0.5818
im_0462_s90_a05,16.7492,0.6383
im_0462_s90_a06,16.4278,0.6430
im_0462_s95_a04,14.7799,0.5922
im_0462_s95_a05,14.9880,0.6013
im_0462_s95_a06,15.9291,0.6434
im_0463_s100_a04,18.7758,0.6164
im_0463_s100_a05,10.9857,0.5631
im_0463_s100_a06,12.7189,0.5207
im_0463_s80_a04,16.5538,0.5803
im_0463_s80_a05,12.9556,0.6066
im_0463_s80_a06,18.2638,0.6794
im_0463_s85_a04,17.9072,0.6160
im_0463_s85_a05,16.8494,0.7133
im_0463_s85_a06,18.4177,0.6760
im_0463_s90_a04,12.9497,0.5212
im_0463_s90_a05,18.2546,0.6100
im_0463_s90_a06,16.7576,0.6442
im_0463_s95_a04,13.6328,0.5976
im_0463_s95_a05,12.6022,0.5538
im_0463_s95_a06,17.0987,0.5686
im_0464_s100_a04,15.7480,0.5610
im_0464_s100_a05,13.5353,0.5481
im_0464_s100_a06,13.4630,0.6368
im_0464_s80_a04,12.5868,0.5512
im_0464_s80_a05,15.6345,0.5628
im_0464_s80_a06,11.7436,0.5285
im_0464_s85_a04,14.9096,0.6477
im_0464_s85_a05,11.8556,0.5711
im_0464_s85_a06,15.1145,0.5453
im_0464_s90_a04,13.9587,0.5764
im_0464_s90_a05,13.5925,0.5102
im_0464_s90_a06,14.3753,0.6579
im_0464_s95_a04,13.3527,0.6409
im_0464_s95_a05,11.8903,0.6269
im_0464_s95_a06,12.3749,0.5805
im_0465_s100_a04,17.1162,0.7230
im_0465_s100_a05,16.1463,0.6952
im_0465_s100_a06,15.3273,0.5726
im_0465_s80_a04,16.1940,0.5926
im_0465_s80_a05,16.8056,0.6990
im_0465_s80_a06,16.4620,0.6366
im_0465_s85_a04,17.2694,0.6762
im_0465_s85_a05,15.4420,0.6609
im_0465_s85_a06,17.3519,0.6026
im_0465_s90_a04,16.1029,0.6252
im_0465_s90_a05,14.3160,0.5788
im_0465_s90_a06,15.7739,0.6821
im_0465_s95_a04,17.1917,0.7141
im_0465_s95_a05,17.2015,0.6868
im_0465_s95_a06,14.0456,0.6220
im_0466_s100_a04,8.0391,0.4871
im_0466_s100_a05,15.7046,0.4805
im_0466_s100_a06,14.4222,0.5700
im_0466_s80_a04,14.7849,0.5472
im_0466_s80_a05,13.0048,0.4783
im_0466_s80_a06,9.9187,0.5118
im_0466_s85_a04,16.5870,0.5753
im_0466_s85_a05,11.0481,0.5465
im_0466_s85_a06,12.3233,0.4996
im_0466_s90_a04,10.0400,0.4454
im_0466_s90_a05,16.2637,0.3976
im_0466_s90_a06,13.5251,0.4633
im_0466_s95_a04,17.8220,0.5776
im_0466_s95_a05,15.4599,0.4579
im_0466_s95_a06,11.1586,0.5725
im_0467_s100_a04,12.1516,0.5803
im_0467_s100_a05,16.8602,0.6197
im_0467_s100_a06,14.9379,0.5578
im_0467_s80_a04,16.1087,0.5278
im_0467_s80_a05,13.1541,0.5575
im_0467_s80_a06,15.5525,0.5558
im_0467_s85_a04,11.0633,0.5548
im_0467_s85_a05,19.2339,0.6934
im_0467_s85_a06,17.7169,0.5713
im_0467_s90_a04,13.2933,0.5202
im_0467_s90_a05,12.9179,0.5144
im_0467_s90_a06,16.5950,0.4810
im_0467_s95_a04,9.5229,0.5603
im_0467_s95_a05,15.3224,0.4688
im_0467_s95_a06,13.3633,0.5694
im_0468_s100_a04,16.0108,0.6538
im_0468_s100_a05,13.0732,0.5787
im_0468_s100_a06,10.5580,0.5189
im_0468_s80_a04,14.1671,0.5232
im_0468_s80_a05,15.7682,0.5686
im_0468_s80_a06,11.9066,0.5019
im_0468_s85_a04,17.3359,0.6443
im_0468_s85_a05,15.1536,0.6581
im_0468_s85_a06,10.9952,0.5344
im_0468_s90_a04,10.0757,0.4941
im_0468_s90_a05,15.4184,0.5060
im_0468_s90_a06,14.9133,0.5526
im_0468_s95_a04,16.2433,0.6677
im_0468_s95_a05,15.5753,0.6139
im_0468_s95_a06,10.8399,0.5543
im_0469_s100_a04,18.2699,0.5877
im_0469_s100_a05,9.3006,0.4651
im_0469_s100_a06,9.6191,0.4113
im_0469_s80_a04,13.6109,0.4392
im_0469_s80_a05,17.5303,0.6345
im_0469_s80_a06,13.0275,0.5674
im_0469_s85_a04,18.7236,0.6255
im_0469_s85_a05,10.1326,0.4385
im_0469_s85_a06,15.2969,0.5060
im_0469_s90_a04,10.6615,0.5310
im_0469_s90_a05,16.9599,0.6331
im_0469_s90_a06,17.5163,0.5394
im_0469_s95_a04,14.1505,0.5554
im_0469_s95_a05,16.5920,0.5095
im_0469_s95_a06,18.6100,0.6756
im_0470_s100_a04,11.2904,0.5514
im_0470_s100_a05,18.8114,0.7224
im_0470_s100_a06,10.8682,0.5526
im_0470_s80_a04,15.2862,0.5707
im_0470_s80_a05,16.1555,0.6833
im_0470_s80_a06,11.2381,0.5082
im_0470_s85_a04,18.3157,0.6162
im_0470_s85_a05,10.2200,0.5616
im_0470_s85_a06,12.6779,0.5089
im_0470_s90_a04,9.6230,0.5499
im_0470_s90_a05,18.0287,0.6610
im_0470_s90_a06,16.6629,0.5994
im_0470_s95_a04,12.8913,0.5888
im_0470_s95_a05,9.6220,0.5587
im_0470_s95_a06,16.9974,0.6463
im_0471_s100_a04,15.4086,0.6110
im_0471_s100_a05,14.6891,0.5270
im_0471_s100_a06,14.1914,0.5342
im_0471_s80_a04,14.2215,0.6218
im_0471_s80_a05,14.4901,0.6242
im_0471_s80_a06,15.6228,0.6162
im_0471_s85_a04,15.2366,0.5791
im_0471_s85_a05,11.5348,0.5576
im_0471_s85_a06,15.9845,0.6634
im_0471_s90_a04,15.1955,0.6001
im_0471_s90_a05,14.6796,0.5998
im_0471_s90_a06,15.0568,0.6239
im_0471_s95_a04,14.8864,0.5888
im_0471_s95_a05,12.6257,0.5937
im_0471_s95_a06,15.2865,0.6152
im_0472_s100_a04,8.2519,0.4614
im_0472_s100_a05,10.7695,0.4897
im_0472_s100_a06,7.6537,0.4226
im_0472_s80_a04,15.3818,0.5900
im_0472_s80_a05,11.2369,0.4316
im_0472_s80_a06,8.9217,0.4461
im_0472_s85_a04,15.6341,0.5805
im_0472_s85_a05,8.3913,0.4946
im_0472_s85_a06,12.1586,0.4975
im_0472_s90_a04,14.1889,0.5573
im_0472_s90_a05,11.6583,0.4910
im_0472_s90_a06,13.8955,0.5076
im_0472_s95_a04,10.0833,0.4341
im_0472_s95_a05,14.8651,0.5334
im_0472_s95_a06,9.5726,0.4779
im_0473_s100_a04,15.3896,0.5676
im_0473_s100_a05,11.4713,0.5322
im_0473_s100_a06,10.4498,0.4903
im_0473_s80_a04,14.7587,0.5600
im_0473_s80_a05,13.7852,0.5431
im_0473_s80_a06,14.4063,0.5614
im_0473_s85_a04,15.3092,0.6275
im_0473_s85_a05,13.4830,0.5989
im_0473_s85_a06,14.8198,0.5656
im_0473_s90_a04,11.5936,0.4860
im_0473_s90_a05,14.0366,0.5856
im_0473_s90_a06,11.9592,0.5055
im_0473_s95_a04,14.4528,0.5386
im_0473_s95_a05,13.6756,0.5726
im_0473_s95_a06,12.0497,0.5274
im_0474_s100_a04,9.7581,0.6298
im_0474_s100_a05,11.3127,0.5615
im_0474_s100_a06,11.7707,0.6007
im_0474_s80_a04,13.7728,0.6992
im_0474_s80_a05,11.7786,0.5256
im_0474_s80_a06,11.4680,0.5525
im_0474_s85_a04,9.9832,0.6163
im_0474_s85_a05,13.1987,0.6304
im_0474_s85_a06,11.6223,0.5166
im_0474_s90_a04,10.1925,0.6331
im_0474_s90_a05,11.5924,0.5167
im_0474_s90_a06,12.6665,0.6146
im_0474_s95_a04,11.7737,0.5826
im_0474_s95_a05,11.9127,0.6007
im_0474_s95_a06,10.7457,0.5940
im_0475_s100_a04,16.1883,0.5443
im_0475_s100_a05,10.8074,0.3651
im_0475_s100_a06,10.1060,0.4330
im_0475_s80_a04,11.8562,0.4216
im_0475_s80_a05,12.1216,0.4186
im_0475_s80_a06,11.7263,0.3666
im_0475_s85_a04,14.6993,0.4537
im_0475_s85_a05,7.5271,0.3439
im_0475_s85_a06,8.6753,0.3289
im_0475_s90_a04,10.6568,0.3058
im_0475_s90_a05,11.0626,0.4106
im_0475_s90_a06,14.2268,0.4960
im_0475_s95_a04,15.4600,0.5192
im_0475_s95_a05,12.7606,0.4202
im_0475_s95_a06,7.7128,0.3299
im_0476_s100_a04,13.7618,0.6810
im_0476_s100_a05,12.6378,0.5886
im_0476_s100_a06,12.7644,0.6077
im_0476_s80_a04,12.4528,0.5697
im_0476_s80_a05,15.1611,0.6381
im_0476_s80_a06,12.2621,0.5785
im_0476_s85_a04,9.8663,0.5598
im_0476_s85_a05,13.6866,0.5880
im_0476_s85_a06,14.6271,0.5877
im_0476_s90_a04,14.4732,0.6682
im_0476_s90_a05,12.0415,0.5860
im_0476_s90_a06,13.9766,0.7161
im_0476_s95_a04,13.4319,0.6828
im_0476_s95_a05,10.6982,0.6064
im_0476_s95_a06,10.8156,0.5882
im_0477_s100_a04,14.3274,0.6509
im_0477_s100_a05,9.3551,0.4751
im_0477_s100_a06,15.2851,0.6100
im_0477_s80_a04,14.4083,0.5126
im_0477_s80_a05,14.8442,0.5718
im_0477_s80_a06,7.1885,0.4400
im_0477_s85_a04,15.3242,0.5317
im_0477_s85_a05,15.3737,0.5404
im_0477_s85_a06,7.9046,0.4351
im_0477_s90_a04,8.1869,0.4354
im_0477_s90_a05,12.2353,0.4647
im_0477_s90_a06,9.4297,0.4788
im_0477_s95_a04,14.5684,0.5677
im_0477_s95_a05,10.9410,0.5296
im_0477_s95_a06,13.2619,0.5384
im_0478_s100_a04,18.2530,0.6590
im_0478_s100_a05,19.4651,0.5934
im_0478_s100_a06,11.6437,0.4663
im_0478_s80_a04,13.8539,0.6030
im_0478_s80_a05,13.5388,0.5136
im_0478_s80_a06,12.2709,0.5409
im_0478_s85_a04,17.4005,0.5063
im_0478_s85_a05,11.9628,0.5782
im_0478_s85_a06,9.2063,0.5355
im_0478_s90_a04,15.8543,0.5342
im_0478_s90_a05,10.4507,0.5112
im_0478_s90_a06,9.4275,0.5039
im_0478_s95_a04,18.3495,0.5722
im_0478_s95_a05,20.3306,0.6038
im_0478_s95_a06,11.3768,0.5089
im_0479_s100_a04,14.5675,0.6598
im_0479_s100_a05,15.0429,0.6374
im_0479_s100_a06,9.5037,0.5593
im_0479_s80_a04,9.4456,0.5543
im_0479_s80_a05,15.8814,0.6707
im_0479_s80_a06,10.5673,0.6608
im_0479_s85_a04,10.5117,0.6121
im_0479_s85_a05,16.9758,0.7241
im_0479_s85_a06,13.1451,0.5316
im_0479_s90_a04,14.3710,0.6627
im_0479_s90_a05,15.0235,0.5881
im_0479_s90_a06,14.8325,0.6235
im_0479_s95_a04,12.0381,0.6702
im_0479_s95_a05,14.8029,0.5931
im_0479_s95_a06,11.5446,0.6617
im_0480_s100_a04,12.5045,0.4455
im_0480_s100_a05,9.6368,0.3915
im_0480_s100_a06,9.1688,0.3995
im_0480_s80_a04,9.2264,0.4299
im_0480_s80_a05,16.0307,0.4658
im_0480_s80_a06,12.3184,0.4357
im_0480_s85_a04,10.7234,0.4101
im_0480_s85_a05,10.2628,0.4438
im_0480_s85_a06,13.3252,0.4595
im_0480_s90_a04,14.2090,0.4528
im_0480_s90_a05,8.3071,0.4278
im_0480_s90_a06,9.7220,0.3398
im_0480_s95_a04,15.3464,0.4570
im_0480_s95_a05,8.1245,0.3655
im_0480_s95_a06,11.3822,0.3816
im_0481_s100_a04,16.6321,0.4542
im_0481_s100_a05,16.6711,0.5933
im_0481_s100_a06,16.4700,0.5059
im_0481_s80_a04,16.4248,0.4703
im_0481_s80_a05,16.6467,0.6142
im_0481_s80_a06,12.5362,0.5521
im_0481_s85_a04,17.6926,0.6069
im_0481_s85_a05,11.8558,0.6059
im_0481_s85_a06,15.6129,0.6768
im_0481_s90_a04,15.8282,0.4215
im_0481_s90_a05,10.0814,0.5254
im_0481_s90_a06,11.8663,0.5249
im_0481_s95_a04,11.4269,0.6270
im_0481_s95_a05,9.7726,0.5510
im_0481_s95_a06,9.4590,0.5686
im_0482_s100_a04,13.3578,0.5883
im_0482_s100_a05,17.0895,0.6170
im_0482_s100_a06,13.0722,0.5816
im_0482_s80_a04,12.5917,0.5872
im_0482_s80_a05,15.0490,0.5646
im_0482_s80_a06,10.7271,0.5376
im_0482_s85_a04,11.7383,0.5915
im_0482_s85_a05,17.2876,0.6571
im_0482_s85_a06,17.6359,0.6590
im_0482_s90_a04,15.2903,0.6385
im_0482_s90_a05,17.7368,0.6166
im_0482_s90_a06,16.6305,0.5626
im_0482_s95_a04,12.9813,0.5880
im_0482_s95_a05,16.4450,0.6641
im_0482_s95_a06,13.9425,0.6442
im_0483_s100_a04,14.1652,0.6118
im_0483_s100_a05,15.5125,0.6288
im_0483_s100_a06,15.1954,0.6031
im_0483_s80_a04,19.5905,0.6027
im_0483_s80_a05,20.7009,0.6693
im_0483_s80_a06,18.9434,0.6388
im_0483_s85_a04,16.2694,0.6109
im_0483_s85_a05,13.6829,0.5516
im_0483_s85_a06,23.4458,0.8318
im_0483_s90_a04,18.6800,0.6151
im_0483_s90_a05,16.4202,0.5747
im_0483_s90_a06,16.5190,0.5240
im_0483_s95_a04,16.5864,0.6169
im_0483_s95_a05,17.3658,0.6026
im_0483_s95_a06,14.5563,0.6369
im_0484_s100_a04,15.3241,0.4877
im_0484_s100_a05,7.8764,0.3989
im_0484_s100_a06,16.2469,0.4496
im_0484_s80_a04,10.4503,0.4795
im_0484_s80_a05,11.3016,0.4462
im_0484_s80_a06,14.7088,0.4828
im_0484_s85_a04,12.7387,0.4947
im_0484_s85_a05,8.9617,0.4886
im_0484_s85_a06,8.4724,0.4795
im_0484_s90_a04,14.3201,0.5652
im_0484_s90_a05,14.8806,0.5782
im_0484_s90_a06,16.0816,0.5665
im_0484_s95_a04,16.3511,0.4791
im_0484_s95_a05,9.7963,0.4580
im_0484_s95_a06,10.1699,0.5069
im_0485_s100_a04,17.5220,0.6465
im_0485_s100_a05,10.3384,0.5358
im_0485_s100_a06,18.3034,0.6883
im_0485_s80_a04,11.6689,0.4999
im_0485_s80_a05,16.7431,0.4894
im_0485_s80_a06,11.3629,0.5336
im_0485_s85_a04,14.3008,0.6118
im_0485_s85_a05,18.5163,0.6438
im_0485_s85_a06,9.2972,0.4991
im_0485_s90_a04,16.1380,0.4573
im_0485_s90_a05,17.2878,0.5751
im_0485_s90_a06,17.7808,0.6432
im_0485_s95_a04,17.7674,0.5966
im_0485_s95_a05,12.7716,0.5333
im_0485_s95_a06,13.1138,0.5341
im_0486_s100_a04,14.5647,0.6471
im_0486_s100_a05,11.5972,0.4606
im_0486_s100_a06,10.3260,0.4925
im_0486_s80_a04,14.3308,0.4728
im_0486_s80_a05,16.1021,0.5823
im_0486_s80_a06,11.3643,0.4930
im_0486_s85_a04,15.5700,0.6518
im_0486_s85_a05,14.7206,0.5826
im_0486_s85_a06,13.9687,0.6564
im_0486_s90_a04,13.7000,0.5836
im_0486_s90_a05,12.8750,0.5074
im_0486_s90_a06,16.0694,0.5689
im_0486_s95_a04,12.0613,0.5207
im_0486_s95_a05,14.4533,0.5506
im_0486_s95_a06,15.3034,0.5347
im_0487_s100_a04,15.8087,0.5447
im_0487_s100_a05,10.1655,0.5247
im_0487_s100_a06,17.7155,0.6920
im_0487_s80_a04,16.5706,0.6476
im_0487_s80_a05,15.4667,0.6220
im_0487_s80_a06,9.3626,0.5286
im_0487_s85_a04,15.6400,0.6443
im_0487_s85_a05,13.5691,0.6189
im_0487_s85_a06,16.5806,0.5857
im_0487_s90_a04,16.4302,0.6290
im_0487_s90_a05,16.5046,0.5579
im_0487_s90_a06,11.6979,0.5120
im_0487_s95_a04,11.3994,0.5577
im_0487_s95_a05,14.9099,0.6964
im_0487_s95_a06,11.4333,0.6061
im_0488_s100_a04,17.0042,0.6120
im_0488_s100_a05,15.0114,0.5675
im_0488_s100_a06,16.7887,0.5985
im_0488_s80_a04,17.8537,0.6299
im_0488_s80_a05,16.5799,0.6269
im_0488_s80_a06,13.4596,0.5240
im_0488_s85_a04,10.5164,0.5071
im_0488_s85_a05,17.6921,0.6904
im_0488_s85_a06,19.1619,0.6354
im_0488_s90_a04,11.9109,0.4911
im_0488_s90_a05,18.5567,0.6902
im_0488_s90_a06,19.7869,0.6208
im_0488_s95_a04,18.4083,0.6815
im_0488_s95_a05,16.9561,0.6949
im_0488_s95_a06,19.7912,0.6392
im_0489_s100_a04,9.5244,0.4205
im_0489_s100_a05,16.4204,0.6008
im_0489_s100_a06,17.7470,0.6191
im_0489_s80_a04,13.6057,0.4957
im_0489_s80_a05,16.1393,0.6018
im_0489_s80_a06,10.0717,0.5324
im_0489_s85_a04,13.8224,0.5440
im_0489_s85_a05,16.4195,0.6003
im_0489_s85_a06,17.2467,0.5290
im_0489_s90_a04,9.5109,0.4010
im_0489_s90_a05,17.0390,0.6282
im_0489_s90_a06,15.3760,0.5340
im_0489_s95_a04,15.9498,0.5598
im_0489_s95_a05,12.7317,0.5412
im_0489_s95_a06,9.5680,0.4700
im_0490_s100_a04,11.0517,0.5750
im_0490_s100_a05,10.4426,0.5624
im_0490_s100_a06,11.6028,0.6044
im_0490_s80_a04,12.0796,0.6171
im_0490_s80_a05,9.7079,0.5701
im_0490_s80_a06,15.8788,0.6266
im_0490_s85_a04,10.8576,0.6039
im_0490_s85_a05,16.6425,0.5199
im_0490_s85_a06,14.8928,0.6082
im_0490_s90_a04,13.6437,0.5317
im_0490_s90_a05,15.7944,0.5789
im_0490_s90_a06,16.3741,0.6317
im_0490_s95_a04,15.8546,0.5294
im_0490_s95_a05,15.5846,0.5788
im_0490_s95_a06,11.4054,0.6050
im_0491_s100_a04,14.5804,0.4632
im_0491_s100_a05,13.9671,0.5363
im_0491_s100_a06,11.1693,0.4065
im_0491_s80_a04,14.5119,0.4573
im_0491_s80_a05,13.9849,0.4330
im_0491_s80_a06,14.1543,0.4306
im_0491_s85_a04,14.0066,0.5020
im_0491_s85_a05,12.9217,0.4846
im_0491_s85_a06,9.9701,0.4722
im_0491_s90_a04,9.6811,0.3813
im_0491_s90_a05,13.6879,0.4958
im_0491_s90_a06,14.5098,0.5780
im_0491_s95_a04,14.0581,0.5201
im_0491_s95_a05,10.0250,0.4017
im_0491_s95_a06,13.1084,0.5257
im_0492_s100_a04,14.4919,0.6404
im_0492_s100_a05,14.3503,0.6670
im_0492_s100_a06,14.8632,0.6937
im_0492_s80_a04,12.2086,0.6655
im_0492_s80_a05,16.7543,0.7190
im_0492_s80_a06,12.2304,0.6595
im_0492_s85_a04,17.0678,0.7438
im_0492_s85_a05,15.6911,0.6710
im_0492_s85_a06,12.8415,0.6807
im_0492_s90_a04,17.1629,0.7031
im_0492_s90_a05,16.8419,0.6683
im_0492_s90_a06,15.5708,0.5717
im_0492_s95_a04,16.2630,0.6921
im_0492_s95_a05,16.0073,0.7080
im_0492_s95_a06,14.4181,0.6117
im_0493_s100_a04,17.0556,0.7075
im_0493_s100_a05,16.9755,0.6710
im_0493_s100_a06,14.1176,0.5398
im_0493_s80_a04,10.4208,0.5192
im_0493_s80_a05,17.2193,0.6830
im_0493_s80_a06,16.3125,0.5830
im_0493_s85_a04,15.5495,0.5899
im_0493_s85_a05,14.1134,0.6305
im_0493_s85_a06,15.4193,0.6179
im_0493_s90_a04,12.4670,0.5325
im_0493_s90_a05,12.6340,0.6274
im_0493_s90_a06,15.8266,0.6469
im_0493_s95_a04,13.6032,0.6315
im_0493_s95_a05,12.1904,0.5609
im_0493_s95_a06,12.3796,0.5983
im_0494_s100_a04,18.8531,0.6221
im_0494_s100_a05,17.0278,0.4621
im_0494_s100_a06,17.6350,0.5635
im_0494_s80_a04,14.2923,0.4770
im_0494_s80_a05,13.3693,0.4303
im_0494_s80_a06,13.8468,0.5396
im_0494_s85_a04,15.3499,0.5056
im_0494_s85_a05,13.4970,0.4415
im_0494_s85_a06,12.7874,0.4370
im_0494_s90_a04,12.2947,0.4620
im_0494_s90_a05,11.2590,0.4215
im_0494_s90_a06,17.3511,0.4902
im_0494_s95_a04,13.0692,0.4400
im_0494_s95_a05,11.5166,0.4455
im_0494_s95_a06,13.1520,0.5056
im_0495_s100_a04,19.2635,0.5273
im_0495_s100_a05,12.0884,0.6222
im_0495_s100_a06,20.4118,0.6927
im_0495_s80_a04,17.5209,0.4546
im_0495_s80_a05,12.9295,0.6095
im_0495_s80_a06,13.6148,0.5326
im_0495_s85_a04,18.5147,0.6205
im_0495_s85_a05,15.7727,0.6940
im_0495_s85_a06,14.8625,0.5756
im_0495_s90_a04,14.4391,0.5496
im_0495_s90_a05,14.9648,0.5479
im_0495_s90_a06,20.6449,0.6431
im_0495_s95_a04,18.9614,0.5804
im_0495_s95_a05,17.2381,0.6691
im_0495_s95_a06,16.8376,0.6240
im_0496_s100_a04,12.1673,0.5806
im_0496_s100_a05,13.7806,0.6198
im_0496_s100_a06,10.1757,0.5569
im_0496_s80_a04,12.7705,0.6076
im_0496_s80_a05,9.8546,0.5185
im_0496_s80_a06,13.8249,0.6430
im_0496_s85_a04,15.0287,0.6356
im_0496_s85_a05,14.6214,0.6413
im_0496_s85_a06,14.9240,0.6421
im_0496_s90_a04,13.3032,0.5706
im_0496_s90_a05,9.8667,0.5411
im_0496_s90_a06,11.0540,0.5407
im_0496_s95_a04,11.6394,0.6076
im_0496_s95_a05,11.3826,0.5569
im_0496_s95_a06,15.5764,0.6337
im_0497_s100_a04,13.5112,0.7439
im_0497_s100_a05,18.3177,0.6633
im_0497_s100_a06,12.5252,0.7321
im_0497_s80_a04,17.0519,0.6788
im_0497_s80_a05,18.9231,0.6444
im_0497_s80_a06,13.8098,0.5652
im_0497_s85_a04,12.2955,0.7164
im_0497_s85_a05,16.3554,0.7075
im_0497_s85_a06,15.0324,0.6271
im_0497_s90_a04,15.9134,0.6094
im_0497_s90_a05,15.6025,0.7301
im_0497_s90_a06,17.8289,0.6081
im_0497_s95_a04,15.1687,0.6175
im_0497_s95_a05,19.3321,0.6899
im_0497_s95_a06,18.1068,0.6637
im_0498_s100_a04,14.1032,0.6111
im_0498_s100_a05,17.8280,0.7267
im_0498_s100_a06,17.3720,0.7678
im_0498_s80_a04,17.5206,0.6858
im_0498_s80_a05,18.9049,0.7612
im_0498_s80_a06,18.1401,0.7588
im_0498_s85_a04,16.1840,0.6859
im_0498_s85_a05,17.0040,0.6538
im_0498_s85_a06,16.0491,0.6279
im_0498_s90_a04,18.8602,0.6373
im_0498_s90_a05,16.4582,0.7199
im_0498_s90_a06,16.5962,0.6215
im_0498_s95_a04,14.5669,0.6381
im_0498_s95_a05,14.0722,0.6250
im_0498_s95_a06,14.1519,0.6653
im_0499_s100_a04,15.3451,0.5108
im_0499_s100_a05,13.0385,0.5171
im_0499_s100_a06,15.7164,0.5999
im_0499_s80_a04,15.0469,0.4835
im_0499_s80_a05,13.2192,0.5310
im_0499_s80_a06,13.1233,0.4688
im_0499_s85_a04,15.7689,0.5289
im_0499_s85_a05,15.6752,0.5108
im_0499_s85_a06,11.2003,0.5187
im_0499_s90_a04,16.0291,0.5650
im_0499_s90_a05,13.1672,0.5486
im_0499_s90_a06,12.4174,0.5666
im_0499_s95_a04,11.7194,0.5406
im_0499_s95_a05,15.7033,0.6018
im_0499_s95_a06,13.9266,0.5327
im_0500_s100_a04,10.2472,0.5352
im_0500_s100_a05,17.2443,0.7084
im_0500_s100_a06,16.5028,0.6928
im_0500_s80_a04,14.6394,0.5205
im_0500_s80_a05,16.1120,0.7059
im_0500_s80_a06,16.6281,0.6345
im_0500_s85_a04,13.4205,0.6705
im_0500_s85_a05,15.7163,0.6209
im_0500_s85_a06,14.4842,0.6416
im_0500_s90_a04,14.5356,0.5320
im_0500_s90_a05,15.9545,0.5557
im_0500_s90_a06,16.2454,0.6184
im_0500_s95_a04,10.7988,0.5196
im_0500_s95_a05,14.6283,0.5073
im_0500_s95_a06,14.2436,0.5784
im_0501_s100_a04,10.7206,0.5619
im_0501_s100_a05,13.0025,0.5473
im_0501_s100_a06,11.1546,0.5056
im_0501_s80_a04,13.2864,0.5443
im_0501_s80_a05,16.8137,0.5659
im_0501_s80_a06,14.9287,0.5327
im_0501_s85_a04,15.5256,0.6488
im_0501_s85_a05,11.9500,0.5399
im_0501_s85_a06,16.1465,0.5889
im_0501_s90_a04,14.0146,0.4767
im_0501_s90_a05,14.0951,0.4896
im_0501_s90_a06,14.7529,0.5728
im_0501_s95_a04,16.6484,0.6655
im_0501_s95_a05,15.1065,0.5524
im_0501_s95_a06,11.5372,0.5992
im_0502_s100_a04,12.1855,0.4859
im_0502_s100_a05,11.7797,0.5680
im_0502_s100_a06,11.6216,0.6018
im_0502_s80_a04,12.0827,0.5652
im_0502_s80_a05,13.0955,0.5900
im_0502_s80_a06,10.6640,0.6812
im_0502_s85_a04,11.2117,0.5434
im_0502_s85_a05,10.6687,0.5840
im_0502_s85_a06,10.6863,0.5553
im_0502_s90_a04,11.8930,0.6083
im_0502_s90_a05,13.4773,0.5830
im_0502_s90_a06,10.0894,0.5677
im_0502_s95_a04,11.8614,0.5321
im_0502_s95_a05,10.3153,0.5027
im_0502_s95_a06,12.4259,0.6241
im_0503_s100_a04,10.4035,0.5804
im_0503_s100_a05,19.2054,0.6447
im_0503_s100_a06,11.7832,0.5759
im_0503_s80_a04,18.8282,0.6024
im_0503_s80_a05,15.3249,0.5370
im_0503_s80_a06,16.5938,0.6592
im_0503_s85_a04,14.8742,0.5683
im_0503_s85_a05,17.2787,0.6656
im_0503_s85_a06,9.8569,0.5897
im_0503_s90_a04,18.4420,0.6426
im_0503_s90_a05,19.9023,0.7159
im_0503_s90_a06,17.7410,0.6547
im_0503_s95_a04,20.2842,0.6690
im_0503_s95_a05,10.8532,0.5997
im_0503_s95_a06,17.5008,0.7031
im_0504_s100_a04,12.2106,0.5801
im_0504_s100_a05,19.4125,0.6724
im_0504_s100_a06,13.9447,0.6068
im_0504_s80_a04,18.5303,0.7278
im_0504_s80_a05,16.2606,0.5819
im_0504_s80_a06,18.0226,0.6017
im_0504_s85_a04,17.4820,0.5809
im_0504_s85_a05,14.0965,0.6045
im_0504_s85_a06,17.0071,0.6181
im_0504_s90_a04,17.8649,0.5762
im_0504_s90_a05,19.2372,0.7277
im_0504_s90_a06,16.3755,0.5394
im_0504_s95_a04,17.5538,0.6389
im_0504_s95_a05,17.6072,0.6613
im_0504_s95_a06,14.8760,0.6185
im_0505_s100_a04,15.7926,0.6175
im_0505_s100_a05,18.8813,0.6032
im_0505_s100_a06,15.9660,0.5575
im_0505_s80_a04,18.6375,0.5579
im_0505_s80_a05,17.7034,0.5350
im_0505_s80_a06,17.3485,0.5574
im_0505_s85_a04,14.7124,0.5454
im_0505_s85_a05,10.3846,0.5795
im_0505_s85_a06,13.4880,0.5680
im_0505_s90_a04,11.9063,0.4749
im_0505_s90_a05,16.8948,0.5316
im_0505_s90_a06,10.5199,0.5436
im_0505_s95_a04,18.0209,0.5329
im_0505_s95_a05,13.9098,0.6049
im_0505_s95_a06,16.6414,0.5974
im_0506_s100_a04,13.8774,0.5628
im_0506_s100_a05,12.6796,0.5568
im_0506_s100_a06,9.8206,0.4617
im_0506_s80_a04,16.0590,0.4835
im_0506_s80_a05,14.9625,0.4737
im_0506_s80_a06,13.7844,0.5868
im_0506_s85_a04,11.1526,0.5037
im_0506_s85_a05,9.0218,0.4396
im_0506_s85_a06,12.5971,0.5624
im_0506_s90_a04,11.5472,0.5650
im_0506_s90_a05,15.0860,0.6193
im_0506_s90_a06,16.6201,0.6065
im_0506_s95_a04,10.1261,0.3982
im_0506_s95_a05,15.5024,0.5827
im_0506_s95_a06,11.6076,0.5050
im_0507_s100_a04,15.7005,0.6845
im_0507_s100_a05,13.4983,0.6802
im_0507_s100_a06,9.2653,0.5334
im_0507_s80_a04,14.8579,0.6374
im_0507_s80_a05,13.3843,0.6595
im_0507_s80_a06,14.6857,0.6022
im_0507_s85_a04,14.6332,0.5973
im_0507_s85_a05,15.2874,0.6878
im_0507_s85_a06,12.8773,0.7008
im_0507_s90_a04,13.1562,0.5962
im_0507_s90_a05,12.1267,0.6172
im_0507_s90_a06,10.6236,0.5295
im_0507_s95_a04,14.0813,0.6584
im_0507_s95_a05,15.6580,0.6925
im_0507_s95_a06,14.7138,0.6607
im_0508_s100_a04,13.5362,0.6859
im_0508_s100_a05,10.4635,0.5897
im_0508_s100_a06,13.5940,0.6614
im_0508_s80_a04,14.2012,0.6624
im_0508_s80_a05,13.3114,0.6485
im_0508_s80_a06,12.1641,0.5923
im_0508_s85_a04,10.9654,0.5931
im_0508_s85_a05,11.4186,0.5809
im_0508_s85_a06,11.4600,0.6017
im_0508_s90_a04,10.0405,0.5551
im_0508_s90_a05,12.0480,0.6025
im_0508_s90_a06,12.9762,0.6173
im_0508_s95_a04,12.0498,0.6284
im_0508_s95_a05,14.4424,0.6639
im_0508_s95_a06,11.5416,0.6327
im_0509_s100_a04,15.1256,0.6819
im_0509_s100_a05,15.1196,0.6549
im_0509_s100_a06,14.4864,0.5928
im_0509_s80_a04,13.3631,0.6206
im_0509_s80_a05,13.1224,0.5866
im_0509_s80_a06,15.7172,0.6436
im_0509_s85_a04,13.6352,0.5574
im_0509_s85_a05,14.8169,0.6337
im_0509_s85_a06,11.8107,0.5762
im_0509_s90_a04,14.4933,0.5415
im_0509_s90_a05,15.3309,0.6192
im_0509_s90_a06,13.2266,0.5767
im_0509_s95_a04,14.1982,0.6281
im_0509_s95_a05,15.9609,0.7051
im_0509_s95_a06,14.0238,0.6129
im_0510_s100_a04,17.4369,0.6539
im_0510_s100_a05,13.7345,0.6222
im_0510_s100_a06,11.0168,0.5250
im_0510_s80_a04,16.8201,0.5551
im_0510_s80_a05,17.1447,0.6058
im_0510_s80_a06,11.4217,0.6003
im_0510_s85_a04,12.4925,0.5770
im_0510_s85_a05,16.5780,0.5843
im_0510_s85_a06,15.5883,0.5336
im_0510_s90_a04,16.6976,0.6278
im_0510_s90_a05,16.6685,0.6195
im_0510_s90_a06,15.1423,0.5208
im_0510_s95_a04,16.2981,0.5736
im_0510_s95_a05,13.4178,0.5710
im_0510_s95_a06,14.1321,0.6164
im_0511_s100_a04,17.2214,0.5757
im_0511_s100_a05,19.1750,0.5108
im_0511_s100_a06,13.3858,0.5603
im_0511_s80_a04,16.1076,0.5244
im_0511_s80_a05,12.0597,0.4692
im_0511_s80_a06,8.9958,0.4543
im_0511_s85_a04,11.1397,0.4450
im_0511_s85_a05,8.5499,0.4268
im_0511_s85_a06,15.0997,0.4511
im_0511_s90_a04,11.6418,0.4596
im_0511_s90_a05,7.6611,0.4475
im_0511_s90_a06,7.9308,0.4171
im_0511_s95_a04,15.8772,0.4732
im_0511_s95_a05,17.0396,0.6082
im_0511_s95_a06,19.9996,0.5818
im_0512_s100_a04,12.8953,0.5879
im_0512_s100_a05,14.4526,0.6380
im_0512_s100_a06,14.9890,0.5950
im_0512_s80_a04,15.0180,0.7085
im_0512_s80_a05,14.8574,0.8076
im_0512_s80_a06,13.3728,0.7124
im_0512_s85_a04,15.8168,0.7665
im_0512_s85_a05,15.9158,0.7376
im_0512_s85_a06,14.5132,0.6627
im_0512_s90_a04,15.3932,0.6712
im_0512_s90_a05,16.3169,0.6789
im_0512_s90_a06,14.7767,0.6656
im_0512_s95_a04,14.5673,0.6405
im_0512_s95_a05,16.6446,0.7274
im_0512_s95_a06,13.1396,0.5850
im_0513_s100_a04,14.3602,0.5582
im_0513_s100_a05,12.2828,0.5371
im_0513_s100_a06,15.1463,0.5605
im_0513_s80_a04,12.0966,0.5799
im_0513_s80_a05,10.8693,0.5284
im_0513_s80_a06,15.2449,0.6592
im_0513_s85_a04,12.9309,0.5718
im_0513_s85_a05,14.5619,0.6164
im_0513_s85_a06,12.1217,0.6050
im_0513_s90_a04,13.8320,0.6260
im_0513_s90_a05,14.4387,0.6197
im_0513_s90_a06,11.7418,0.5849
im_0513_s95_a04,14.0643,0.6897
im_0513_s95_a05,14.4540,0.6525
im_0513_s95_a06,14.5864,0.6662
im_0514_s100_a04,11.7781,0.5930
im_0514_s100_a05,13.4972,0.6627
im_0514_s100_a06,12.7632,0.6512
im_0514_s80_a04,13.0943,0.6244
im_0514_s80_a05,11.5617,0.6030
im_0514_s80_a06,13.9450,0.6871
im_0514_s85_a04,12.1495,0.5717
im_0514_s85_a05,12.6678,0.6277
im_0514_s85_a06,14.8148,0.7313
im_0514_s90_a04,11.5656,0.6353
im_0514_s90_a05,11.1610,0.5546
im_0514_s90_a06,11.0081,0.5125
im_0514_s95_a04,10.7768,0.5955
im_0514_s95_a05,13.1103,0.6585
im_0514_s95_a06,12.0575,0.5475
im_0515_s100_a04,15.0753,0.5563
im_0515_s100_a05,15.5842,0.5170
im_0515_s100_a06,11.0271,0.5524
im_0515_s80_a04,12.6721,0.5342
im_0515_s80_a05,11.2443,0.5522
im_0515_s80_a06,13.2338,0.5529
im_0515_s85_a04,13.5361,0.5722
im_0515_s85_a05,16.0497,0.6364
im_0515_s85_a06,12.9546,0.6096
im_0515_s90_a04,13.4703,0.5366
im_0515_s90_a05,15.2535,0.5780
im_0515_s90_a06,12.2981,0.5188
im_0515_s95_a04,13.5280,0.6268
im_0515_s95_a05,17.5497,0.5904
im_0515_s95_a06,17.5910,0.6594
im_0516_s100_a04,16.4266,0.5798
im_0516_s100_a05,13.0363,0.4462
im_0516_s100_a06,10.3750,0.4913
im_0516_s80_a04,14.7640,0.4933
im_0516_s80_a05,8.7287,0.3697
im_0516_s80_a06,9.8899,0.4649
im_0516_s85_a04,16.2967,0.5595
im_0516_s85_a05,11.5035,0.4910
im_0516_s85_a06,8.9540,0.4109
im_0516_s90_a04,10.4278,0.4026
im_0516_s90_a05,18.0809,0.5743
im_0516_s90_a06,9.4724,0.3944
im_0516_s95_a04,15.7366,0.4813
im_0516_s95_a05,10.1603,0.4687
im_0516_s95_a06,13.6589,0.5381
im_0517_s100_a04,15.8811,0.5936
im_0517_s100_a05,14.3180,0.6047
im_0517_s100_a06,14.4788,0.5472
im_0517_s80_a04,15.1215,0.5445
im_0517_s80_a05,15.0046,0.6324
im_0517_s80_a06,14.8256,0.6361
im_0517_s85_a04,14.6251,0.6618
im_0517_s85_a05,10.9363,0.5739
im_0517_s85_a06,13.7684,0.5867
im_0517_s90_a04,12.3992,0.5944
im_0517_s90_a05,12.5569,0.6304
im_0517_s90_a06,12.6256,0.6258
im_0517_s95_a04,16.5308,0.6658
im_0517_s95_a05,15.1503,0.6208
im_0517_s95_a06,14.9096,0.5888
im_0518_s100_a04,17.6809,0.5901
im_0518_s100_a05,14.1168,0.7070
im_0518_s100_a06,11.7229,0.5771
im_0518_s80_a04,15.3435,0.6167
im_0518_s80_a05,17.9540,0.6572
im_0518_s80_a06,19.1219,0.7730
im_0518_s85_a04,16.9335,0.6892
im_0518_s85_a05,17.4280,0.7223
im_0518_s85_a06,14.9878,0.6054
im_0518_s90_a04,17.3652,0.6508
im_0518_s90_a05,18.8719,0.6358
im_0518_s90_a06,16.4815,0.5329
im_0518_s95_a04,15.4147,0.5974
im_0518_s95_a05,16.7295,0.6057
im_0518_s95_a06,15.0384,0.6635
im_0519_s100_a04,15.6994,0.5495
im_0519_s100_a05,15.3476,0.5634
im_0519_s100_a06,16.0940,0.5186
im_0519_s80_a04,10.7791,0.5243
im_0519_s80_a05,8.9737,0.4375
im_0519_s80_a06,9.4747,0.4223
im_0519_s85_a04,15.2012,0.5122
im_0519_s85_a05,15.1056,0.5371
im_0519_s85_a06,16.8036,0.5366
im_0519_s90_a04,15.5620,0.4532
im_0519_s90_a05,11.2569,0.4849
im_0519_s90_a06,16.9354,0.5466
im_0519_s95_a04,9.7329,0.4398
im_0519_s95_a05,15.9053,0.6380
im_0519_s95_a06,17.3525,0.5911
im_0520_s100_a04,11.4274,0.6350
im_0520_s100_a05,14.5846,0.6500
im_0520_s100_a06,11.4362,0.5693
im_0520_s80_a04,13.5472,0.6134
im_0520_s80_a05,14.8875,0.6926
im_0520_s80_a06,14.8049,0.7574
im_0520_s85_a04,14.0461,0.6782
im_0520_s85_a05,15.0786,0.7089
im_0520_s85_a06,11.7560,0.6353
im_0520_s90_a04,12.4757,0.5875
im_0520_s90_a05,13.0989,0.6754
im_0520_s90_a06,11.4706,0.5841
im_0520_s95_a04,15.0527,0.6868
im_0520_s95_a05,12.3634,0.6885
im_0520_s95_a06,15.0774,0.7377
im_0521_s100_a04,10.0199,0.4977
im_0521_s100_a05,17.0831,0.6552
im_0521_s100_a06,15.5551,0.5893
im_0521_s80_a04,17.3496,0.6318
im_0521_s80_a05,9.4471,0.5312
im_0521_s80_a06,16.9422,0.5960
im_0521_s85_a04,14.8603,0.5559
im_0521_s85_a05,16.2480,0.6569
im_0521_s85_a06,16.5754,0.5702
im_0521_s90_a04,12.0919,0.5588
im_0521_s90_a05,16.7487,0.5531
im_0521_s90_a06,12.9185,0.6290
im_0521_s95_a04,9.5290,0.4669
im_0521_s95_a05,16.0033,0.6250
im_0521_s95_a06,17.1367,0.6796
im_0522_s100_a04,13.4228,0.6625
im_0522_s100_a05,11.8337,0.5521
im_0522_s100_a06,9.8059,0.5126
im_0522_s80_a04,11.1287,0.6040
im_0522_s80_a05,9.6532,0.5768
im_0522_s80_a06,10.9735,0.5970
im_0522_s85_a04,9.8640,0.5644
im_0522_s85_a05,10.5461,0.5633
im_0522_s85_a06,10.7727,0.5874
im_0522_s90_a04,9.6936,0.5356
im_0522_s90_a05,13.1747,0.6303
im_0522_s90_a06,9.6483,0.5028
im_0522_s95_a04,11.2040,0.5709
im_0522_s95_a05,11.2643,0.5894
im_0522_s95_a06,11.5392,0.5924
im_0523_s100_a04,17.4127,0.6955
im_0523_s100_a05,12.6655,0.6523
im_0523_s100_a06,16.0756,0.7264
im_0523_s80_a04,14.6864,0.5999
im_0523_s80_a05,17.1750,0.6853
im_0523_s80_a06,18.1188,0.6839
im_0523_s85_a04,16.4689,0.6030
im_0523_s85_a05,13.5408,0.6806
im_0523_s85_a06,17.5142,0.6247
im_0523_s90_a04,17.6203,0.5886
im_0523_s90_a05,13.5124,0.6401
im_0523_s90_a06,15.1715,0.6330
im_0523_s95_a04,17.5257,0.6697
im_0523_s95_a05,13.9759,0.7023
im_0523_s95_a06,13.9261,0.6953
im_0524_s100_a04,15.3498,0.6790
im_0524_s100_a05,9.7281,0.5118
im_0524_s100_a06,12.4108,0.6058
im_0524_s80_a04,12.9495,0.6461
im_0524_s80_a05,10.1309,0.5380
im_0524_s80_a06,13.0739,0.5386
im_0524_s85_a04,13.1577,0.6068
im_0524_s85_a05,12.0797,0.6133
im_0524_s85_a06,15.2346,0.6542
im_0524_s90_a04,14.9931,0.6266
im_0524_s90_a05,16.7378,0.6069
im_0524_s90_a06,14.5524,0.5804
im_0524_s95_a04,15.6523,0.6778
im_0524_s95_a05,10.6703,0.5933
im_0524_s95_a06,13.6732,0.5768
im_0525_s100_a04,12.4538,0.4764
im_0525_s100_a05,12.8407,0.5989
im_0525_s100_a06,15.6228,0.5768
im_0525_s80_a04,16.0878,0.6167
im_0525_s80_a05,14.5449,0.6303
im_0525_s80_a06,14.0003,0.6108
im_0525_s85_a04,15.6845,0.5915
im_0525_s85_a05,14.8503,0.5637
im_0525_s85_a06,13.4468,0.6213
im_0525_s90_a04,18.0436,0.6058
im_0525_s90_a05,14.7197,0.6807
im_0525_s90_a06,16.8775,0.6792
im_0525_s95_a04,14.3348,0.6417
im_0525_s95_a05,13.4095,0.6779
im_0525_s95_a06,13.5967,0.6577
im_0526_s100_a04,14.5155,0.5589
im_0526_s100_a05,14.5163,0.5759
im_0526_s100_a06,15.0468,0.4802
im_0526_s80_a04,14.1447,0.5627
im_0526_s80_a05,11.9298,0.4546
im_0526_s80_a06,11.9500,0.5395
im_0526_s85_a04,15.9784,0.6492
im_0526_s85_a05,14.2008,0.5865
im_0526_s85_a06,10.4710,0.4225
im_0526_s90_a04,13.6310,0.4705
im_0526_s90_a05,14.7031,0.6080
im_0526_s90_a06,15.5424,0.5762
im_0526_s95_a04,14.6009,0.6189
im_0526_s95_a05,14.7602,0.5579
im_0526_s95_a06,10.7110,0.4681
im_0527_s100_a04,15.6917,0.4215
im_0527_s100_a05,13.0843,0.4441
im_0527_s100_a06,8.3144,0.4209
im_0527_s80_a04,17.4825,0.4545
im_0527_s80_a05,11.6902,0.3975
im_0527_s80_a06,14.1915,0.4752
im_0527_s85_a04,13.7905,0.4714
im_0527_s85_a05,17.2007,0.4567
im_0527_s85_a06,14.6697,0.4904
im_0527_s90_a04,8.1841,0.4521
im_0527_s90_a05,16.3594,0.4495
im_0527_s90_a06,15.2737,0.4616
im_0527_s95_a04,14.7192,0.4720
im_0527_s95_a05,16.8948,0.5468
im_0527_s95_a06,15.1347,0.5339
im_0528_s100_a04,11.5923,0.6762
im_0528_s100_a05,12.6582,0.7060
im_0528_s100_a06,12.8368,0.6951
im_0528_s80_a04,14.9671,0.6983
im_0528_s80_a05,15.5278,0.6976
im_0528_s80_a06,11.8438,0.6646
im_0528_s85_a04,13.9113,0.7558
im_0528_s85_a05,11.7990,0.6852
im_0528_s85_a06,13.4793,0.7206
im_0528_s90_a04,12.6393,0.6415
im_0528_s90_a05,12.2605,0.6829
im_0528_s90_a06,14.1398,0.6270
im_0528_s95_a04,11.7745,0.7303
im_0528_s95_a05,12.7635,0.6875
im_0528_s95_a06,14.8630,0.7444
im_0529_s100_a04,11.7796,0.6222
im_0529_s100_a05,11.7908,0.6247
im_0529_s100_a06,11.7538,0.6522
im_0529_s80_a04,13.3502,0.6030
im_0529_s80_a05,10.7300,0.5703
im_0529_s80_a06,10.2519,0.6108
im_0529_s85_a04,9.4985,0.6015
im_0529_s85_a05,10.0438,0.5723
im_0529_s85_a06,10.9441,0.6253
im_0529_s90_a04,10.7745,0.5702
im_0529_s90_a05,11.0647,0.6105
im_0529_s90_a06,11.3936,0.5525
im_0529_s95_a04,11.1147,0.6136
im_0529_s95_a05,9.1142,0.5629
im_0529_s95_a06,12.7550,0.6411
im_0530_s100_a04,10.9597,0.5419
im_0530_s100_a05,16.8594,0.4631
im_0530_s100_a06,19.2950,0.5410
im_0530_s80_a04,18.4106,0.5672
im_0530_s80_a05,10.9565,0.5280
im_0530_s80_a06,12.5737,0.5907
im_0530_s85_a04,9.8092,0.4871
im_0530_s85_a05,17.1034,0.6357
im_0530_s85_a06,13.5557,0.5324
im_0530_s90_a04,17.9458,0.5626
im_0530_s90_a05,15.4424,0.5111
im_0530_s90_a06,10.8677,0.5629
im_0530_s95_a04,11.3026,0.5516
im_0530_s95_a05,11.6665,0.5749
im_0530_s95_a06,9.8122,0.5366
im_0531_s100_a04,12.2870,0.5824
im_0531_s100_a05,9.8488,0.5421
im_0531_s100_a06,15.9552,0.6152
im_0531_s80_a04,13.3882,0.5863
im_0531_s80_a05,18.5297,0.6880
im_0531_s80_a06,13.3040,0.5797
im_0531_s85_a04,12.5807,0.6217
im_0531_s85_a05,17.0708,0.6593
im_0531_s85_a06,15.5785,0.6233
im_0531_s90_a04,9.8189,0.4562
im_0531_s90_a05,11.2836,0.5754
im_0531_s90_a06,18.0414,0.6231
im_0531_s95_a04,15.5368,0.6202
im_0531_s95_a05,13.3763,0.6090
im_0531_s95_a06,15.5377,0.6023
im_0532_s100_a04,16.2730,0.6201
im_0532_s100_a05,15.7503,0.6631
im_0532_s100_a06,11.0359,0.5314
im_0532_s80_a04,16.9718,0.6309
im_0532_s80_a05,13.6095,0.6011
im_0532_s80_a06,11.3205,0.5563
im_0532_s85_a04,17.9017,0.6620
im_0532_s85_a05,14.4796,0.5169
im_0532_s85_a06,18.9198,0.6948
im_0532_s90_a04,13.5034,0.6371
im_0532_s90_a05,15.6006,0.5598
im_0532_s90_a06,15.5412,0.5624
im_0532_s95_a04,16.6541,0.6770
im_0532_s95_a05,18.5639,0.6803
im_0532_s95_a06,18.0795,0.6414
im_0533_s100_a04,12.6293,0.6262
im_0533_s100_a05,18.4171,0.6305
im_0533_s100_a06,13.8454,0.6211
im_0533_s80_a04,14.6544,0.6643
im_0533_s80_a05,13.0177,0.6556
im_0533_s80_a06,13.7690,0.5361
im_0533_s85_a04,18.0668,0.7249
im_0533_s85_a05,11.9988,0.5338
im_0533_s85_a06,16.3127,0.6081
im_0533_s90_a04,17.7413,0.6151
im_0533_s90_a05,13.2780,0.6127
im_0533_s90_a06,19.5253,0.6339
im_0533_s95_a04,18.7000,0.6480
im_0533_s95_a05,14.5746,0.6846
im_0533_s95_a06,19.1587,0.7137
im_0534_s100_a04,12.3857,0.5400
im_0534_s100_a05,10.6366,0.5394
im_0534_s100_a06,15.8130,0.6530
im_0534_s80_a04,9.8146,0.5547
im_0534_s80_a05,13.2849,0.6435
im_0534_s80_a06,11.3588,0.5732
im_0534_s85_a04,15.0195,0.7000
im_0534_s85_a05,10.1093,0.5604
im_0534_s85_a06,12.4605,0.5652
im_0534_s90_a04,14.3788,0.5798
im_0534_s90_a05,11.6976,0.5985
im_0534_s90_a06,15.5840,0.6248
im_0534_s95_a04,11.0385,0.5742
im_0534_s95_a05,10.7008,0.6118
im_0534_s95_a06,15.7624,0.6716
im_0535_s100_a04,16.2923,0.4917
im_0535_s100_a05,15.0556,0.5272
im_0535_s100_a06,11.5945,0.4482
im_0535_s80_a04,15.8985,0.5732
im_0535_s80_a05,15.2937,0.6480
im_0535_s80_a06,16.1474,0.5501
im_0535_s85_a04,16.0385,0.6380
im_0535_s85_a05,16.5752,0.5492
im_0535_s85_a06,16.2069,0.5504
im_0535_s90_a04,16.2912,0.5377
im_0535_s90_a05,16.4606,0.5699
im_0535_s90_a06,16.1141,0.5788
im_0535_s95_a04,16.3785,0.6004
im_0535_s95_a05,13.1908,0.4996
im_0535_s95_a06,16.0804,0.6689
im_0536_s100_a04,18.7327,0.6204
im_0536_s100_a05,17.7306,0.5237
im_0536_s100_a06,15.9758,0.5661
im_0536_s80_a04,15.5288,0.6474
im_0536_s80_a05,15.0327,0.5652
im_0536_s80_a06,18.5734,0.6565
im_0536_s85_a04,17.1971,0.5771
im_0536_s85_a05,9.9521,0.5053
im_0536_s85_a06,17.0842,0.5683
im_0536_s90_a04,18.2883,0.6471
im_0536_s90_a05,12.8944,0.5815
im_0536_s90_a06,10.3462,0.4579
im_0536_s95_a04,11.8079,0.5582
im_0536_s95_a05,18.1239,0.5888
im_0536_s95_a06,17.8651,0.6248
im_0537_s100_a04,13.3408,0.5574
im_0537_s100_a05,20.3979,0.6265
im_0537_s100_a06,19.6709,0.6095
im_0537_s80_a04,17.2857,0.7043
im_0537_s80_a05,14.4844,0.6742
im_0537_s80_a06,20.1030,0.6787
im_0537_s85_a04,13.8417,0.5397
im_0537_s85_a05,18.4819,0.5835
im_0537_s85_a06,13.7978,0.6316
im_0537_s90_a04,18.8260,0.5827
im_0537_s90_a05,18.2686,0.6726
im_0537_s90_a06,17.9952,0.6289
im_0537_s95_a04,14.8523,0.6141
im_0537_s95_a05,15.0775,0.5719
im_0537_s95_a06,17.8706,0.5911
im_0538_s100_a04,7.6478,0.3808
im_0538_s100_a05,9.7356,0.4259
im_0538_s100_a06,6.0278,0.3607
im_0538_s80_a04,8.5871,0.3922
im_0538_s80_a05,6.6779,0.3740
im_0538_s80_a06,10.8119,0.5358
im_0538_s85_a04,10.1896,0.5685
im_0538_s85_a05,10.7237,0.3705
im_0538_s85_a06,10.1981,0.3747
im_0538_s90_a04,11.3192,0.4031
im_0538_s90_a05,10.9183,0.3588
im_0538_s90_a06,10.7557,0.4071
im_0538_s95_a04,9.3131,0.3653
im_0538_s95_a05,11.3918,0.5193
im_0538_s95_a06,11.0082,0.5800
im_0539_s100_a04,12.4194,0.6979
im_0539_s100_a05,14.6168,0.6816
im_0539_s100_a06,11.1937,0.6090
im_0539_s80_a04,15.3554,0.6522
im_0539_s80_a05,11.4960,0.5956
im_0539_s80_a06,13.5930,0.6915
im_0539_s85_a04,11.4390,0.6559
im_0539_s85_a05,11.0889,0.6501
im_0539_s85_a06,13.5616,0.7052
im_0539_s90_a04,13.4277,0.6190
im_0539_s90_a05,12.7452,0.6501
im_0539_s90_a06,10.8010,0.6397
im_0539_s95_a04,12.8773,0.6814
im_0539_s95_a05,14.9505,0.7232
im_0539_s95_a06,14.9310,0.7032
im_0540_s100_a04,19.4422,0.7473
im_0540_s100_a05,17.3057,0.7540
im_0540_s100_a06,18.3927,0.6422
im_0540_s80_a04,13.7563,0.6613
im_0540_s80_a05,19.5002,0.7123
im_0540_s80_a06,17.7078,0.6311
im_0540_s85_a04,17.9950,0.6029
im_0540_s85_a05,14.7956,0.6277
im_0540_s85_a06,19.4889,0.7381
im_0540_s90_a04,16.8341,0.7061
im_0540_s90_a05,19.7400,0.6939
im_0540_s90_a06,15.2383,0.5501
im_0540_s95_a04,17.0069,0.6524
im_0540_s95_a05,20.0088,0.7329
im_0540_s95_a06,18.6258,0.6875
im_0541_s100_a04,17.3325,0.7428
im_0541_s100_a05,16.1306,0.6591
im_0541_s100_a06,15.4870,0.6799
im_0541_s80_a04,15.7235,0.6657
im_0541_s80_a05,16.1459,0.7105
im_0541_s80_a06,15.1748,0.7014
im_0541_s85_a04,12.5650,0.6297
im_0541_s85_a05,14.4077,0.6677
im_0541_s85_a06,17.7930,0.7283
im_0541_s90_a04,14.4410,0.6718
im_0541_s90_a05,14.2299,0.5971
im_0541_s90_a06,16.7521,0.7078
im_0541_s95_a04,16.1698,0.7148
im_0541_s95_a05,14.9367,0.6863
im_0541_s95_a06,13.9440,0.6222
im_0542_s100_a04,7.6351,0.4566
im_0542_s100_a05,16.9932,0.5289
im_0542_s100_a06,11.9139,0.4994
im_0542_s80_a04,11.7484,0.4563
im_0542_s80_a05,17.2398,0.5745
im_0542_s80_a06,10.3836,0.4934
im_0542_s85_a04,14.3580,0.4929
im_0542_s85_a05,13.9315,0.4543
im_0542_s85_a06,13.1584,0.4672
im_0542_s90_a04,10.8757,0.4853
im_0542_s90_a05,8.2597,0.4819
im_0542_s90_a06,10.3252,0.4827
im_0542_s95_a04,17.1060,0.5961
im_0542_s95_a05,8.2607,0.3968
im_0542_s95_a06,13.7262,0.5265
im_0543_s100_a04,11.6443,0.6558
im_0543_s100_a05,11.8663,0.5705
im_0543_s100_a06,12.0042,0.5962
im_0543_s80_a04,13.0439,0.5931
im_0543_s80_a05,15.5186,0.6472
im_0543_s80_a06,14.0951,0.6338
im_0543_s85_a04,14.0059,0.6312
im_0543_s85_a05,15.3159,0.6004
im_0543_s85_a06,14.8729,0.6141
im_0543_s90_a04,14.4370,0.5644
im_0543_s90_a05,13.6559,0.6143
im_0543_s90_a06,14.0814,0.5488
im_0543_s95_a04,12.3979,0.5798
im_0543_s95_a05,12.5808,0.5799
im_0543_s95_a06,13.8647,0.6084
im_0544_s100_a04,16.9052,0.6025
im_0544_s100_a05,16.5023,0.6583
im_0544_s100_a06,14.2907,0.6219
im_0544_s80_a04,18.4138,0.7062
im_0544_s80_a05,15.8772,0.7491
im_0544_s80_a06,17.5175,0.6671
im_0544_s85_a04,12.8841,0.6157
im_0544_s85_a05,18.4464,0.7867
im_0544_s85_a06,13.5505,0.6277
im_0544_s90_a04,15.9029,0.6895
im_0544_s90_a05,13.1526,0.5887
im_0544_s90_a06,17.7313,0.6030
im_0544_s95_a04,17.3652,0.7611
im_0544_s95_a05,19.0244,0.7044
im_0544_s95_a06,19.3037,0.6815
im_0545_s100_a04,16.8428,0.4914
im_0545_s100_a05,11.1097,0.5229
im_0545_s100_a06,14.7679,0.4964
im_0545_s80_a04,7.9557,0.4316
im_0545_s80_a05,15.3261,0.4670
im_0545_s80_a06,10.5501,0.4897
im_0545_s85_a04,17.2174,0.4706
im_0545_s85_a05,15.0075,0.5807
im_0545_s85_a06,10.9359,0.5293
im_0545_s90_a04,12.5451,0.5153
im_0545_s90_a05,15.9275,0.4841
im_0545_s90_a06,8.2035,0.4845
im_0545_s95_a04,8.9995,0.5163
im_0545_s95_a05,16.9394,0.5013
im_0545_s95_a06,15.5983,0.4828
im_0546_s100_a04,18.8944,0.6603
im_0546_s100_a05,13.8997,0.4730
im_0546_s100_a06,16.0865,0.6243
im_0546_s80_a04,13.0707,0.6625
im_0546_s80_a05,16.6956,0.5501
im_0546_s80_a06,17.2539,0.6321
im_0546_s85_a04,17.3778,0.6727
im_0546_s85_a05,16.4957,0.6284
im_0546_s85_a06,10.9838,0.5960
im_0546_s90_a04,14.5299,0.6150
im_0546_s90_a05,12.7592,0.5228
im_0546_s90_a06,14.2984,0.5330
im_0546_s95_a04,13.5339,0.4579
im_0546_s95_a05,17.5709,0.6819
im_0546_s95_a06,18.6084,0.7194
im_0547_s100_a04,19.1105,0.6604
im_0547_s100_a05,13.7884,0.3960
im_0547_s100_a06,7.4263,0.4206
im_0547_s80_a04,8.5299,0.4866
im_0547_s80_a05,17.8225,0.5543
im_0547_s80_a06,17.3626,0.5205
im_0547_s85_a04,9.6859,0.5244
im_0547_s85_a05,18.4650,0.6511
im_0547_s85_a06,16.4146,0.5456
im_0547_s90_a04,16.5818,0.4628
im_0547_s90_a05,9.4829,0.5160
im_0547_s90_a06,17.7552,0.4734
im_0547_s95_a04,17.1182,0.6369
im_0547_s95_a05,10.4212,0.4307
im_0547_s95_a06,10.2468,0.5770
im_0548_s100_a04,12.6842,0.4172
im_0548_s100_a05,14.5643,0.3233
im_0548_s100_a06,7.8663,0.4808
im_0548_s80_a04,17.8928,0.4564
im_0548_s80_a05,8.8199,0.3735
im_0548_s80_a06,12.0648,0.4147
im_0548_s85_a04,18.2378,0.4966
im_0548_s85_a05,18.1313,0.4584
im_0548_s85_a06,16.5913,0.5667
im_0548_s90_a04,16.5776,0.3807
im_0548_s90_a05,16.5754,0.3058
im_0548_s90_a06,14.5873,0.3810
im_0548_s95_a04,14.1480,0.4027
im_0548_s95_a05,16.8245,0.4092
im_0548_s95_a06,17.2462,0.4604
im_0549_s100_a04,14.0438,0.6022
im_0549_s100_a05,12.5759,0.4799
im_0549_s100_a06,13.8134,0.6873
im_0549_s80_a04,13.4375,0.7346
im_0549_s80_a05,13.1359,0.6631
im_0549_s80_a06,12.2324,0.6154
im_0549_s85_a04,12.8808,0.6343
im_0549_s85_a05,13.2284,0.5766
im_0549_s85_a06,10.9736,0.5633
im_0549_s90_a04,9.0898,0.5191
im_0549_s90_a05,9.1271,0.4850
im_0549_s90_a06,12.5486,0.5996
im_0549_s95_a04,14.1348,0.6581
im_0549_s95_a05,15.2760,0.6397
im_0549_s95_a06,13.9751,0.6173
im_0550_s100_a04,15.0459,0.4429
im_0550_s100_a05,14.5542,0.5473
im_0550_s100_a06,14.9979,0.4652
im_0550_s80_a04,10.5387,0.5593
im_0550_s80_a05,17.1154,0.5595
im_0550_s80_a06,11.2832,0.5149
im_0550_s85_a04,13.5978,0.5654
im_0550_s85_a05,16.1249,0.5296
im_0550_s85_a06,15.9474,0.4383
im_0550_s90_a04,15.3663,0.4622
im_0550_s90_a05,13.9617,0.4992
im_0550_s90_a06,15.4624,0.4744
im_0550_s95_a04,10.5496,0.5289
im_0550_s95_a05,15.6550,0.4869
im_0550_s95_a06,15.8750,0.4917
im_0551_s100_a04,10.0533,0.6302
im_0551_s100_a05,15.5622,0.7243
im_0551_s100_a06,10.9458,0.6823
im_0551_s80_a04,11.2748,0.6220
im_0551_s80_a05,13.1154,0.7395
im_0551_s80_a06,11.3449,0.5742
im_0551_s85_a04,15.4030,0.7153
im_0551_s85_a05,15.1933,0.7020
im_0551_s85_a06,13.0196,0.7253
im_0551_s90_a04,16.6902,0.7629
im_0551_s90_a05,10.3567,0.6314
im_0551_s90_a06,11.3661,0.6092
im_0551_s95_a04,15.5427,0.7625
im_0551_s95_a05,15.4569,0.7193
im_0551_s95_a06,15.5075,0.7708
im_0552_s100_a04,11.2014,0.5339
im_0552_s100_a05,15.5385,0.6068
im_0552_s100_a06,14.6276,0.6041
im_0552_s80_a04,10.8584,0.4676
im_0552_s80_a05,18.0726,0.5517
im_0552_s80_a06,18.2067,0.5730
im_0552_s85_a04,11.9552,0.5325
im_0552_s85_a05,16.2481,0.6114
im_0552_s85_a06,10.3478,0.5248
im_0552_s90_a04,19.5790,0.5716
im_0552_s90_a05,10.0375,0.4849
im_0552_s90_a06,11.6344,0.5563
im_0552_s95_a04,13.8140,0.5654
im_0552_s95_a05,19.8288,0.6821
im_0552_s95_a06,19.0946,0.6868
im_0553_s100_a04,17.0707,0.6380
im_0553_s100_a05,16.0860,0.7140
im_0553_s100_a06,16.3047,0.7329
im_0553_s80_a04,12.8845,0.5753
im_0553_s80_a05,12.6070,0.6289
im_0553_s80_a06,16.5241,0.5545
im_0553_s85_a04,12.9295,0.6816
im_0553_s85_a05,14.6133,0.6285
im_0553_s85_a06,12.9150,0.5903
im_0553_s90_a04,14.4250,0.6268
im_0553_s90_a05,16.0377,0.5380
im_0553_s90_a06,14.4099,0.5666
im_0553_s95_a04,15.0558,0.7130
im_0553_s95_a05,14.4116,0.5765
im_0553_s95_a06,15.6306,0.6141
im_0554_s100_a04,15.5303,0.7333
im_0554_s100_a05,11.5329,0.5494
im_0554_s100_a06,16.1136,0.5813
im_0554_s80_a04,17.6514,0.7135
im_0554_s80_a05,15.9978,0.6874
im_0554_s80_a06,14.7217,0.6974
im_0554_s85_a04,14.4149,0.5862
im_0554_s85_a05,15.2771,0.5932
im_0554_s85_a06,14.1712,0.6552
im_0554_s90_a04,15.6443,0.6637
im_0554_s90_a05,15.4959,0.5952
im_0554_s90_a06,13.9531,0.5635
im_0554_s95_a04,13.2242,0.6019
im_0554_s95_a05,16.8360,0.7198
im_0554_s95_a06,12.2227,0.6177
im_0555_s100_a04,10.6531,0.5467
im_0555_s100_a05,13.2561,0.5673
im_0555_s100_a06,12.5976,0.6556
im_0555_s80_a04,15.8149,0.5334
im_0555_s80_a05,16.2503,0.5923
im_0555_s80_a06,10.7259,0.5594
im_0555_s85_a04,17.3219,0.6002
im_0555_s85_a05,13.4681,0.6474
im_0555_s85_a06,14.3283,0.5786
im_0555_s90_a04,14.2014,0.5337
im_0555_s90_a05,15.0776,0.6055
im_0555_s90_a06,17.6243,0.6258
im_0555_s95_a04,17.4631,0.6470
im_0555_s95_a05,16.0505,0.6920
im_0555_s95_a06,18.2688,0.6879
im_0556_s100_a04,13.8266,0.5994
im_0556_s100_a05,10.8903,0.4589
im_0556_s100_a06,12.0255,0.5622
im_0556_s80_a04,13.6329,0.5987
im_0556_s80_a05,11.0093,0.5023
im_0556_s80_a06,12.8037,0.6558
im_0556_s85_a04,13.1201,0.5403
im_0556_s85_a05,11.2253,0.5199
im_0556_s85_a06,13.2239,0.5583
im_0556_s90_a04,12.7592,0.5643
im_0556_s90_a05,13.1342,0.5407
im_0556_s90_a06,13.8347,0.5421
im_0556_s95_a04,13.6414,0.5459
im_0556_s95_a05,12.7465,0.5376
im_0556_s95_a06,14.2955,0.6139
im_0557_s100_a04,8.9730,0.3612
im_0557_s100_a05,11.0895,0.3929
im_0557_s100_a06,10.7975,0.3804
im_0557_s80_a04,9.1767,0.3943
im_0557_s80_a05,11.6495,0.3883
im_0557_s80_a06,11.2127,0.4068
im_0557_s85_a04,11.2888,0.3821
im_0557_s85_a05,12.6863,0.4144
im_0557_s85_a06,12.5480,0.3789
im_0557_s90_a04,14.0441,0.4074
im_0557_s90_a05,16.7085,0.4965
im_0557_s90_a06,13.3032,0.3560
im_0557_s95_a04,12.0670,0.3947
im_0557_s95_a05,8.9992,0.4205
im_0557_s95_a06,8.5488,0.3658
im_0558_s100_a04,11.2451,0.4526
im_0558_s100_a05,10.1250,0.4455
im_0558_s100_a06,15.4712,0.6196
im_0558_s80_a04,16.7950,0.5420
im_0558_s80_a05,14.5872,0.5923
im_0558_s80_a06,10.0941,0.4674
im_0558_s85_a04,15.1371,0.4802
im_0558_s85_a05,14.6197,0.5000
im_0558_s85_a06,12.9736,0.4601
im_0558_s90_a04,9.5811,0.4166
im_0558_s90_a05,16.5050,0.5530
im_0558_s90_a06,16.2307,0.5492
im_0558_s95_a04,15.5750,0.6009
im_0558_s95_a05,13.6237,0.5905
im_0558_s95_a06,12.3530,0.4375
im_0559_s100_a04,15.6322,0.5878
im_0559_s100_a05,11.8586,0.5136
im_0559_s100_a06,17.3546,0.7154
im_0559_s80_a04,15.8362,0.5536
im_0559_s80_a05,16.3815,0.6840
im_0559_s80_a06,12.7954,0.6163
im_0559_s85_a04,16.5177,0.6860
im_0559_s85_a05,16.0542,0.7070
im_0559_s85_a06,16.3083,0.5981
im_0559_s90_a04,10.7776,0.5141
im_0559_s90_a05,13.7385,0.6368
im_0559_s90_a06,14.4229,0.6278
im_0559_s95_a04,10.7569,0.4831
im_0559_s95_a05,15.7839,0.6332
im_0559_s95_a06,16.0607,0.6559
im_0560_s100_a04,9.7982,0.4919
im_0560_s100_a05,17.6087,0.6373
im_0560_s100_a06,11.7233,0.4590
im_0560_s80_a04,14.8408,0.5371
im_0560_s80_a05,19.4106,0.6611
im_0560_s80_a06,9.0300,0.4597
im_0560_s85_a04,16.5075,0.6016
im_0560_s85_a05,16.0638,0.5128
im_0560_s85_a06,7.8839,0.4567
im_0560_s90_a04,16.8012,0.5523
im_0560_s90_a05,8.6802,0.4997
im_0560_s90_a06,18.5394,0.5278
im_0560_s95_a04,11.2383,0.4581
im_0560_s95_a05,16.7979,0.6034
im_0560_s95_a06,11.1176,0.5325
im_0561_s100_a04,18.9537,0.6588
im_0561_s100_a05,13.4849,0.5565
im_0561_s100_a06,17.6976,0.6265
im_0561_s80_a04,17.3177,0.6066
im_0561_s80_a05,15.1096,0.5973
im_0561_s80_a06,18.9637,0.6367
im_0561_s85_a04,12.8335,0.5470
im_0561_s85_a05,15.2385,0.6200
im_0561_s85_a06,10.6435,0.4917
im_0561_s90_a04,17.4128,0.5968
im_0561_s90_a05,13.0386,0.5832
im_0561_s90_a06,18.2137,0.7040
im_0561_s95_a04,18.6935,0.6924
im_0561_s95_a05,18.6234,0.6644
im_0561_s95_a06,19.0567,0.7010
im_0562_s100_a04,8.2892,0.4528
im_0562_s100_a05,17.9875,0.5643
im_0562_s100_a06,9.7101,0.4666
im_0562_s80_a04,11.3814,0.5644
im_0562_s80_a05,11.4766,0.5295
im_0562_s80_a06,18.2978,0.4890
im_0562_s85_a04,8.8755,0.5077
im_0562_s85_a05,13.8514,0.6109
im_0562_s85_a06,16.3201,0.5743
im_0562_s90_a04,9.3074,0.5176
im_0562_s90_a05,17.4394,0.6401
im_0562_s90_a06,8.3875,0.3938
im_0562_s95_a04,13.9912,0.6435
im_0562_s95_a05,8.7879,0.4728
im_0562_s95_a06,9.4865,0.4686
im_0563_s100_a04,9.8371,0.4778
im_0563_s100_a05,18.7416,0.6065
im_0563_s100_a06,10.2945,0.4696
im_0563_s80_a04,9.2494,0.3848
im_0563_s80_a05,11.9743,0.4623
im_0563_s80_a06,13.5665,0.4256
im_0563_s85_a04,15.3057,0.5839
im_0563_s85_a05,18.4040,0.5579
im_0563_s85_a06,16.4005,0.5928
im_0563_s90_a04,12.9588,0.5718
im_0563_s90_a05,18.3564,0.6131
im_0563_s90_a06,9.8035,0.4432
im_0563_s95_a04,15.2566,0.5782
im_0563_s95_a05,15.1802,0.5613
im_0563_s95_a06,11.0754,0.4488
im_0564_s100_a04,12.8533,0.5503
im_0564_s100_a05,10.9828,0.4590
im_0564_s100_a06,14.9883,0.6445
im_0564_s80_a04,15.1259,0.5518
im_0564_s80_a05,11.6585,0.5194
im_0564_s80_a06,11.1398,0.4860
im_0564_s85_a04,9.6158,0.4729
im_0564_s85_a05,14.5675,0.5124
im_0564_s85_a06,15.8066,0.6259
im_0564_s90_a04,15.0221,0.5498
im_0564_s90_a05,15.7535,0.6174
im_0564_s90_a06,12.2173,0.5358
im_0564_s95_a04,14.7803,0.6100
im_0564_s95_a05,14.6274,0.5462
im_0564_s95_a06,10.3035,0.5219
im_0565_s100_a04,12.6888,0.4757
im_0565_s100_a05,12.2030,0.5116
im_0565_s100_a06,11.7844,0.4323
im_0565_s80_a04,13.6430,0.5947
im_0565_s80_a05,12.0497,0.5932
im_0565_s80_a06,14.6200,0.5870
im_0565_s85_a04,12.6573,0.5670
im_0565_s85_a05,12.0615,0.5552
im_0565_s85_a06,10.6142,0.4955
im_0565_s90_a04,10.8491,0.4807
im_0565_s90_a05,9.7024,0.5012
im_0565_s90_a06,9.6265,0.4115
im_0565_s95_a04,10.1445,0.4917
im_0565_s95_a05,11.8165,0.5070
im_0565_s95_a06,15.4341,0.5972
im_0566_s100_a04,12.8647,0.4423
im_0566_s100_a05,11.1613,0.5240
im_0566_s100_a06,12.6892,0.5400
im_0566_s80_a04,13.0689,0.4891
im_0566_s80_a05,14.8045,0.4087
im_0566_s80_a06,9.6645,0.4558
im_0566_s85_a04,12.4330,0.4346
im_0566_s85_a05,10.3649,0.4885
im_0566_s85_a06,12.7349,0.4161
im_0566_s90_a04,13.4957,0.4860
im_0566_s90_a05,11.2882,0.5335
im_0566_s90_a06,12.5396,0.3537
im_0566_s95_a04,13.4374,0.4947
im_0566_s95_a05,16.2774,0.5496
im_0566_s95_a06,10.7665,0.4710
im_0567_s100_a04,16.6060,0.5979
im_0567_s100_a05,13.6521,0.6476
im_0567_s100_a06,16.8421,0.6697
im_0567_s80_a04,15.9252,0.6306
im_0567_s80_a05,16.2755,0.6480
im_0567_s80_a06,16.2446,0.6012
im_0567_s85_a04,15.8637,0.5905
im_0567_s85_a05,16.3915,0.7075
im_0567_s85_a06,11.3688,0.5793
im_0567_s90_a04,14.8909,0.6014
im_0567_s90_a05,11.0912,0.5814
im_0567_s90_a06,15.1048,0.5989
im_0567_s95_a04,14.3445,0.5800
im_0567_s95_a05,16.1723,0.5948
im_0567_s95_a06,16.4180,0.7178
im_0568_s100_a04,21.0157,0.6083
im_0568_s100_a05,23.7537,0.5789
im_0568_s100_a06,10.8635,0.5844
im_0568_s80_a04,15.9711,0.5106
im_0568_s80_a05,10.2464,0.5707
im_0568_s80_a06,22.7876,0.4942
im_0568_s85_a04,9.7177,0.5590
im_0568_s85_a05,9.7858,0.5966
im_0568_s85_a06,10.2955,0.4394
im_0568_s90_a04,9.1568,0.5226
im_0568_s90_a05,20.9479,0.3323
im_0568_s90_a06,9.8486,0.5125
im_0568_s95_a04,9.0154,0.6130
im_0568_s95_a05,18.0124,0.3940
im_0568_s95_a06,9.5343,0.5427
im_0569_s100_a04,17.0380,0.6980
im_0569_s100_a05,16.4947,0.6478
im_0569_s100_a06,12.3735,0.5424
im_0569_s80_a04,17.6391,0.7338
im_0569_s80_a05,12.2912,0.6356
im_0569_s80_a06,13.0094,0.5634
im_0569_s85_a04,14.0014,0.6275
im_0569_s85_a05,18.2874,0.6940
im_0569_s85_a06,12.9209,0.6637
im_0569_s90_a04,12.2902,0.6212
im_0569_s90_a05,16.4911,0.6646
im_0569_s90_a06,14.2005,0.6240
im_0569_s95_a04,12.0494,0.5839
im_0569_s95_a05,14.9337,0.6223
im_0569_s95_a06,11.8306,0.6105
im_0570_s100_a04,11.6820,0.7020
im_0570_s100_a05,7.8302,0.6059
im_0570_s100_a06,8.6928,0.6173
im_0570_s80_a04,11.1274,0.6221
im_0570_s80_a05,7.4844,0.5569
im_0570_s80_a06,10.5854,0.6704
im_0570_s85_a04,13.8054,0.6700
im_0570_s85_a05,13.3090,0.6834
im_0570_s85_a06,6.8253,0.5274
im_0570_s90_a04,13.8622,0.6922
im_0570_s90_a05,14.2591,0.7275
im_0570_s90_a06,9.0579,0.6136
im_0570_s95_a04,12.2911,0.7079
im_0570_s95_a05,7.2349,0.5334
im_0570_s95_a06,8.5128,0.6132
im_0571_s100_a04,10.9475,0.5627
im_0571_s100_a05,9.5444,0.6523
im_0571_s100_a06,12.7243,0.6287
im_0571_s80_a04,11.4146,0.5733
im_0571_s80_a05,8.7813,0.5115
im_0571_s80_a06,11.2545,0.6707
im_0571_s85_a04,13.6250,0.6684
im_0571_s85_a05,12.0015,0.6369
im_0571_s85_a06,10.4819,0.5642
im_0571_s90_a04,10.0831,0.5369
im_0571_s90_a05,10.1893,0.6115
im_0571_s90_a06,12.9265,0.5782
im_0571_s95_a04,10.4679,0.6563
im_0571_s95_a05,9.1260,0.6827
im_0571_s95_a06,10.0778,0.6064
im_0572_s100_a04,12.2218,0.5455
im_0572_s100_a05,12.5954,0.4577
im_0572_s100_a06,15.9890,0.5238
im_0572_s80_a04,8.2068,0.4174
im_0572_s80_a05,15.6068,0.5433
im_0572_s80_a06,17.3002,0.6300
im_0572_s85_a04,12.8161,0.5454
im_0572_s85_a05,11.9841,0.5243
im_0572_s85_a06,16.1447,0.5647
im_0572_s90_a04,9.8362,0.4592
im_0572_s90_a05,15.5050,0.5930
im_0572_s90_a06,14.2222,0.4268
im_0572_s95_a04,16.2583,0.5992
im_0572_s95_a05,9.1126,0.5360
im_0572_s95_a06,9.3909,0.4403
im_0573_s100_a04,13.3932,0.6051
im_0573_s100_a05,12.3704,0.4729
im_0573_s100_a06,12.2304,0.6008
im_0573_s80_a04,13.9629,0.5014
im_0573_s80_a05,15.8028,0.6410
im_0573_s80_a06,13.1482,0.5625
im_0573_s85_a04,20.2258,0.6828
im_0573_s85_a05,11.6592,0.4641
im_0573_s85_a06,11.9119,0.6041
im_0573_s90_a04,17.3998,0.5317
im_0573_s90_a05,17.6958,0.5260
im_0573_s90_a06,14.4729,0.5568
im_0573_s95_a04,17.2764,0.5504
im_0573_s95_a05,17.3897,0.6684
im_0573_s95_a06,13.6327,0.5379
im_0574_s100_a04,20.3871,0.7368
im_0574_s100_a05,17.9373,0.6815
im_0574_s100_a06,18.7339,0.7015
im_0574_s80_a04,12.5847,0.5391
im_0574_s80_a05,18.4462,0.6685
im_0574_s80_a06,14.9054,0.5863
im_0574_s85_a04,16.4196,0.6587
im_0574_s85_a05,16.6257,0.6451
im_0574_s85_a06,13.1474,0.5167
im_0574_s90_a04,14.9979,0.5403
im_0574_s90_a05,12.7129,0.5841
im_0574_s90_a06,15.9524,0.5910
im_0574_s95_a04,16.5429,0.5596
im_0574_s95_a05,12.2087,0.5452
im_0574_s95_a06,16.0229,0.5791
im_0575_s100_a04,11.1818,0.5948
im_0575_s100_a05,18.2724,0.7201
im_0575_s100_a06,12.1231,0.6166
im_0575_s80_a04,17.3132,0.6784
im_0575_s80_a05,17.1574,0.6690
im_0575_s80_a06,17.4487,0.6643
im_0575_s85_a04,17.8882,0.6251
im_0575_s85_a05,12.2011,0.6206
im_0575_s85_a06,17.4086,0.7227
im_0575_s90_a04,11.8835,0.5812
im_0575_s90_a05,13.9256,0.6452
im_0575_s90_a06,11.0191,0.5128
im_0575_s95_a04,17.3895,0.6002
im_0575_s95_a05,17.8114,0.7236
im_0575_s95_a06,14.2877,0.5367
im_0576_s100_a04,12.1136,0.5543
im_0576_s100_a05,15.7506,0.5226
im_0576_s100_a06,8.2120,0.4148
im_0576_s80_a04,12.0996,0.5548
im_0576_s80_a05,15.3961,0.4545
im_0576_s80_a06,13.6795,0.5418
im_0576_s85_a04,10.2354,0.4720
im_0576_s85_a05,14.8925,0.4789
im_0576_s85_a06,15.2672,0.5668
im_0576_s90_a04,14.4348,0.4230
im_0576_s90_a05,11.9990,0.5147
im_0576_s90_a06,10.4844,0.4543
im_0576_s95_a04,7.3493,0.4129
im_0576_s95_a05,14.9833,0.5644
im_0576_s95_a06,8.8559,0.4617
im_0577_s100_a04,16.4693,0.5934
im_0577_s100_a05,18.1528,0.6534
im_0577_s100_a06,10.5363,0.5248
im_0577_s80_a04,15.4570,0.5096
im_0577_s80_a05,16.6123,0.5481
im_0577_s80_a06,18.0229,0.6120
im_0577_s85_a04,12.1068,0.5755
im_0577_s85_a05,8.5367,0.5078
im_0577_s85_a06,18.7756,0.6206
im_0577_s90_a04,18.9595,0.6625
im_0577_s90_a05,18.4074,0.6125
im_0577_s90_a06,18.6181,0.6164
im_0577_s95_a04,17.7615,0.5841
im_0577_s95_a05,17.8733,0.7356
im_0577_s95_a06,18.5780,0.6473
im_0578_s100_a04,14.1092,0.5782
im_0578_s100_a05,16.8561,0.6435
im_0578_s100_a06,11.2574,0.5975
im_0578_s80_a04,19.9136,0.7073
im_0578_s80_a05,13.4494,0.6126
im_0578_s80_a06,21.6163,0.7738
im_0578_s85_a04,12.0692,0.6480
im_0578_s85_a05,18.5332,0.5771
im_0578_s85_a06,13.8615,0.5886
im_0578_s90_a04,10.3449,0.5824
im_0578_s90_a05,12.3862,0.6273
im_0578_s90_a06,12.2029,0.5383
im_0578_s95_a04,19.1771,0.6488
im_0578_s95_a05,20.6764,0.7440
im_0578_s95_a06,18.1586,0.6944
im_0579_s100_a04,8.9215,0.3995
im_0579_s100_a05,8.4120,0.4390
im_0579_s100_a06,11.1828,0.4476
im_0579_s80_a04,13.1594,0.4671
im_0579_s80_a05,15.0205,0.5686
im_0579_s80_a06,8.7182,0.4141
im_0579_s85_a04,16.4389,0.5297
im_0579_s85_a05,14.0313,0.5190
im_0579_s85_a06,16.1024,0.5466
im_0579_s90_a04,13.1937,0.4128
im_0579_s90_a05,16.5428,0.5676
im_0579_s90_a06,16.5787,0.5794
im_0579_s95_a04,9.7327,0.4825
im_0579_s95_a05,12.7740,0.5338
im_0579_s95_a06,15.6390,0.4882
im_0580_s100_a04,17.0410,0.7062
im_0580_s100_a05,15.6772,0.6027
im_0580_s100_a06,16.4046,0.6581
im_0580_s80_a04,13.0229,0.5704
im_0580_s80_a05,17.5050,0.7344
im_0580_s80_a06,16.5293,0.6043
im_0580_s85_a04,16.3337,0.6732
im_0580_s85_a05,16.6587,0.6733
im_0580_s85_a06,16.4888,0.6339
im_0580_s90_a04,16.7971,0.6138
im_0580_s90_a05,16.5412,0.6815
im_0580_s90_a06,10.9655,0.5557
im_0580_s95_a04,14.4804,0.5671
im_0580_s95_a05,10.6735,0.5094
im_0580_s95_a06,16.2278,0.6406
im_0581_s100_a04,12.3017,0.6170
im_0581_s100_a05,15.4470,0.5608
im_0581_s100_a06,15.1163,0.5053
im_0581_s80_a04,15.4279,0.5073
im_0581_s80_a05,10.9171,0.4898
im_0581_s80_a06,12.1815,0.4941
im_0581_s85_a04,15.3092,0.5601
im_0581_s85_a05,15.0892,0.5762
im_0581_s85_a06,13.4056,0.6022
im_0581_s90_a04,11.2452,0.4940
im_0581_s90_a05,12.1201,0.6327
im_0581_s90_a06,10.6373,0.4952
im_0581_s95_a04,10.6961,0.5254
im_0581_s95_a05,13.0068,0.5862
im_0581_s95_a06,15.3309,0.5563
im_0582_s100_a04,15.5249,0.5146
im_0582_s100_a05,14.5417,0.5840
im_0582_s100_a06,17.5567,0.6315
im_0582_s80_a04,14.2984,0.5262
im_0582_s80_a05,15.8387,0.5298
im_0582_s80_a06,15.7841,0.6111
im_0582_s85_a04,16.6871,0.6267
im_0582_s85_a05,16.5049,0.5726
im_0582_s85_a06,16.9089,0.6304
im_0582_s90_a04,17.8610,0.6157
im_0582_s90_a05,16.3919,0.6174
im_0582_s90_a06,14.1656,0.5274
im_0582_s95_a04,14.7748,0.5775
im_0582_s95_a05,14.0138,0.5488
im_0582_s95_a06,17.5957,0.6475
im_0583_s100_a04,12.6797,0.5768
im_0583_s100_a05,17.9679,0.7101
im_0583_s100_a06,15.8501,0.6014
im_0583_s80_a04,13.5781,0.7113
im_0583_s80_a05,15.0109,0.7161
im_0583_s80_a06,13.9982,0.6535
im_0583_s85_a04,14.2069,0.6752
im_0583_s85_a05,18.8032,0.6796
im_0583_s85_a06,15.3528,0.6037
im_0583_s90_a04,17.4489,0.5796
im_0583_s90_a05,14.0040,0.5824
im_0583_s90_a06,11.1872,0.5537
im_0583_s95_a04,15.5026,0.6479
im_0583_s95_a05,19.0576,0.7538
im_0583_s95_a06,16.9995,0.6962
im_0584_s100_a04,12.9309,0.6165
im_0584_s100_a05,15.9776,0.7241
im_0584_s100_a06,14.1923,0.6297
im_0584_s80_a04,18.3341,0.7002
im_0584_s80_a05,17.2922,0.7151
im_0584_s80_a06,12.7797,0.6037
im_0584_s85_a04,14.6628,0.6687
im_0584_s85_a05,15.3919,0.6600
im_0584_s85_a06,15.2189,0.6564
im_0584_s90_a04,17.9359,0.6210
im_0584_s90_a05,15.6936,0.6211
im_0584_s90_a06,14.6667,0.6419
im_0584_s95_a04,14.5849,0.6488
im_0584_s95_a05,15.8108,0.6470
im_0584_s95_a06,17.8329,0.7419
im_0585_s100_a04,14.0114,0.6348
im_0585_s100_a05,13.8180,0.4543
im_0585_s100_a06,15.2800,0.6418
im_0585_s80_a04,16.2920,0.5706
im_0585_s80_a05,14.5562,0.4928
im_0585_s80_a06,16.3746,0.5946
im_0585_s85_a04,15.2566,0.5987
im_0585_s85_a05,11.1913,0.5290
im_0585_s85_a06,15.5136,0.5972
im_0585_s90_a04,12.0799,0.4818
im_0585_s90_a05,14.4156,0.5115
im_0585_s90_a06,13.0308,0.5618
im_0585_s95_a04,14.3165,0.4831
im_0585_s95_a05,11.7172,0.4945
im_0585_s95_a06,15.0463,0.6483
im_0586_s100_a04,18.5963,0.6773
im_0586_s100_a05,19.9481,0.6169
im_0586_s100_a06,21.1429,0.6835
im_0586_s80_a04,8.7729,0.5044
im_0586_s80_a05,18.4441,0.6816
im_0586_s80_a06,11.1185,0.5837
im_0586_s85_a04,10.1478,0.4985
im_0586_s85_a05,19.9885,0.6986
im_0586_s85_a06,10.0144,0.5212
im_0586_s90_a04,10.9993,0.4782
im_0586_s90_a05,18.9504,0.5978
im_0586_s90_a06,19.1002,0.5622
im_0586_s95_a04,20.1706,0.6293
im_0586_s95_a05,18.5772,0.5246
im_0586_s95_a06,19.3683,0.6460
im_0587_s100_a04,17.5215,0.5418
im_0587_s100_a05,10.4204,0.4315
im_0587_s100_a06,13.9200,0.4790
im_0587_s80_a04,17.0578,0.5792
im_0587_s80_a05,10.9266,0.5309
im_0587_s80_a06,9.4386,0.4576
im_0587_s85_a04,17.7146,0.5562
im_0587_s85_a05,17.3820,0.5884
im_0587_s85_a06,18.4874,0.5621
im_0587_s90_a04,19.0668,0.6141
im_0587_s90_a05,16.4390,0.5345
im_0587_s90_a06,18.0401,0.5444
im_0587_s95_a04,18.2956,0.5755
im_0587_s95_a05,12.5446,0.4906
im_0587_s95_a06,11.1713,0.5158
im_0588_s100_a04,11.5926,0.5442
im_0588_s100_a05,18.2404,0.6426
im_0588_s100_a06,19.2018,0.6167
im_0588_s80_a04,9.5998,0.4233
im_0588_s80_a05,17.3821,0.4886
im_0588_s80_a06,18.1328,0.5701
im_0588_s85_a04,11.5128,0.5024
im_0588_s85_a05,9.8688,0.4748
im_0588_s85_a06,18.9273,0.5842
im_0588_s90_a04,14.8629,0.5324
im_0588_s90_a05,10.1189,0.4426
im_0588_s90_a06,17.1212,0.5485
im_0588_s95_a04,9.7748,0.4501
im_0588_s95_a05,18.8749,0.6556
im_0588_s95_a06,10.7463,0.4594
im_0589_s100_a04,10.7166,0.5308
im_0589_s100_a05,9.6462,0.5279
im_0589_s100_a06,8.9431,0.5396
im_0589_s80_a04,15.3410,0.6058
im_0589_s80_a05,13.7579,0.5399
im_0589_s80_a06,12.9656,0.5754
im_0589_s85_a04,14.0368,0.5212
im_0589_s85_a05,17.2899,0.6799
im_0589_s85_a06,15.1701,0.6010
im_0589_s90_a04,10.1921,0.4820
im_0589_s90_a05,11.8255,0.5719
im_0589_s90_a06,9.4319,0.4760
im_0589_s95_a04,9.9144,0.5366
im_0589_s95_a05,8.9517,0.4937
im_0589_s95_a06,12.5864,0.4582
im_0590_s100_a04,17.0697,0.6565
im_0590_s100_a05,15.8721,0.6011
im_0590_s100_a06,14.0021,0.5018
im_0590_s80_a04,15.8496,0.6621
im_0590_s80_a05,15.8248,0.5818
im_0590_s80_a06,10.1771,0.5516
im_0590_s85_a04,11.8838,0.5596
im_0590_s85_a05,13.9094,0.6596
im_0590_s85_a06,16.4556,0.6576
im_0590_s90_a04,10.9291,0.5013
im_0590_s90_a05,15.4101,0.6135
im_0590_s90_a06,11.7369,0.5177
im_0590_s95_a04,14.7519,0.5959
im_0590_s95_a05,12.3808,0.5774
im_0590_s95_a06,17.4691,0.6756
im_0591_s100_a04,16.9571,0.7254
im_0591_s100_a05,16.4865,0.6273
im_0591_s100_a06,16.1897,0.6483
im_0591_s80_a04,16.2700,0.6180
im_0591_s80_a05,16.9045,0.6895
im_0591_s80_a06,14.7935,0.6765
im_0591_s85_a04,17.3073,0.6171
im_0591_s85_a05,17.5963,0.7006
im_0591_s85_a06,17.2635,0.7500
im_0591_s90_a04,16.4974,0.6580
im_0591_s90_a05,15.3756,0.5542
im_0591_s90_a06,16.5788,0.5975
im_0591_s95_a04,17.0554,0.6283
im_0591_s95_a05,16.0997,0.5776
im_0591_s95_a06,15.3408,0.7105
im_0592_s100_a04,18.4981,0.6678
im_0592_s100_a05,12.9830,0.5924
im_0592_s100_a06,12.3414,0.5946
im_0592_s80_a04,13.8615,0.5667
im_0592_s80_a05,14.3067,0.6521
im_0592_s80_a06,15.8609,0.5770
im_0592_s85_a04,12.6910,0.5816
im_0592_s85_a05,15.8213,0.6370
im_0592_s85_a06,18.0834,0.5853
im_0592_s90_a04,14.9408,0.5774
im_0592_s90_a05,17.0425,0.5429
im_0592_s90_a06,16.2189,0.6152
im_0592_s95_a04,18.0150,0.6170
im_0592_s95_a05,17.7213,0.6263
im_0592_s95_a06,11.4297,0.5766
im_0593_s100_a04,14.9313,0.5981
im_0593_s100_a05,15.2744,0.6337
im_0593_s100_a06,17.5664,0.6156
im_0593_s80_a04,18.1132,0.5983
im_0593_s80_a05,15.9677,0.6239
im_0593_s80_a06,10.0510,0.4828
im_0593_s85_a04,16.8403,0.5552
im_0593_s85_a05,12.9685,0.5682
im_0593_s85_a06,16.1364,0.5829
im_0593_s90_a04,16.3685,0.6154
im_0593_s90_a05,18.8771,0.5939
im_0593_s90_a06,18.0045,0.6007
im_0593_s95_a04,13.7836,0.5862
im_0593_s95_a05,18.0150,0.6582
im_0593_s95_a06,19.0043,0.7076
im_0594_s100_a04,15.4207,0.5817
im_0594_s100_a05,14.3689,0.5430
im_0594_s100_a06,16.7693,0.6203
im_0594_s80_a04,11.3869,0.4786
im_0594_s80_a05,16.0009,0.5143
im_0594_s80_a06,11.9772,0.5137
im_0594_s85_a04,10.2424,0.4684
im_0594_s85_a05,13.2933,0.6286
im_0594_s85_a06,16.0438,0.5480
im_0594_s90_a04,14.9283,0.5259
im_0594_s90_a05,14.0334,0.4950
im_0594_s90_a06,9.8205,0.5100
im_0594_s95_a04,11.6810,0.5232
im_0594_s95_a05,15.2027,0.5425
im_0594_s95_a06,15.1726,0.5268
im_0595_s100_a04,17.9003,0.7312
im_0595_s100_a05,17.4263,0.6292
im_0595_s100_a06,19.1016,0.6866
im_0595_s80_a04,12.1183,0.5962
im_0595_s80_a05,17.2066,0.5720
im_0595_s80_a06,17.3978,0.6224
im_0595_s85_a04,16.3568,0.6048
im_0595_s85_a05,10.7003,0.5720
im_0595_s85_a06,16.5498,0.5331
im_0595_s90_a04,12.1115,0.5711
im_0595_s90_a05,16.8289,0.5589
im_0595_s90_a06,17.7339,0.6167
im_0595_s95_a04,18.4293,0.6278
im_0595_s95_a05,10.7006,0.4985
im_0595_s95_a06,11.1747,0.5748
im_0596_s100_a04,20.0481,0.7386
im_0596_s100_a05,14.8099,0.5736
im_0596_s100_a06,18.6177,0.5425
im_0596_s80_a04,15.0234,0.5681
im_0596_s80_a05,12.1449,0.5183
im_0596_s80_a06,17.1198,0.6670
im_0596_s85_a04,17.0838,0.5782
im_0596_s85_a05,18.6124,0.6148
im_0596_s85_a06,11.3134,0.5066
im_0596_s90_a04,14.0547,0.5452
im_0596_s90_a05,18.6693,0.5203
im_0596_s90_a06,20.7467,0.6977
im_0596_s95_a04,19.4539,0.6313
im_0596_s95_a05,11.2442,0.5754
im_0596_s95_a06,11.3912,0.5854
im_0597_s100_a04,12.7902,0.6476
im_0597_s100_a05,16.0984,0.7178
im_0597_s100_a06,16.0656,0.6729
im_0597_s80_a04,15.0176,0.6869
im_0597_s80_a05,16.9076,0.7148
im_0597_s80_a06,17.4372,0.7071
im_0597_s85_a04,13.6378,0.6966
im_0597_s85_a05,14.1857,0.6617
im_0597_s85_a06,14.9904,0.6580
im_0597_s90_a04,15.9851,0.7041
im_0597_s90_a05,16.1151,0.6905
im_0597_s90_a06,13.2827,0.5883
im_0597_s95_a04,17.0438,0.6539
im_0597_s95_a05,17.3561,0.7412
im_0597_s95_a06,14.3985,0.6027
im_0598_s100_a04,13.9776,0.4338
im_0598_s100_a05,7.9759,0.4290
im_0598_s100_a06,10.9634,0.3634
im_0598_s80_a04,13.0819,0.4590
im_0598_s80_a05,13.1288,0.4391
im_0598_s80_a06,8.2381,0.3838
im_0598_s85_a04,14.1913,0.5669
im_0598_s85_a05,9.5770,0.4455
im_0598_s85_a06,13.3224,0.3969
im_0598_s90_a04,7.0156,0.3753
im_0598_s90_a05,14.4015,0.4659
im_0598_s90_a06,14.5194,0.4245
im_0598_s95_a04,12.6483,0.3636
im_0598_s95_a05,14.5483,0.5500
im_0598_s95_a06,14.3505,0.4765
im_0599_s100_a04,10.2745,0.4535
im_0599_s100_a05,13.6796,0.5108
im_0599_s100_a06,15.9720,0.6766
im_0599_s80_a04,18.0765,0.6131
im_0599_s80_a05,11.2627,0.5262
im_0599_s80_a06,16.2091,0.6435
im_0599_s85_a04,14.2087,0.5817
im_0599_s85_a05,16.6633,0.6451
im_0599_s85_a06,13.2263,0.5928
im_0599_s90_a04,17.2257,0.7354
im_0599_s90_a05,13.0956,0.4954
im_0599_s90_a06,15.6485,0.5454
im_0599_s95_a04,12.3758,0.5191
im_0599_s95_a05,16.5855,0.6615
im_0599_s95_a06,12.6638,0.5863
im_0600_s100_a04,11.4724,0.6271
im_0600_s100_a05,14.1144,0.6652
im_0600_s100_a06,11.0251,0.5922
im_0600_s80_a04,14.9711,0.6678
im_0600_s80_a05,15.0647,0.6469
im_0600_s80_a06,15.2851,0.6104
im_0600_s85_a04,13.6203,0.6459
im_0600_s85_a05,16.1615,0.6953
im_0600_s85_a06,14.8395,0.6574
im_0600_s90_a04,13.9608,0.6737
im_0600_s90_a05,15.1006,0.6504
im_0600_s90_a06,15.1555,0.6301
im_0600_s95_a04,14.2190,0.6495
im_0600_s95_a05,13.9845,0.6388
im_0600_s95_a06,15.3726,0.6977

Average,14.1200,0.5718
